,0
0,2.171468146097459
1,0.3778653892362547
2,0.27378252961993255
3,0.23916570477281873
4,0.22473973345484194
5,0.21356780225593985
6,0.21004288199880725
7,0.201910610810643
8,0.19656197171711998
9,0.18993476586428504
10,0.17916261016463664
11,0.16049666562975143
12,0.13899387794463985
13,0.11010430251853477
14,0.08327333986875218
15,0.06559919971580576
16,0.05229790070643953
17,0.03915667029710671
18,0.03397304093075229
19,0.03169721337221023
20,0.02718395236250637
21,0.027087918477180967
22,0.027967851410953225
23,0.028544183783749774
24,0.03075980824228614
25,0.029149372752154994
26,0.028018278866119004
27,0.025003035831852587
28,0.02523414400895599
29,0.02380586950459257
30,0.02365454496582568
31,0.02225704447507783
32,0.023436814759943293
33,0.021468479910216297
34,0.02310618508907826
35,0.02266896212308067
36,0.02172543975688441
37,0.022991715629908788
38,0.02152709458536338
39,0.023893215140039795
40,0.020814271852200097
41,0.021541857700697324
42,0.021645245147339835
43,0.02011853331727693
44,0.02239446658596902
45,0.02199415655082507
46,0.019143633297349832
47,0.019305903481824947
48,0.020441859148923457
49,0.021021505045681288
50,0.020248805082351756
51,0.02013295941801185
52,0.018070612136993805
53,0.018050496340853317
54,0.019051659136006684
55,0.019003775160684553
56,0.0174808132032203
57,0.017633464964573617
58,0.018739119087721023
59,0.018194757618043487
60,0.018507092380756367
61,0.018631319390065394
62,0.017952219474928543
63,0.016831317259549575
64,0.016477906790685715
65,0.015998757172539152
66,0.016692253479311244
67,0.017379962450042752
68,0.016737416563049418
69,0.016451218702980944
70,0.01601139323014239
71,0.016605859339990845
72,0.016319163145784212
73,0.016302966801890948
74,0.016815776729880563
75,0.015863770634737283
76,0.01579496005006895
77,0.015922563063330484
78,0.015808991973033974
79,0.016309457513995262
80,0.01605745794173025
81,0.015513647337833754
82,0.01671104454379872
83,0.01543989268468528
84,0.015636404132335576
85,0.015382106776006231
86,0.014674417109603516
87,0.013668415129613778
88,0.01434084866011753
89,0.01480505449672721
90,0.014625827112169573
91,0.01406346468083864
92,0.014454273657286309
93,0.014427627286306765
94,0.014546598105590614
95,0.015487611147527395
96,0.013590351177732232
97,0.014189909475571043
98,0.013977711623241114
99,0.013187072321452723
100,0.013942536063290378
101,0.013394936824494476
102,0.01417010106450495
103,0.014560990742769089
104,0.013109757416591756
105,0.014259813353961138
106,0.013288739955767365
107,0.013216167509825042
108,0.013858795188302114
109,0.014489519989265162
110,0.013407889815710214
111,0.013205906043739736
112,0.013885556954456814
113,0.013734555032971706
114,0.012957337489969113
115,0.01305781292496308
116,0.012711194751700895
117,0.013875265674186794
118,0.013595365983363946
119,0.01394938532592281
120,0.014007725886387146
121,0.015248757423572524
122,0.016120121945432508
123,0.012860983852742085
124,0.012555978316615894
125,0.013950255746766407
126,0.0133478355832489
127,0.012686995047840897
128,0.013839277487883559
129,0.013388424821677403
130,0.013349659953074144
131,0.013767989824203027
132,0.013306610836643883
133,0.014190866012771312
134,0.012389983736427947
135,0.012868938710087196
136,0.012361628952930867
137,0.012344677256366635
138,0.012441605262502837
139,0.012290231131436158
140,0.012015281817556976
141,0.011967442688764138
142,0.011955988708381948
143,0.011373932737863926
144,0.012721850246110378
145,0.012352258390353572
146,0.013575347370652323
147,0.012346255265264823
148,0.014247739691434454
149,0.013167741101490745
150,0.013379478654045287
151,0.013809660441671335
152,0.01260050363840719
153,0.012387881864329658
154,0.011564752257792344
155,0.011866138689167475
156,0.011728493214653616
157,0.012194020578688484
158,0.012413901863155292
159,0.01174035799549857
160,0.011620059189382753
161,0.012166082381739177
162,0.012553095173649647
163,0.012898947298755537
164,0.011993121329288568
165,0.011173804653835922
166,0.010357882742044813
167,0.012732842675041378
168,0.012663038561040523
169,0.013004101309598304
170,0.012379875992619348
171,0.010748369861618786
172,0.010551053894482635
173,0.011303145890427647
174,0.010326750566982405
175,0.011038155948914793
176,0.011580694259778219
177,0.010829700775391303
178,0.010500736932932499
179,0.013131864940198483
180,0.011975733023722316
181,0.011578010549545548
182,0.010773813827483013
183,0.011371956570718662
184,0.011935067469373438
185,0.0112692031449837
186,0.011227083974774999
187,0.011163667631668182
188,0.011227050242569245
189,0.01123580485783808
190,0.010887195321096992
191,0.010952914571660886
192,0.010932848416455906
193,0.010740549009008834
194,0.01075035568020924
195,0.010606712808953542
196,0.010521352379476483
197,0.010186588436718734
198,0.010447205603429337
199,0.010660668277892759
200,0.010929295564778639
201,0.00989707976856167
202,0.010605666449229766
203,0.010125675999880594
204,0.010050782400375406
205,0.00997751941391058
206,0.010165750722316472
207,0.011163420143901228
208,0.011281724885762201
209,0.010970921513411388
210,0.010282631425318631
211,0.010916604256139861
212,0.00986976294220896
213,0.010831734166857636
214,0.010844372343872078
215,0.009851468329025208
216,0.009813511193252753
217,0.01024700325235147
218,0.010526704364593974
219,0.010109403811743058
220,0.009385529263490271
221,0.011617650421613864
222,0.010932566579675234
223,0.010364585966770253
224,0.010055005948793688
225,0.010070091192895984
226,0.010114073793713046
227,0.010146496969617624
228,0.010252841601788635
229,0.011453613660432798
230,0.011032817774070294
231,0.010388569982248196
232,0.009908873033694105
233,0.009814711327582706
234,0.00965656389833228
235,0.00938150285993638
236,0.011471818928934728
237,0.011243256535370873
238,0.009464698689857273
239,0.0098059988855154
240,0.011388531709610884
241,0.009753105130765997
242,0.008586571515350847
243,0.00861863417174497
244,0.009894925071191309
245,0.01011620681933214
246,0.010304436367713055
247,0.010254170167372836
248,0.010073972433726902
249,0.011047745196064206
250,0.00995031877408657
251,0.009850976824783399
252,0.008636238575441161
253,0.008875683126808476
254,0.00888793194367656
255,0.01042101704287027
256,0.009568495087475168
257,0.009485860509896082
258,0.00973651700037479
259,0.009672914310474472
260,0.009719383271042409
261,0.009797376998873328
262,0.00866315795966153
263,0.00848127984503197
264,0.009741909366987033
265,0.010058954964219446
266,0.009734994339803736
267,0.009156754682281014
268,0.00864851459485983
269,0.008952674953858368
270,0.008609265029035572
271,0.00856496827071935
272,0.009046219010566358
273,0.008853427512836406
274,0.009249481561717652
275,0.009705341640076878
276,0.009781213024131031
277,0.009061706521991007
278,0.008911990263369257
279,0.008937954219926825
280,0.008049525326842959
281,0.008061401174761656
282,0.008546081703007698
283,0.008710850039347556
284,0.009169515786446487
285,0.009354694910208633
286,0.008774206429854672
287,0.008764680526975177
288,0.00845569229271033
289,0.009502234014799948
290,0.00968918896641479
291,0.008241058250270869
292,0.008834178569418765
293,0.008998850866489924
294,0.008973817191618012
295,0.00826218108768463
296,0.007964577012006068
297,0.008292754266290111
298,0.008848609034893038
299,0.008344325770939652
300,0.00891585712564549
301,0.00877091185964112
302,0.00790610912655835
303,0.009303284907015057
304,0.008684023147845723
305,0.00915126314394852
306,0.009039318844745162
307,0.00986044462306285
308,0.009525104917667278
309,0.008699819601431
310,0.008367850969300481
311,0.009014394918528904
312,0.008440442450866538
313,0.008921254171706292
314,0.009035182531724108
315,0.008626479987774384
316,0.008087253684271616
317,0.008763748820154446
318,0.008659729493033744
319,0.007781940455715265
320,0.00832827345959291
321,0.008247709188656499
322,0.008029548296414784
323,0.00918300917660351
324,0.00828042894984515
325,0.008409595515322593
326,0.008056952913573468
327,0.008113252124397216
328,0.0074339689635426545
329,0.007546079413505545
330,0.007959546989466932
331,0.007696092382521737
332,0.009010041398526542
333,0.008370395338748737
334,0.00876297619671482
335,0.007671809724427189
336,0.008184912082684494
337,0.007260962356037985
338,0.006844823032487279
339,0.007295353517310354
340,0.007333463840172803
341,0.00728607409482473
342,0.007603278652560347
343,0.007922833209677555
344,0.007356664465439901
345,0.00727731089067042
346,0.008085176843442711
347,0.007866305422931895
348,0.007179068449573488
349,0.007586388413137619
350,0.007435510092447883
351,0.007406779469095011
352,0.007903511289962932
353,0.007842731039348095
354,0.007783786268017939
355,0.00818160332482638
356,0.007008654214900007
357,0.007713173733267549
358,0.00718588959361968
359,0.007735832479613014
360,0.007974600279428862
361,0.008190559533490786
362,0.00724590610238114
363,0.007683401637628751
364,0.008494546937281964
365,0.007687256028792669
366,0.007457549657445002
367,0.007057086046159421
368,0.007543816166230842
369,0.007040809277722104
370,0.006972799408789824
371,0.006617900502421763
372,0.007327358678216936
373,0.007230988354745862
374,0.00713368971923215
375,0.007180457351919413
376,0.006717323084793688
377,0.0072965971413216455
378,0.007381456790726049
379,0.007246063375342554
380,0.007569411979165497
381,0.007176593189635469
382,0.007013452374238836
383,0.007875652114494676
384,0.007649158213024983
385,0.008076940769342384
386,0.007535956873774583
387,0.008008889474417191
388,0.007311910852235113
389,0.007643180135895337
390,0.008410483530670173
391,0.007222999830749855
392,0.006422719104544108
393,0.006774746642099009
394,0.006710125990977146
395,0.007076267654924183
396,0.007279428666406607
397,0.007069117857538139
398,0.006861419996970829
399,0.006503401782616136
400,0.006190612172647774
401,0.006406350887408222
402,0.006174382336979889
403,0.006602659551522049
404,0.006587013053141133
405,0.00621108209313983
406,0.00651718348322672
407,0.0071410423024257964
408,0.006079776976234996
409,0.005685292699920608
410,0.005885816633819571
411,0.006077088400019035
412,0.006398991040837405
413,0.006262055899696795
414,0.006520572813963916
415,0.006172003618502239
416,0.005350110317930643
417,0.005927425538465411
418,0.006437190591752132
419,0.00601413555712273
420,0.006008423803147876
421,0.00609982475709998
422,0.006048825003220449
423,0.0055015135209178015
424,0.005933121349773016
425,0.006355761838361851
426,0.0069840107555636365
427,0.006178297340039066
428,0.006592765916752184
429,0.006235404173462058
430,0.006601823414276812
431,0.006037269063646199
432,0.006086900777673494
433,0.005910331992824219
434,0.006102170805150481
435,0.005932748997368951
436,0.00561894519800542
437,0.005849679442637678
438,0.005924454137280893
439,0.006251349498289854
440,0.006260396698161203
441,0.006083137451121899
442,0.0057922516373602895
443,0.005771957425891954
444,0.005631007029513779
445,0.005378771201642785
446,0.0054799476713841815
447,0.0054896864066434565
448,0.005899768862655237
449,0.0057654527979917325
450,0.00558008967057655
451,0.005217329134764494
452,0.005067054501851948
453,0.005478860791158269
454,0.005155845289182999
455,0.005226630507282753
456,0.005365001253637785
457,0.005585005509478533
458,0.005505800632797023
459,0.0053501861462745895
460,0.005131148323835282
461,0.004946229122307372
462,0.004935434831348047
463,0.005101761641201344
464,0.004932699026470285
465,0.005181297752100463
466,0.005504940100459974
467,0.0055356278019253235
468,0.006240915212148362
469,0.005625120487640385
470,0.005665483553194331
471,0.0058226051663502745
472,0.005212141484525816
473,0.005414723449020806
474,0.0055675857327935376
475,0.0062024127319434685
476,0.0054965053611955635
477,0.005216025575050617
478,0.005583908238598464
479,0.005754135106307628
480,0.005691508966285066
481,0.0049456606583873014
482,0.004956537623301152
483,0.0053151751420621555
484,0.005082677639089225
485,0.004722773515972512
486,0.005172639440804077
487,0.004967238553680382
488,0.004794408240106262
489,0.004563202468857285
490,0.004621013884998594
491,0.005157967606889496
492,0.005095930222954498
493,0.004940532012698995
494,0.004675897763799594
495,0.004299979467683482
496,0.004538967627400935
497,0.004371948396375903
498,0.004255057705005042
499,0.004255437473594272
500,0.004384586534867218
501,0.0041929911289000895
502,0.0045657889004734305
503,0.004236290921973865
504,0.0043633829947405485
505,0.004682625529835947
506,0.005198925729529584
507,0.005102499218455058
508,0.004903032398015516
509,0.004736761772882742
510,0.005070514046977183
511,0.004952850012113727
512,0.004682025520211212
513,0.0044131750611457595
514,0.005569182849210029
515,0.005708912511744257
516,0.005432090561611367
517,0.0054526842240812945
518,0.0049096307637067575
519,0.004843463666381652
520,0.004520116364385102
521,0.004030661835838639
522,0.0043209775676578905
523,0.00476147544866376
524,0.004373062547823758
525,0.004572765539825873
526,0.0046628458216113325
527,0.004406380161122648
528,0.005185715456732905
529,0.004975171902534269
530,0.004151308905613459
531,0.00429525287838254
532,0.004345739296297394
533,0.003972585336087192
534,0.004164409348246799
535,0.003968134474943568
536,0.004211810095248424
537,0.004012819030284165
538,0.0041604066084819325
539,0.003941532723954573
540,0.003918142361724302
541,0.004144014310266988
542,0.004241905893517443
543,0.004479197020459725
544,0.004538976626296527
545,0.004441438546419762
546,0.0040726068532172
547,0.0046190050798144405
548,0.004962330647587973
549,0.0049228245884763155
550,0.004442630015712098
551,0.0038918264071308713
552,0.0042462294946799825
553,0.003904329441314424
554,0.003769391325790571
555,0.003934361638255943
556,0.004225637458550981
557,0.0044866487537724075
558,0.004100756937579481
559,0.0044827163113526644
560,0.004341340435867827
561,0.004002488315118803
562,0.004168229098702349
563,0.003982945313292531
564,0.003942000126859031
565,0.003709132805622425
566,0.0036899903737619925
567,0.0035823468499081154
568,0.0036205350781802928
569,0.003555629564373771
570,0.003563964337527523
571,0.00362893421370668
572,0.003882424439046527
573,0.0040745833554685085
574,0.00403751635831245
575,0.004072319667586066
576,0.003780925883180168
577,0.0038784340143044327
578,0.004056272316403581
579,0.003812483331245133
580,0.0034879351241820394
581,0.003425523777048931
582,0.00379583016089016
583,0.0035466612538174323
584,0.0037735508609892084
585,0.0029889783120332085
586,0.003581397727821714
587,0.0032342176242696943
588,0.003067940485222179
589,0.002818488405401875
590,0.0030844712199912814
591,0.003098631978523392
592,0.003326472155354712
593,0.003559630892461714
594,0.004148740353658273
595,0.0034505077563004626
596,0.003279716879188298
597,0.0032360186952363136
598,0.0035070945603214564
599,0.0032133782094451633
600,0.0030904149887996187
601,0.0030269714068479393
602,0.0030593996016391725
603,0.003336670797738434
604,0.002968698661494316
605,0.00330832506635012
606,0.0034000259567962907
607,0.003228468921597955
608,0.0027217833556366757
609,0.0028634292850948893
610,0.003306726631137601
611,0.0035800381353191663
612,0.003540354543805252
613,0.0037659210342411266
614,0.004184284955589045
615,0.00416476987350199
616,0.0034916153608732484
617,0.0037434342161289233
618,0.00349205209323822
619,0.0035879444158678584
620,0.003633598396128424
621,0.002838884627203441
622,0.003019263475904912
623,0.003558358445011116
624,0.0035126526373894223
625,0.0030612243606721766
626,0.003059481965027503
627,0.0031027715063830234
628,0.0032468508404218228
629,0.0029891847276834007
630,0.002972908358286906
631,0.0028037870938466647
632,0.0028390644559706637
633,0.002919796941746932
634,0.0025311534500278
635,0.00255730318474374
636,0.002852716291857103
637,0.0025878861276345234
638,0.002855586410284425
639,0.0029498225407964753
640,0.0027666263301589105
641,0.002940754857544634
642,0.0027182273192078027
643,0.0026272893364228727
644,0.002643207722296727
645,0.002720153076096337
646,0.00302766836671072
647,0.0028714177478943626
648,0.002942861030704218
649,0.002916295294040694
650,0.0029229842123171183
651,0.0033175813350618403
652,0.003609981980785444
653,0.0032788915931269173
654,0.0027818708606429906
655,0.0023692798404664275
656,0.0026270231948998003
657,0.002758348954572315
658,0.002657072585798887
659,0.003011149225130976
660,0.0027223109123712948
661,0.0026773809224176657
662,0.002553334865183632
663,0.0024128415690735272
664,0.002503544989010672
665,0.0026495586605819305
666,0.002331571516161498
667,0.0028773730686240994
668,0.0028905191735465194
669,0.00259224787772249
670,0.0026854329882098336
671,0.0027520461977200007
672,0.002876033703228162
673,0.0029488454743939567
674,0.0027904835115589695
675,0.002793052789960681
676,0.0028740380622753947
677,0.0026140590707492426
678,0.0025284874447821406
679,0.0025990596066767114
680,0.0026824087030523254
681,0.0024975920341035055
682,0.002837563416783743
683,0.002721738713040098
684,0.0028760940654546634
685,0.003142113705229093
686,0.0029872477079114614
687,0.0026539332989432615
688,0.0024726846993255334
689,0.002528970149230727
690,0.0024553825140783444
691,0.0025725537748964122
692,0.0025686701388100905
693,0.002346044215699788
694,0.002590492787895824
695,0.002438791969492273
696,0.002257300177911062
697,0.002241778189907764
698,0.0021345579489765835
699,0.0023927141757273816
700,0.0026164818246477532
701,0.003062323301825389
702,0.0029450021474549063
703,0.002795440348024715
704,0.0025146624652435433
705,0.002457842131684311
706,0.002401682171366841
707,0.002405609478043552
708,0.0025278286779190774
709,0.0025706337462850404
710,0.0023091553987540582
711,0.0022285006572461056
712,0.0021774518569388436
713,0.002081751627685811
714,0.002185071045512684
715,0.002386141176529653
716,0.0022582384931045525
717,0.0024478632258799105
718,0.002211060923518342
719,0.0024623500331964307
720,0.002277181506642116
721,0.0024276613487464677
722,0.002375985669145747
723,0.002093001675920774
724,0.0018676376108595675
725,0.002022414608759124
726,0.0021650756699233163
727,0.0018702197936770327
728,0.0018376170037646899
729,0.00216064099156178
730,0.002079524079939301
731,0.0024851790626921836
732,0.0022213826182938975
733,0.002136162800854968
734,0.0021676229306576145
735,0.0025897060584951477
736,0.0024290429062500734
737,0.002211823684272059
738,0.0022013032385871977
739,0.0021570314822107433
740,0.0020620205099103265
741,0.0021143888145170246
742,0.0022651267109383474
743,0.002239414488723863
744,0.0023577701281837166
745,0.0024828997284231684
746,0.0024753882789747897
747,0.002271591855682124
748,0.0021743641322899136
749,0.0021489196968396346
750,0.002131071440775607
751,0.0020776095010276094
752,0.002000204864599545
753,0.002246404488906137
754,0.0022885887764999948
755,0.002277380850837552
756,0.002110403844473189
757,0.0020665243787434773
758,0.0020870527630286115
759,0.001929577480191293
760,0.002201781683661832
761,0.002305360074989328
762,0.0023871906372851712
763,0.00206638605072585
764,0.0019868726990426512
765,0.0020539409888539624
766,0.0021835670725943116
767,0.0022444222037535187
768,0.002228791046126695
769,0.002231481843339821
770,0.0021816239791496803
771,0.0021679796251953165
772,0.0022272091810641615
773,0.00253463280818878
774,0.00271418292870567
775,0.002791237284901158
776,0.0027372598547471187
777,0.002316494611948603
778,0.002200267616135037
779,0.002167217206283794
780,0.0021141424044079514
781,0.0021011175984993096
782,0.002003176807238206
783,0.0019689981369579667
784,0.001988143667912904
785,0.0020673105437912518
786,0.0018537298742198783
787,0.0017962529830221072
788,0.0017192486551997593
789,0.0017753017855185154
790,0.0016723206691336293
791,0.0017339661774444684
792,0.0019547563199816646
793,0.002005621274097186
794,0.002038392918246654
795,0.0023867891181060382
796,0.00253737781261106
797,0.002396215840727103
798,0.0021570109557730987
799,0.0019438347322760644
800,0.0019727658921078217
801,0.0019363323752333227
802,0.0018861974402173795
803,0.0021182340679770538
804,0.002438124874167635
805,0.0028890547189961706
806,0.0026026949683138146
807,0.002747057082048009
808,0.002758993634980387
809,0.0027606719587342002
810,0.002776529772100562
811,0.0025552942740829252
812,0.0023547499304865235
813,0.002163091409108184
814,0.0021704877975368044
815,0.0023406199440892624
816,0.0023380688096556338
817,0.0025058210365377833
818,0.0021460124237371726
819,0.0021916510423779854
820,0.0021184862206848143
821,0.0019117999288851034
822,0.002097246209726243
823,0.002108314395655595
824,0.0021145774289897746
825,0.0020149424004681843
826,0.0020289483582379498
827,0.001945011850791565
828,0.0019917598275677453
829,0.001775838026069757
830,0.0016174344414713632
831,0.0018052022804755088
832,0.0018920580236805565
833,0.0017699761226632807
834,0.001540652155873071
835,0.0014960983251351109
836,0.0014620894971298331
837,0.0017356170998883082
838,0.0017230087124579755
839,0.0017895859360996355
840,0.0017881529977028829
841,0.0017174285842242803
842,0.001777048096672177
843,0.0016902857596448918
844,0.0018006620403712833
845,0.0016400194572680348
846,0.0017815814350582656
847,0.002031502858031278
848,0.0019331383318717922
849,0.002193887843741288
850,0.0019840573908687115
851,0.0018327940027352873
852,0.001955041060314636
853,0.001796000833449647
854,0.002076888890919561
855,0.002027162197834655
856,0.0019862947811269136
857,0.0018457691344084615
858,0.0016074747436625688
859,0.0017737922681555069
860,0.0017508436631247677
861,0.001668373438000523
862,0.001923399243491795
863,0.0017631330652369264
864,0.0016607023292475342
865,0.0014819105808737292
866,0.0016439591468512384
867,0.0017998406761908638
868,0.0018266144262964884
869,0.001838410087780964
870,0.0017766497976847598
871,0.0019055594349544386
872,0.0019550858725786687
873,0.0019352510578686906
874,0.0018739224874628519
875,0.001928020302155069
876,0.0015473047279274978
877,0.001503547427963972
878,0.001592801039514248
879,0.001554399539997804
880,0.0016541268081758378
881,0.00149864855695089
882,0.0016400670554440862
883,0.0016625568587660573
884,0.0014974814085180633
885,0.0014090949718878123
886,0.0015545520694768232
887,0.0015273896626283275
888,0.0012833892809959078
889,0.0015629671699829424
890,0.001473641948382415
891,0.0016617139868889555
892,0.001765538074853547
893,0.001919510249069443
894,0.0018892236997555992
895,0.0018212580494804055
896,0.0016489919686226507
897,0.0014773535214674996
898,0.00147941961378346
899,0.0014840001732815801
900,0.0015071830751496496
901,0.001429920414133367
902,0.0014747403223558545
903,0.0014956768961758716
904,0.0016476637934442339
905,0.0014075734634692175
906,0.0015089773782366788
907,0.0015743466460001808
908,0.0015851240386457062
909,0.001598901615803846
910,0.001513518575667817
911,0.0013331534573371008
912,0.0013135055180037453
913,0.0014641041847677286
914,0.0013714148816737423
915,0.001613532343538673
916,0.0014058417281802172
917,0.0015081676434832937
918,0.0015256912636169976
919,0.0014839934690671216
920,0.00146310991242904
921,0.0014106426820594
922,0.0015996559959110983
923,0.0014806579953332134
924,0.0017246121663170595
925,0.0016687582962813426
926,0.0015286389744801085
927,0.001405721555163296
928,0.0015745962760940135
929,0.0014717812044810377
930,0.00165906692271965
931,0.0016687252240899792
932,0.001352188903532158
933,0.001463444883448018
934,0.0014717829820851554
935,0.0014413417515630827
936,0.0014147742104298326
937,0.0013371793373517654
938,0.001360271769742402
939,0.0013694615389029793
940,0.0013835292486172068
941,0.0014227669938088837
942,0.0014957495726612426
943,0.0014902417577661762
944,0.0013642391316936275
945,0.001511413093948512
946,0.0013186648741728886
947,0.0013124134783154893
948,0.00155680950543657
949,0.0014906138347981672
950,0.0017088097125848782
951,0.001576242695556665
952,0.0016416075441302276
953,0.001757800059822092
954,0.0018451308289837277
955,0.0016016004660597406
956,0.0015074376948606466
957,0.001424001461721336
958,0.001301494869876666
959,0.0015049458333110176
960,0.0015867893571737532
961,0.0017429645497387006
962,0.0014895840997861945
963,0.001375105502573518
964,0.001259689869189406
965,0.001372796654707235
966,0.0012902127549409134
967,0.0014458767208434934
968,0.0014364785392473299
969,0.0013723305038062887
970,0.0012870282664117255
971,0.0011382137437248667
972,0.0014081046503080451
973,0.0012796296175612105
974,0.0013873388027453271
975,0.0015096601561853337
976,0.0012172058560062458
977,0.0012249853124217875
978,0.0010900409487908124
979,0.001196867266278862
980,0.0013655547018814563
981,0.0013397107052769888
982,0.0014446423180931984
983,0.0014622565128104867
984,0.0014370449132804356
985,0.001166662819967579
986,0.001253092907394616
987,0.001366570866373322
988,0.0014635260607691121
989,0.001525793536286592
990,0.0016186678956590565
991,0.0014617513976403513
992,0.0016645273548398455
993,0.0015924824103364325
994,0.0016664141179773293
995,0.0017136943452020843
996,0.001997382769889256
997,0.0021252507737477885
998,0.001919483000578836
999,0.001817226664886163
1000,0.0015712585698950555
1001,0.001604600032577882
1002,0.00149474567687951
1003,0.0014376630624838482
1004,0.0014414484296270326
1005,0.0015468259718817413
1006,0.0014546147561011842
1007,0.0013276305417251272
1008,0.0014531905786999814
1009,0.0013094803389343099
1010,0.0012379339130510225
1011,0.0014837717752740815
1012,0.0015041385289848224
1013,0.0016249352103633787
1014,0.0015316854958391545
1015,0.0013635874794241409
1016,0.001323522341518537
1017,0.0013132923162873188
1018,0.001385265903849401
1019,0.0012370200779525142
1020,0.00113758838921835
1021,0.001351479928926285
1022,0.001291668418919299
1023,0.0010333797119938678
1024,0.0010177876773734655
1025,0.0012041257567911368
1026,0.0014938908145045848
1027,0.0017586968011338226
1028,0.0015275283698947323
1029,0.0012141428987108716
1030,0.0011325378872315643
1031,0.0012219205159055518
1032,0.0011342921132165421
1033,0.0011325354872221472
1034,0.0013351235272031547
1035,0.0012716763096866268
1036,0.0013549226712427993
1037,0.0012836800007015921
1038,0.0013170942065131035
1039,0.0011245589248713127
1040,0.0010374441202531436
1041,0.0009548868006151286
1042,0.00094970438406468
1043,0.000982374507553235
1044,0.0010028471599493295
1045,0.0010611538110081374
1046,0.0010846652163597709
1047,0.001111653840855411
1048,0.0011603340795311211
1049,0.0011381856579880676
1050,0.000996276832969549
1051,0.0009866267700761907
1052,0.0010124222335475303
1053,0.001079555507610321
1054,0.0013039134717386935
1055,0.001324123247784368
1056,0.0012958339426534895
1057,0.0011131712501754585
1058,0.0010675532081886336
1059,0.0011326116428371036
1060,0.0013121914677925155
1061,0.0010611109344334506
1062,0.0010320424171570994
1063,0.0009961083314657653
1064,0.0009751787321926159
1065,0.0009868005123395565
1066,0.000996945113483778
1067,0.000959805385209217
1068,0.0009029774767212477
1069,0.0009333021398609229
1070,0.0009117383133727009
1071,0.0009368126607496001
1072,0.0009474343695334568
1073,0.0009314837007584212
1074,0.0010772899637624784
1075,0.0011438810477268884
1076,0.001149464192985115
1077,0.0012449789581019301
1078,0.0009760387675290824
1079,0.0009283098987143631
1080,0.0010105386600946838
1081,0.001009171522277169
1082,0.0012706876172073284
1083,0.0011864794468214022
1084,0.0009476646538651598
1085,0.0009021620854867499
1086,0.0009499232183008924
1087,0.0009334538642952698
1088,0.0009531577294282292
1089,0.0010235516634514016
1090,0.0009672946153736258
1091,0.0009878977872250954
1092,0.001158905150559637
1093,0.0010239691017592393
1094,0.0009983703459343874
1095,0.001059282032707018
1096,0.0010173025941992452
1097,0.0010703127835898403
1098,0.0010912064861689369
1099,0.0009228953814457232
1100,0.000868539281172292
1101,0.00088671350186412
1102,0.0009427960826395823
1103,0.000980957847777425
1104,0.0011300849803092274
1105,0.0013945582603332226
1106,0.0012570476837590913
1107,0.0012013237670689767
1108,0.0011809455874474985
1109,0.0010719736075164704
1110,0.0011569757855373107
1111,0.0011621861743615742
1112,0.0011625453291112305
1113,0.0012204807747519103
1114,0.0012463023944257368
1115,0.0012945141030363087
1116,0.0012758472848511475
1117,0.0010445336500220412
1118,0.0011219671436995763
1119,0.0009840734664325755
1120,0.0010267648554289253
1121,0.001028547924763073
1122,0.0010665497231396133
1123,0.0008707331069247901
1124,0.000880445790376151
1125,0.0008954729390810515
1126,0.0008548916665693327
1127,0.0009985606475263488
1128,0.0010072377042395044
1129,0.001082270552094946
1130,0.0009492732373147929
1131,0.000986534666981118
1132,0.001260576496213845
1133,0.0013195324774847301
1134,0.0011687404842278483
1135,0.0010697907744461755
1136,0.0010219807269009824
1137,0.000846951766202466
1138,0.0008806261888163906
1139,0.0008606630651002776
1140,0.0008503864329182434
1141,0.0009082060502850741
1142,0.0010638419130886393
1143,0.001032318991307355
1144,0.0010997664503669365
1145,0.0008655948091741198
1146,0.000917158159517443
1147,0.0011161685947418305
1148,0.0010372674347935607
1149,0.0010570373321540302
1150,0.0011484101886109202
1151,0.0009791202684454252
1152,0.0009342179208876194
1153,0.0009719898973035597
1154,0.0009951363042241285
1155,0.001077633813034404
1156,0.0010225353251558564
1157,0.0010618034181428728
1158,0.0010913092027628232
1159,0.0011779019452925264
1160,0.001207036649936868
1161,0.0010386489301729101
1162,0.0012014756912605376
1163,0.0012770566683437837
1164,0.0010424737653902958
1165,0.0011422692252274886
1166,0.0011075276342740756
1167,0.0009730141423123775
1168,0.0010133079601068553
1169,0.0008540658371439646
1170,0.0008527521478648872
1171,0.000859417099291605
1172,0.0008346508444617352
1173,0.0008823370667209776
1174,0.0008533336805112979
1175,0.0008604281082861228
1176,0.0008919322867347795
1177,0.0009447643042583744
1178,0.0009349054842957388
1179,0.0009746632268364283
1180,0.0009773908531689839
1181,0.000898226323038773
1182,0.0009683523128132534
1183,0.0009672214972397616
1184,0.000885507570011503
1185,0.0007746658679254017
1186,0.0008687589168779718
1187,0.0007511039706173422
1188,0.0007966206607539932
1189,0.0008791317658291087
1190,0.0007910562490084499
1191,0.0008343203777861964
1192,0.0007654570283365063
1193,0.0007987135925029233
1194,0.0008654510568603501
1195,0.0008929572894195864
1196,0.0008729531648412493
1197,0.0007914225802313612
1198,0.0008340088857441875
1199,0.0007688945959375933
1200,0.0007157432550900594
1201,0.000774874102393606
1202,0.0008136117697107005
1203,0.0008554565284995613
1204,0.0009083461730949646
1205,0.0008093287635121101
1206,0.0008248548849788661
1207,0.0009410803669875489
1208,0.0011850834407532628
1209,0.0010959654768160243
1210,0.0009307691453073509
1211,0.0009946599375068766
1212,0.0008581010923187563
1213,0.0009236790374763746
1214,0.001048559830427038
1215,0.0012109409481940406
1216,0.0013932398066667895
1217,0.0013437008890581897
1218,0.0011791290096560731
1219,0.0009088121690235926
1220,0.0009238050717755934
1221,0.0009211086682298132
1222,0.0008530517797595196
1223,0.0007366776458466693
1224,0.0008491275257787066
1225,0.0009083961549364226
1226,0.0008139501774275099
1227,0.00083795555774542
1228,0.0008362186560892696
1229,0.0008312914776167569
1230,0.0008022008273232883
1231,0.000871960654905428
1232,0.0009825100069737556
1233,0.0010552563591879084
1234,0.0009841289436392723
1235,0.0008643317060856351
1236,0.0007135363572436074
1237,0.0007217623810761839
1238,0.0007921022056453312
1239,0.0008810670369173394
1240,0.0007333411412630685
1241,0.000806738577082501
1242,0.0007692537758863204
1243,0.0007749067994707359
1244,0.0007688729695676975
1245,0.0006411329088487267
1246,0.0006847527774461064
1247,0.0006761349799365222
1248,0.0006571967298795276
1249,0.0007048288671634431
1250,0.0008330443298686764
1251,0.0008576852517667738
1252,0.0009014002801806299
1253,0.0008839217460815146
1254,0.0008551441711639078
1255,0.0007162515085974616
1256,0.000745243740906727
1257,0.0007966872799810337
1258,0.0007689057697477448
1259,0.0007073128644882104
1260,0.0007435801030178559
1261,0.0006820259707029905
1262,0.0008103093628405912
1263,0.0008218530217610459
1264,0.0007967498742540453
1265,0.0007735521919067428
1266,0.0008152935981289543
1267,0.0007424529454531329
1268,0.0007564302248055377
1269,0.0007168200317907718
1270,0.0007579543867221674
1271,0.0007374053814519897
1272,0.0006628335921487548
1273,0.0006735125475778666
1274,0.0006139540045310327
1275,0.0006182624389898294
1276,0.0006037929941593845
1277,0.0006314154234156359
1278,0.0006794057528461458
1279,0.0006657729409567381
1280,0.0006797427555918413
1281,0.0007134267310478431
1282,0.0006631600924174655
1283,0.0005723680002787732
1284,0.0006121392088505751
1285,0.0006122156005959787
1286,0.0005990483351050157
1287,0.0005974099099291332
1288,0.0006510643637587753
1289,0.0007409484981753645
1290,0.0007146422577651653
1291,0.0007491349246129756
1292,0.0006876102458790674
1293,0.0008994620171343636
1294,0.0008235237882391595
1295,0.0008244902173625688
1296,0.0007850884043243997
1297,0.0006792996833464786
1298,0.0007249839697512495
1299,0.0007472762014575244
1300,0.000674813775130203
1301,0.0006485428202877524
1302,0.0006607997880799517
1303,0.0006597451767398964
1304,0.0007049681574042351
1305,0.0007283082211570374
1306,0.000692069763677577
1307,0.0006804372755255816
1308,0.0007140836308704039
1309,0.000669948827392336
1310,0.0006712733551600776
1311,0.0006918944804169449
1312,0.0006841525128811659
1313,0.0006877041273421762
1314,0.0006299095453136821
1315,0.0006311782677749023
1316,0.0005831979844347785
1317,0.0005774283816965102
1318,0.0005781457634275747
1319,0.0006509126960920347
1320,0.0006321183933575004
1321,0.0007083605879023483
1322,0.0007367134009804318
1323,0.0007449210450314219
1324,0.0007467679794176327
1325,0.0009015078710685561
1326,0.0008243992802532212
1327,0.0007070132030962681
1328,0.0008628238823785478
1329,0.0008765041943973953
1330,0.0009098533047854747
1331,0.0009016544009222575
1332,0.0008394485903016188
1333,0.0006579645445074161
1334,0.0007743570476293697
1335,0.0008371020876976647
1336,0.000781345721903289
1337,0.0007411952824703484
1338,0.0007176789037166422
1339,0.0007233078048636469
1340,0.0007347083721920882
1341,0.0007013461755819585
1342,0.0006791351739374157
1343,0.0007024651604684985
1344,0.0007144206636554906
1345,0.0007334737791297094
1346,0.0006832442376354407
1347,0.000733192750672088
1348,0.0006957428707960425
1349,0.0007012167897373172
1350,0.000719159420261442
1351,0.0007020804010637951
1352,0.0006652120399453992
1353,0.0006514108442783585
1354,0.0005599581788643237
1355,0.0005171036134095985
1356,0.0005204873495289215
1357,0.0005539144815305723
1358,0.0005917237002487524
1359,0.000649914108075164
1360,0.0006290373723501736
1361,0.0006943162215212797
1362,0.0006131439413219218
1363,0.0005498114163431585
1364,0.0005345820383644029
1365,0.0006459779204838636
1366,0.0006999591524173623
1367,0.000690381311693267
1368,0.0007416337798426604
1369,0.0008555980327749761
1370,0.0008064652328585772
1371,0.0008862269598490918
1372,0.0008167282089507085
1373,0.0008362707829983896
1374,0.0007660305667399666
1375,0.0006359595399946481
1376,0.0006622391904535665
1377,0.0006259745054196481
1378,0.0007175252397369473
1379,0.0006187304186183085
1380,0.0006709560507353266
1381,0.0006548307575240519
1382,0.0006308783041469411
1383,0.000657849971764878
1384,0.0006472832821988701
1385,0.0006705702574779059
1386,0.0006342978622807219
1387,0.000574471261335091
1388,0.0005918844098615702
1389,0.000575530748413844
1390,0.0005418140052893497
1391,0.0005614424743190813
1392,0.0005668253492107038
1393,0.0006667605759716337
1394,0.0006653659424672368
1395,0.0006555211008447474
1396,0.0006649740835558381
1397,0.0006524608453812004
1398,0.000537807855316334
1399,0.0005560877120468177
1400,0.0005476039506001092
1401,0.0005481540470962584
1402,0.0005284583109039304
1403,0.000544813627983233
1404,0.0005378925498859402
1405,0.0006013932215390221
1406,0.0006584278613626245
1407,0.0006672061655787978
1408,0.0006425933896459392
1409,0.000611413660097889
1410,0.000726849632587651
1411,0.000740652057836892
1412,0.0005591933111252799
1413,0.0005237582315549355
1414,0.0005439422241929978
1415,0.0005923708334594227
1416,0.000559297342956978
1417,0.0005938411353427301
1418,0.000584734754695399
1419,0.0005947481617552174
1420,0.0005189413600556938
1421,0.0005295919904279602
1422,0.0005413546420782555
1423,0.0005140083407774729
1424,0.00048222576659330926
1425,0.00043092787149002907
1426,0.0004663646856166675
1427,0.00047645919973288706
1428,0.0005030320968260487
1429,0.0004670778313305269
1430,0.00046095803416646775
1431,0.0005465446396098675
1432,0.0006163445949548474
1433,0.0006796276822172884
1434,0.0006783910149553746
1435,0.0005399473536954629
1436,0.0005006843127115213
1437,0.0005501515210733375
1438,0.0005372197365946355
1439,0.0005239440850939608
1440,0.0005389751145413632
1441,0.0005340221847994152
1442,0.00048619401610269444
1443,0.0006496429494810213
1444,0.0006076733537155659
1445,0.0005461489262567426
1446,0.0005555014101852558
1447,0.0005571177386540226
1448,0.000620854742060408
1449,0.00048729828049148865
1450,0.000505202945473165
1451,0.0004438629327992661
1452,0.0004748536906046911
1453,0.0005498973451245671
1454,0.0005683312000131695
1455,0.0005402995735238846
1456,0.0004984339548518784
1457,0.0004636283267587758
1458,0.0006084076965512745
1459,0.0006426290558440703
1460,0.0005218472165501372
1461,0.0005111457150714559
1462,0.0004961375798365836
1463,0.0004888283374391014
1464,0.00045776716084767446
1465,0.0004443356110281326
1466,0.00040903886847076803
1467,0.0004190634301745025
1468,0.0004458577827711982
1469,0.0005154490162249307
1470,0.000561395642305632
1471,0.000590188094316775
1472,0.0005862508654439279
1473,0.0006088665258265691
1474,0.0006680103909163454
1475,0.0007611596998288162
1476,0.0006666650377226924
1477,0.0006722326609815612
1478,0.0006107558410764596
1479,0.0005574685674171148
1480,0.0005071729240337864
1481,0.0005090887620826513
1482,0.000515646229790607
1483,0.00045709071936793897
1484,0.0004766660212528047
1485,0.0005131955014627836
1486,0.000551215395932182
1487,0.000558836365021674
1488,0.0005206908527409133
1489,0.0005389252974647518
1490,0.0005366233326625116
1491,0.0005517369249892338
1492,0.0005641681735373045
1493,0.0005631272700424186
1494,0.0004886937510775944
1495,0.0004655025462124308
1496,0.0005031858806262404
1497,0.000492462407198262
1498,0.0005028389806744164
1499,0.0005122720842061554
1500,0.0005391456047230618
1501,0.0005956470556723666
1502,0.0005041702445030163
1503,0.0005310514696439876
1504,0.0005113889919015492
1505,0.0005881748892395388
1506,0.0006558232492878894
1507,0.0005664071303683944
1508,0.0004899455559556326
1509,0.00046931966284987535
1510,0.000513746130653103
1511,0.0004746158672380527
1512,0.0004349221726375526
1513,0.0004221070353563813
1514,0.0004997186417733565
1515,0.0004943141735985982
1516,0.0004279641754619776
1517,0.00043310111845714283
1518,0.000532497192526987
1519,0.00048813933401857605
1520,0.0004531128865681182
1521,0.000490429903211032
1522,0.0005396833239978349
1523,0.0005247482842982471
1524,0.0004861018786470042
1525,0.0004620863244737713
1526,0.00048102959757993443
1527,0.00046128599741515684
1528,0.00044734571775554096
1529,0.00044455739026840027
1530,0.000484885242070109
1531,0.0004967896904514823
1532,0.0005531671556100386
1533,0.000545349182912749
1534,0.0005178544498736276
1535,0.0005521216505814378
1536,0.0006596670936958912
1537,0.0004984331825982459
1538,0.0006287092054953732
1539,0.0006443164525031515
1540,0.0005619400925926026
1541,0.0005357703643187327
1542,0.000531366189510092
1543,0.0006299518467948394
1544,0.0005263576017971264
1545,0.0005337897530188868
1546,0.0004381882825532889
1547,0.00039664043645855975
1548,0.00043828079259369373
1549,0.0004288723781111149
1550,0.00044068450533729214
1551,0.0004145003148921241
1552,0.00037526728666867977
1553,0.0004142460693596244
1554,0.00039816985021144137
1555,0.0003938152843477818
1556,0.00039711759242001116
1557,0.00039037741400476197
1558,0.0003955651523845767
1559,0.000438736883737535
1560,0.00039943504971131944
1561,0.0004074709019998251
1562,0.0004011810537810853
1563,0.0003454072055040797
1564,0.0003186512064994387
1565,0.0003588418022913079
1566,0.0004044065346531716
1567,0.00036865514324165276
1568,0.0003479544469824557
1569,0.0003626420332094091
1570,0.00045468595394643034
1571,0.00044589116634412274
1572,0.00045432440237517103
1573,0.0004587104674455409
1574,0.00048166863399676566
1575,0.00039607217146371337
1576,0.0003715833960925509
1577,0.00037769250700009274
1578,0.0004238584255273628
1579,0.00039993219556816825
1580,0.0003612973227602834
1581,0.00035692541263681563
1582,0.0003621878826270222
1583,0.0003796256550503967
1584,0.00044777673161034933
1585,0.0003867368717809734
1586,0.0003801412927549347
1587,0.00037819998777874445
1588,0.0004056297382385327
1589,0.0003874804944753792
1590,0.0004469061974325777
1591,0.00035940150184332555
1592,0.0003857734556679463
1593,0.0003724774031927597
1594,0.00035417847608027353
1595,0.0003474469871386159
1596,0.00033111629418357394
1597,0.0003206955338304913
1598,0.0003300438967166416
1599,0.000357851982671852
1600,0.0003848839477338928
1601,0.0003787649108143909
1602,0.00036124986677373044
1603,0.00039584574378299025
1604,0.00033589971623229354
1605,0.0004068659093546884
1606,0.0003838808787456923
1607,0.0004005345614468312
1608,0.0004403964925274791
1609,0.00035538413134630697
1610,0.0003899511269985386
1611,0.0004077683252613654
1612,0.0004233618446968341
1613,0.0003644419995420738
1614,0.0003995523192049677
1615,0.0004125738481274188
1616,0.00036211330583967017
1617,0.0003286193849385918
1618,0.0003657104552320234
1619,0.00041871784857904285
1620,0.00042728888545089805
1621,0.0004108269570690476
1622,0.00045597613560328714
1623,0.00042673391290495394
1624,0.0004678719472497056
1625,0.0004562167432077173
1626,0.0005076341624576954
1627,0.0005017545553347711
1628,0.000399732756961969
1629,0.00037896663638754596
1630,0.000342071480317923
1631,0.0003849439056972176
1632,0.0003625695706358762
1633,0.00042339083788470443
1634,0.00046344869175328723
1635,0.0004291617585600065
1636,0.0004206884731084145
1637,0.0003825258882908061
1638,0.0003803588456135936
1639,0.00034964198058174854
1640,0.0004741705142699837
1641,0.00038232366918082756
1642,0.0003874136545767777
1643,0.0003542992733591749
1644,0.00036198770454929963
1645,0.00035421807701573933
1646,0.00035694504524469276
1647,0.0003449484860119047
1648,0.00034515472922317503
1649,0.0004405345679320789
1650,0.0004450737144482694
1651,0.0003896990898971654
1652,0.00046228468358348353
1653,0.0003756581547744171
1654,0.00036330463341633544
1655,0.0004353795743169495
1656,0.0003965638051863317
1657,0.00042727400396055265
1658,0.0003845066228152239
1659,0.00042205381887838007
1660,0.0003411053487293574
1661,0.00035962533663412316
1662,0.000403403163824966
1663,0.00046479961562216225
1664,0.0004621954944555009
1665,0.00038054378043011057
1666,0.00038009401458263613
1667,0.000409230758552361
1668,0.0003874133873760153
1669,0.00034703786725032734
1670,0.00040135346608671167
1671,0.00046917498979154635
1672,0.0004354913418083389
1673,0.0004072134173926251
1674,0.0003501711673351592
1675,0.0003721826635625029
1676,0.000397745066562249
1677,0.00037303084427934175
1678,0.0003584564359881308
1679,0.00034520485997169525
1680,0.00036380380770912024
1681,0.00032967609749592094
1682,0.0003298003781741656
1683,0.0003965487534307645
1684,0.0003517948759159427
1685,0.0003570889038414664
1686,0.00037095430965040113
1687,0.00037452742868597174
1688,0.0003679625905380068
1689,0.000346675588073884
1690,0.00028318471023546724
1691,0.000281506762325319
1692,0.00030636556667351964
1693,0.000322032269112693
1694,0.0003096998567755947
1695,0.0002780106126736935
1696,0.000315514815529135
1697,0.000294292311682673
1698,0.00027448784009557906
1699,0.00028742347356667245
1700,0.0003395077125714247
1701,0.0003657797931025295
1702,0.00040114159909583337
1703,0.00035535258442693634
1704,0.0003427886527816812
1705,0.00036193056705352935
1706,0.0003239891569629403
1707,0.00033013346019034046
1708,0.00034694450131580654
1709,0.00035362493459277104
1710,0.00033200812498503215
1711,0.00032977392860615616
1712,0.0003503584140396764
1713,0.0003249709678573843
1714,0.00028027219883048547
1715,0.00031158448860825277
1716,0.00031937040261805866
1717,0.00035083840719085576
1718,0.0003639975625380783
1719,0.0003646221972008175
1720,0.0003517993990732075
1721,0.00036483137947994506
1722,0.00036445130834193836
1723,0.0002801873843690983
1724,0.00026541364095222325
1725,0.0002929814226183318
1726,0.0003233313431046593
1727,0.00038850505424338597
1728,0.00036988288453533775
1729,0.00038072022515009814
1730,0.00033884982331388376
1731,0.00035692157561585783
1732,0.00041181935382916086
1733,0.00045983336011322384
1734,0.0003817076472235764
1735,0.00033775152320146394
1736,0.00036016147454302104
1737,0.0003970897598142344
1738,0.0003377288097966173
1739,0.00036102442253787447
1740,0.0003872697076464839
1741,0.0003769239883107534
1742,0.00030317319613525106
1743,0.0003221199208135813
1744,0.0003027095172668936
1745,0.00029994188902804966
1746,0.0003073325811272018
1747,0.0002957735965123978
1748,0.0003362606648808869
1749,0.00032185824568415407
1750,0.00029916669455075866
1751,0.00031646312738031074
1752,0.0003580742050767131
1753,0.00041732424842428343
1754,0.0004008287814991899
1755,0.0003691584513500163
1756,0.0003637774388665911
1757,0.00034191238301202974
1758,0.00032319063078511376
1759,0.0003704920396809089
1760,0.00035542017792417004
1761,0.0003192374023741981
1762,0.0002927302713000898
1763,0.00028014278498184075
1764,0.0003117358544379804
1765,0.000304918576212563
1766,0.0002858611333789627
1767,0.000295099294798904
1768,0.0003135646505677286
1769,0.0003336777842154491
1770,0.0003278707916898225
1771,0.0003779669059222377
1772,0.0003535317418606416
1773,0.00032019849923847055
1774,0.0003153049220854551
1775,0.0003365981259084853
1776,0.0003917820474312135
1777,0.00036379907444359017
1778,0.00033963198171204403
1779,0.0003456658352930472
1780,0.00034119135370588773
1781,0.0003195119804443658
1782,0.00030080422978832867
1783,0.0002644663333189853
1784,0.0002755609300071089
1785,0.0002827457424364643
1786,0.0002814665166010375
1787,0.00025209898763783417
1788,0.0002585337933330528
1789,0.00030869505721829504
1790,0.00032177926722710634
1791,0.0003522974034897924
1792,0.00036909468004920416
1793,0.00041806105567079817
1794,0.0003773479613642095
1795,0.0003848302351198067
1796,0.0003427986858894167
1797,0.0003255564183896051
1798,0.0003243988246369187
1799,0.00034057607572320547
1800,0.0003453317546765573
1801,0.00032894912337219173
1802,0.0003424047001358264
1803,0.0003132417655162914
1804,0.0002984978545295681
1805,0.0002974975495635236
1806,0.00036228113106661453
1807,0.0003235530515523092
1808,0.0003323177216020623
1809,0.00032453821543510164
1810,0.00027708875045837273
1811,0.00030831301111852044
1812,0.0003064886295213938
1813,0.00029988481743227984
1814,0.0002968795901221005
1815,0.00027679831985586426
1816,0.00031764449023697966
1817,0.00034465254220238865
1818,0.00038112601161590585
1819,0.00036534596329507207
1820,0.00034131467824556074
1821,0.00029730653381914313
1822,0.000274641347482058
1823,0.0002650152469727728
1824,0.0002566802719526073
1825,0.000263399346427171
1826,0.000306263359793196
1827,0.00032087776087698735
1828,0.0003002160916783106
1829,0.0003588827014912681
1830,0.00037180820390887487
1831,0.0003182719807120171
1832,0.0002817124558419321
1833,0.0002709721342853314
1834,0.0002454730662405732
1835,0.00029905595667841433
1836,0.0003229500575704651
1837,0.00031057185953099346
1838,0.00027409103940489326
1839,0.0002546223819948193
1840,0.000260612981225458
1841,0.00028504345749730443
1842,0.00027369454251536813
1843,0.0003085380902532288
1844,0.00027064046547268156
1845,0.00029216848173347433
1846,0.0002883193166039965
1847,0.00029551939601424955
1848,0.0003287994903605617
1849,0.0003274140569249578
1850,0.0003163854299578722
1851,0.00030212474127877775
1852,0.00024595272408450293
1853,0.000240649601082239
1854,0.00028323906875199484
1855,0.00031192314038396484
1856,0.00033166578839513073
1857,0.00030267579497689955
1858,0.0002564920503598941
1859,0.0002590930064131616
1860,0.00030164483901941715
1861,0.0002638759675643669
1862,0.00028902192395745686
1863,0.00034222328384623385
1864,0.0002919438188579789
1865,0.00024946109255939963
1866,0.00023772123911986807
1867,0.0002351756235482663
1868,0.00024267877067883067
1869,0.00024439119751799344
1870,0.00024572534544541156
1871,0.0002486400421165563
1872,0.00021378952561454577
1873,0.0002177354098554059
1874,0.00021321162100695882
1875,0.00022776229675404376
1876,0.00023256576001052197
1877,0.0002285878266689452
1878,0.00027733235340444756
1879,0.00028657398377970677
1880,0.00024103639353688933
1881,0.0002307725308534677
1882,0.00021603989759361677
1883,0.00020400304848786736
1884,0.00021840480447255477
1885,0.0002135401320474141
1886,0.00020589623007202497
1887,0.0002086905696526211
1888,0.00020249159851386603
1889,0.00021835509074597605
1890,0.0002469748115841176
1891,0.00024069624111398464
1892,0.00024675577407718834
1893,0.00026116321622061435
1894,0.00024025503409989108
1895,0.00023067519862583007
1896,0.00023997229387095082
1897,0.00031758788215463247
1898,0.0003153092390251166
1899,0.0002828136390662459
1900,0.0003004315043694058
1901,0.0002905648851758708
1902,0.00023097200998431223
1903,0.00024840101846748
1904,0.00024973783138817855
1905,0.00027166807329247927
1906,0.00031223403337867514
1907,0.00026014161968390746
1908,0.00024596529375828127
1909,0.00025698064009096805
1910,0.00024143070595078792
1911,0.0002765107700666507
1912,0.0002474696755260661
1913,0.0002558392185981908
1914,0.0002342713160821108
1915,0.00023646977716766996
1916,0.00021804633031369112
1917,0.00023692591822752844
1918,0.00024829458158616045
1919,0.0002449029409805723
1920,0.00022133353941179961
1921,0.00022599200077113034
1922,0.00023000960144693735
1923,0.0002423989770018411
1924,0.0002599168004609293
1925,0.00024515845916407036
1926,0.0002391726809420782
1927,0.0002979282049850394
1928,0.0003172268332851438
1929,0.0002536296567812724
1930,0.00024193677861916062
1931,0.0002656793049360283
1932,0.0002656010224918315
1933,0.00020787005491340425
1934,0.00021337961858442926
1935,0.00020699916924098134
1936,0.00020554786679104344
1937,0.0002215813505104098
1938,0.00018629129893248531
1939,0.00018365685849908444
1940,0.00020562887465823632
1941,0.00022071139141799308
1942,0.00023644294247006047
1943,0.0002702545995646604
1944,0.00024869646354711786
1945,0.0002389899776563387
1946,0.00023634198114603523
1947,0.0002356159634568021
1948,0.00020244207726395695
1949,0.00019399682913891976
1950,0.00020904881509640203
1951,0.00023090890677421658
1952,0.00027069798293366765
1953,0.00022040973022893106
1954,0.00020979170743759464
1955,0.00026255611498125547
1956,0.00030371765554353434
1957,0.0003096183063065667
1958,0.00027533187695731235
1959,0.000277900606199612
1960,0.00025113865136008613
1961,0.0002038652292053098
1962,0.0002082862446054538
1963,0.00022733613364390743
1964,0.00021110525482272703
1965,0.00024841056896373194
1966,0.00024332298731647917
1967,0.0002484999738820496
1968,0.00021720233007255674
1969,0.0001956640707344307
1970,0.00019700456010673245
1971,0.00024386816084009
1972,0.00025978925339519086
1973,0.0002934833160046291
1974,0.00027871970650273086
1975,0.0002814701682291398
1976,0.00024316534208561742
1977,0.0002451008850208848
1978,0.000255145648192255
1979,0.0002781931874114778
1980,0.00025387433548672934
1981,0.0002196029811226692
1982,0.0002169334878515104
1983,0.00022009925824729613
1984,0.00021828406220233788
1985,0.00022582172137582867
1986,0.00018619140882491397
1987,0.00020512116499768102
1988,0.00021476619959752684
1989,0.0002586746559828681
1990,0.0002632220393363286
1991,0.00023361737420103955
1992,0.00022638171623931417
1993,0.00022835715391336355
1994,0.00023867732111388046
1995,0.0002597159638896808
1996,0.00023131884216996793
1997,0.000201113930061268
1998,0.00019138326362710676
1999,0.00018452809969288328
2000,0.00021510366439714718
2001,0.00019697839503827615
2002,0.0001817281944196203
2003,0.00016373034556309242
2004,0.00017299660263960577
2005,0.000193778428564423
2006,0.0001853046311513211
2007,0.00020488949714790212
2008,0.0001905033841299613
2009,0.00019380093821116788
2010,0.00019603011386314936
2011,0.00018790328157720974
2012,0.0001920690249062943
2013,0.00021165021197151946
2014,0.00020941567080343633
2015,0.00021645081059453255
2016,0.00019605709866824138
2017,0.00017806089268390722
2018,0.00019027582479085132
2019,0.00024223910704794635
2020,0.0002591666556852837
2021,0.00022448009852879758
2022,0.00024150658772071953
2023,0.00021956808228543596
2024,0.00023225921084208979
2025,0.00019017871193803356
2026,0.00018371652264328737
2027,0.0001785888006806615
2028,0.0001585836028639871
2029,0.00016536765347558907
2030,0.0001729175288157931
2031,0.00016968182019178873
2032,0.0001718950290341573
2033,0.00017613512236252761
2034,0.000168580876400753
2035,0.00018613832795570767
2036,0.00018821139478417473
2037,0.00017854160839400133
2038,0.00016847619809437674
2039,0.00018095052356534766
2040,0.00018412269140997636
2041,0.0001819864059289779
2042,0.00019458042425768028
2043,0.00018883604691280438
2044,0.0001668686534284222
2045,0.00020301688087875238
2046,0.00021353537418959245
2047,0.00019388471921137857
2048,0.0002016026689634515
2049,0.00017706774108117932
2050,0.0001862055048962947
2051,0.00018369847851149376
2052,0.00018139862387494957
2053,0.00015531934318307393
2054,0.00014719008611072001
2055,0.00015274172653018253
2056,0.0001675656972243466
2057,0.00016025139065340124
2058,0.00016548672109709846
2059,0.00015426174526589166
2060,0.00015891764994814322
2061,0.0001543478520462389
2062,0.00015405434957662656
2063,0.00017137237444606672
2064,0.00017955740623152498
2065,0.0002030994945121982
2066,0.00019327737404091743
2067,0.0001819451591793177
2068,0.00019553666097110004
2069,0.000192633893077834
2070,0.00018090441402131378
2071,0.00020257272178310782
2072,0.0001894797700334236
2073,0.00016934692752965612
2074,0.00014431219926381675
2075,0.00013700354945637972
2076,0.0001885684252370023
2077,0.00018693219044582155
2078,0.00018596473445832667
2079,0.00017560553698815873
2080,0.00015966044343730006
2081,0.0001530615351623564
2082,0.00016766064307093098
2083,0.0001825043130115379
2084,0.00017537784638597557
2085,0.00017847509938678766
2086,0.00018941385842120693
2087,0.00022345911998205155
2088,0.00020981743280524824
2089,0.00023601358055196108
2090,0.0002534697867711602
2091,0.00023525542830720827
2092,0.00022050602712175404
2093,0.00024998784453271467
2094,0.00023985479293630913
2095,0.00024091909394646446
2096,0.00021351197209153522
2097,0.00019951590252196378
2098,0.00018556704163835553
2099,0.00020366301953916887
2100,0.0001869733780642074
2101,0.00022472385255421995
2102,0.00021510914844986287
2103,0.00018635603423764784
2104,0.00018315813000427183
2105,0.00017846019007640025
2106,0.00018619432397637927
2107,0.00017521301395101002
2108,0.0001793958685504565
2109,0.00019128964842197077
2110,0.00021534467539966102
2111,0.00025315772610902534
2112,0.0002462561341288024
2113,0.00023399626492072732
2114,0.00023967448720789376
2115,0.00025649803359679047
2116,0.00023420756488464007
2117,0.0002329519603094924
2118,0.0002324872901680848
2119,0.0002343445244520187
2120,0.000248843559983917
2121,0.0002593329808131968
2122,0.00027157944465638646
2123,0.00024146568110939865
2124,0.0002294101281591801
2125,0.00021458501496260748
2126,0.00018773529406674065
2127,0.00018500598343010232
2128,0.00017050876740730463
2129,0.0001575229353122881
2130,0.00016122007907834335
2131,0.00014783221725023706
2132,0.00017163427624107764
2133,0.00015284789916735565
2134,0.00015298288620053808
2135,0.0001559711275004946
2136,0.00015938302473951193
2137,0.0001632855182395421
2138,0.00015280490877485965
2139,0.00015318697465923739
2140,0.00014584388328736664
2141,0.00015221315374756476
2142,0.00017812721775993333
2143,0.00016972451974867623
2144,0.00017442020769034198
2145,0.00016970009788888456
2146,0.00017201256180582938
2147,0.00020589632106936582
2148,0.00021672663857014006
2149,0.0001862840317312238
2150,0.00017609156594620826
2151,0.00015387862035314806
2152,0.00013237394217143454
2153,0.00014087927182362514
2154,0.00014391354327130524
2155,0.00016851977501840368
2156,0.00014500264316837195
2157,0.00013591000495306353
2158,0.00013892500645553565
2159,0.0001419069784292654
2160,0.00013625339294872035
2161,0.00012897233949692646
2162,0.0001360610070729296
2163,0.00014307489252004643
2164,0.0001491101112517946
2165,0.0001690140771438649
2166,0.0001837901680077476
2167,0.00016381103844401623
2168,0.00014158545061249383
2169,0.00011857528601367034
2170,0.00011843647601822844
2171,0.0001151595223835801
2172,0.0001282303784057867
2173,0.00013553190177957627
2174,0.0001548994772738314
2175,0.00017014248964860934
2176,0.0001679115076820939
2177,0.00014013787860945687
2178,0.00012701352382557906
2179,0.00014897031363052542
2180,0.0001647280926311649
2181,0.000188705052248264
2182,0.00017759937851913397
2183,0.00018088864086713563
2184,0.00016995388933759017
2185,0.0001812533880628961
2186,0.0001739919595366157
2187,0.00018132854690601768
2188,0.00015307864468143984
2189,0.00015695081376367726
2190,0.0001524487227547927
2191,0.0001760936838511176
2192,0.0001706929094436112
2193,0.00019618600254060355
2194,0.0001988455854281267
2195,0.00020478250787208323
2196,0.00020712609798343213
2197,0.00024219818008643248
2198,0.0002331157741536289
2199,0.00020773967721227527
2200,0.00019510057993957542
2201,0.00019552494014395613
2202,0.00023185081291082372
2203,0.00020191582363249304
2204,0.00019219289520109272
2205,0.0001723757145825116
2206,0.00017536213101793072
2207,0.00015646863777774418
2208,0.0001469165195765044
2209,0.00013787088688860624
2210,0.00014134205651985304
2211,0.0001342968927791629
2212,0.00014259361404731424
2213,0.0001361750540694347
2214,0.00015461066547093512
2215,0.00017894933181351863
2216,0.00018701383015987238
2217,0.00021429252092754
2218,0.00017821318126638041
2219,0.00016415736212777854
2220,0.0001540547469212139
2221,0.00013247166035987762
2222,0.00013951664152962067
2223,0.00011641501176324756
2224,0.00012641930444203155
2225,0.000139001343868292
2226,0.00012365229653571642
2227,0.00014427772945665155
2228,0.0001398014458452494
2229,0.00013523940146169678
2230,0.00013505746256914445
2231,0.00014045176960356158
2232,0.00014143566723997074
2233,0.00015144274330774004
2234,0.00012054277280515105
2235,0.0001366389343799928
2236,0.0001409157759044408
2237,0.00011172627021924732
2238,0.00011636731233129721
2239,0.00012572251578935802
2240,0.00013648199940863127
2241,0.00013297985827813216
2242,0.00016949448714572693
2243,0.00016273779679505936
2244,0.00014116310189865616
2245,0.00014203706112701748
2246,0.00013756938282316245
2247,0.00013056715145232797
2248,0.00013168184264621244
2249,0.0001451757722189833
2250,0.00016982048864881954
2251,0.0001807615592677636
2252,0.0001534002440206107
2253,0.0001491465473590024
2254,0.00013537133242093438
2255,0.00013766861284835932
2256,0.0001349367717441844
2257,0.0001253096319931329
2258,0.00011781223804739334
2259,0.00012611890885231786
2260,0.0001249486667311589
2261,0.00012958326484137478
2262,0.00013651216132889825
2263,0.00013968199083550984
2264,0.00013818039283359314
2265,0.0001391122431370079
2266,0.00013446084332138647
2267,0.000142113104021662
2268,0.0001228632667150197
2269,0.00013397052919549685
2270,0.00013732330547284771
2271,0.00016396423049429027
2272,0.00018014210938476898
2273,0.00018209551996428336
2274,0.00017590873292232538
2275,0.0001674661575329819
2276,0.00017878999898342273
2277,0.00018595933454022885
2278,0.00017359656426028163
2279,0.0001780554643394265
2280,0.00016037266716339478
2281,0.00013801098268944814
2282,0.00013716329544671314
2283,0.00012836976875195495
2284,0.00012484519545129336
2285,0.00012306183706286796
2286,0.00015531365700668795
2287,0.00014281196201206036
2288,0.0001494343398225446
2289,0.00014629059251892174
2290,0.0001773430378075405
2291,0.000191377253314589
2292,0.0001799067016582709
2293,0.00017729140865702152
2294,0.00015509851340272316
2295,0.00012701729893717172
2296,0.0001109964255307982
2297,0.0001241724991530807
2298,0.00013288850721419
2299,0.00011803655590815112
2300,0.00012032205890657476
2301,0.00013039182270595695
2302,0.00012154278777572452
2303,0.00011499055436302836
2304,0.00012131423426092922
2305,0.0001124571465517289
2306,0.00011354081541184902
2307,0.00011941870253026019
2308,0.00013098306331337257
2309,0.00012568193860504155
2310,0.00012301926189054948
2311,0.0001257049533159088
2312,0.00012285881112745212
2313,0.00012104992738868889
2314,0.00012919995493315995
2315,0.00012042362952663519
2316,0.00013956824321138798
2317,0.00011882396971200824
2318,0.00012031983624341829
2319,0.00011936200315829733
2320,0.0001117002949014237
2321,0.0001373045546757324
2322,0.00012656148824870706
2323,0.00011787911671627033
2324,0.00011908374254502759
2325,0.00011532297038800277
2326,0.00012338803029752403
2327,0.00012076500097533647
2328,0.0001204205216285651
2329,0.00012105078859899928
2330,0.00011989368244680039
2331,0.0001154151624842801
2332,0.00011369305383353534
2333,0.00012659542544200938
2334,0.0001709736461777222
2335,0.00014675766921242706
2336,0.00014173662459825558
2337,0.00011468873938702164
2338,0.00010306424634743757
2339,0.00010521162698740197
2340,0.00010562489521004061
2341,0.00014686052597450832
2342,0.00018552581099736277
2343,0.00020619125408071458
2344,0.00019190987260325756
2345,0.000169560564525679
2346,0.00015944301115818844
2347,0.00017422256992772326
2348,0.0001638203430544959
2349,0.0002004168859345583
2350,0.0001795601405836299
2351,0.00017358602312377773
2352,0.00015653389044568527
2353,0.00016494448845106932
2354,0.0001612017452730433
2355,0.0001529130663335133
2356,0.0001492074376623774
2357,0.00014685629214058668
2358,0.00012914741684803239
2359,0.00012428618737313145
2360,0.0001283477333541836
2361,0.00013070633443120784
2362,0.00013422503403640444
2363,0.0001445799224358592
2364,0.00016358575860546181
2365,0.00012537119957312296
2366,0.00013725723251722775
2367,0.00014110395624048367
2368,0.00012977058518704823
2369,0.0001279346367180606
2370,0.00011556840438714972
2371,0.00011717944115481531
2372,0.00011403703912437475
2373,0.00011931876150771427
2374,0.00011507299011616954
2375,0.00011810770920116619
2376,0.00011312165341041214
2377,0.000105433479611132
2378,0.00010726461613964158
2379,0.0001085487868280513
2380,0.0001176788283548435
2381,0.00012076219289791276
2382,0.00013407206994271265
2383,0.00013342062260114182
2384,0.00013678750298510341
2385,0.00012286200534386663
2386,0.0001476010330317208
2387,0.00014128245287475252
2388,0.00012365948790358665
2389,0.0001300346927351171
2390,0.0001237253586534252
2391,0.00010988642980832475
2392,0.00010395406796216597
2393,0.00011228028435909903
2394,0.0001248720016583781
2395,0.00011205667483218177
2396,0.00011426425658943692
2397,0.00012564422495195168
2398,0.00013277887028584963
2399,0.0001369122749348195
2400,0.00010957322455033955
2401,0.0001031541487280022
2402,9.459771812996298e-05
2403,0.0001015044679190412
2404,0.00011432298166396396
2405,0.00011335976689768598
2406,0.00012052454503296482
2407,0.0001486622877931236
2408,0.0001405123665866148
2409,0.00010565645969846647
2410,0.0001130639489333992
2411,0.00012302556481453235
2412,0.0001119446009241628
2413,9.759644192766729e-05
2414,0.00010485054760438979
2415,0.0001036441211261606
2416,0.00010431177792448061
2417,9.598311264925541e-05
2418,0.00010310887756514772
2419,9.536077739133996e-05
2420,0.00010189890725989444
2421,0.00010300789133174998
2422,0.00010951492848549934
2423,0.00010207068589039174
2424,0.00010092097336672129
2425,8.903992209399236e-05
2426,8.788084083368692e-05
2427,8.388818985425682e-05
2428,9.607237142932343e-05
2429,0.00010088519992889715
2430,9.89284854544539e-05
2431,8.830430983987784e-05
2432,8.46565319076347e-05
2433,9.034184735217333e-05
2434,7.712084827761497e-05
2435,7.108870410549073e-05
2436,7.315212620245526e-05
2437,7.6145233118534e-05
2438,8.753415240363094e-05
2439,9.620225085023807e-05
2440,9.865164647782432e-05
2441,0.00010143370211956597
2442,8.690162563728085e-05
2443,8.15090152575773e-05
2444,9.596529291754191e-05
2445,0.00010289716659853027
2446,0.00010573802502021413
2447,0.0001146064902558866
2448,0.0001080746283605249
2449,0.00010152423949027886
2450,9.035216079560435e-05
2451,8.952710880783088e-05
2452,8.905534357184507e-05
2453,8.91664154498178e-05
2454,8.103340335145461e-05
2455,8.860246017163896e-05
2456,8.613582090950223e-05
2457,8.052393791208532e-05
2458,8.43675866905597e-05
2459,0.00010036059867333171
2460,9.344704294123065e-05
2461,7.762888189753979e-05
2462,8.99273618797308e-05
2463,0.00012302195632424225
2464,0.00010543019865847038
2465,0.00010689952000410253
2466,0.00010310823019307294
2467,9.506994792770479e-05
2468,9.522555472609866e-05
2469,0.00010760980437773066
2470,9.579158528700155e-05
2471,0.0001052144760086356
2472,9.362210135518814e-05
2473,0.00010310838607174822
2474,9.76318359437301e-05
2475,9.395944994677783e-05
2476,8.13115754436453e-05
2477,9.68678586841948e-05
2478,0.0001015215006682133
2479,0.00010902739187825189
2480,0.00010107735440492156
2481,9.223806065929298e-05
2482,9.216031030440962e-05
2483,0.00012021364996097549
2484,0.00010947166251860424
2485,0.00011895043243696168
2486,0.00011376539345846014
2487,0.00010988659808689648
2488,0.00011601531860697954
2489,0.0001163259807770606
2490,0.00010810701932076008
2491,0.0001008901002763926
2492,0.00011361682882947295
2493,0.00010860490247406086
2494,0.0001158580925352744
2495,0.00012015029078988362
2496,0.00011138093535632512
2497,0.00010780700921472408
2498,9.880888471492691e-05
2499,0.00011513007655351752
2500,0.00011515200393925846
2501,0.00012089023244164444
2502,0.00012590662773304573
2503,0.00011299511209127246
2504,0.00010956771828609158
2505,9.286257383093823e-05
2506,8.527424262886265e-05
2507,8.487403701599315e-05
2508,8.082367498711652e-05
2509,8.332510155376001e-05
2510,0.00010458136416448253
2511,8.943218361004127e-05
2512,8.416239291922507e-05
2513,8.754070505667589e-05
2514,9.055810236002236e-05
2515,8.210982647425463e-05
2516,9.160283615911487e-05
2517,0.00010050295738742325
2518,0.00013255499489178864
2519,0.00014177327614579854
2520,0.00011677054470758867
2521,9.754224897017065e-05
2522,8.697376269019272e-05
2523,9.065718639396469e-05
2524,0.00010034014984114228
2525,0.00011914048137538919
2526,0.00013770265620562187
2527,0.00011394328850536939
2528,0.00012753163705291103
2529,9.509908357382511e-05
2530,8.712518413525913e-05
2531,8.898982885545913e-05
2532,7.60963686409984e-05
2533,7.624922310184144e-05
2534,8.274296168143264e-05
2535,8.183723739630438e-05
2536,7.693415608396303e-05
2537,7.480099412093062e-05
2538,7.485881325793993e-05
2539,8.682395552965265e-05
2540,7.493335498319419e-05
2541,8.09572947331378e-05
2542,8.836622121945474e-05
2543,7.222341719168555e-05
2544,6.0254387696101374e-05
2545,6.286892120345389e-05
2546,7.265489876243218e-05
2547,7.191561904465097e-05
2548,7.968076553871561e-05
2549,7.386142096000255e-05
2550,7.381512185239643e-05
2551,7.507006164704797e-05
2552,7.592060827169979e-05
2553,8.093419156182967e-05
2554,8.253783925110711e-05
2555,7.152770635941669e-05
2556,6.451306806854406e-05
2557,6.855736537160889e-05
2558,7.324893573297868e-05
2559,7.31402522719807e-05
2560,7.243157929763003e-05
2561,7.01645990374398e-05
2562,7.443567372394011e-05
2563,7.322495925085942e-05
2564,9.096452928873946e-05
2565,0.00010596869184155124
2566,9.349493651527376e-05
2567,9.792226327955948e-05
2568,8.850070858119828e-05
2569,8.526699470585872e-05
2570,8.428331068041804e-05
2571,7.586417339824348e-05
2572,7.767368678165936e-05
2573,8.544530065211047e-05
2574,6.725740156807302e-05
2575,7.23521017795006e-05
2576,7.401885691264724e-05
2577,9.169722903901749e-05
2578,7.122524102644556e-05
2579,5.748923799422668e-05
2580,6.286972017814268e-05
2581,6.449339415298132e-05
2582,7.911220549209935e-05
2583,7.329626216949646e-05
2584,8.617850073485979e-05
2585,8.493203555939036e-05
2586,7.99519206543784e-05
2587,9.296819344120175e-05
2588,8.624791300093492e-05
2589,8.038250702293726e-05
2590,7.161078109798633e-05
2591,6.846583799067661e-05
2592,6.811862003381022e-05
2593,6.766510287123587e-05
2594,7.269699659162568e-05
2595,6.646188887205377e-05
2596,6.0299510729768495e-05
2597,6.253329272986976e-05
2598,6.550821778769623e-05
2599,6.796505717588485e-05
2600,6.574901333056321e-05
2601,7.152293490209042e-05
2602,7.593297674992486e-05
2603,8.010556579159896e-05
2604,9.040407623682097e-05
2605,8.599779484262039e-05
2606,7.440713947047877e-05
2607,9.152125570075517e-05
2608,7.387033617554092e-05
2609,8.245382982655902e-05
2610,9.464450924694863e-05
2611,0.00011307690040524074
2612,0.00012658747128422673
2613,0.00011271099907572206
2614,0.00012039986932729514
2615,0.00012882880188670284
2616,0.00012182757108306408
2617,0.0001286732640520524
2618,0.00011884420524232237
2619,0.00012240464230908
2620,0.0001124761898928796
2621,0.00012299354017752134
2622,0.00012349646455788254
2623,0.00012030923751028912
2624,0.00010793191167679883
2625,9.26841349344641e-05
2626,7.623074366375972e-05
2627,6.808125947447343e-05
2628,7.257101086445196e-05
2629,8.211982069938287e-05
2630,7.571757795109671e-05
2631,8.593642148319863e-05
2632,0.00010370777296378115
2633,0.00010083586919295138
2634,0.00010603733650419297
2635,9.968663305618689e-05
2636,8.51004462395326e-05
2637,9.551199442717707e-05
2638,0.00010247321415395862
2639,9.747591842349955e-05
2640,9.303612528621801e-05
2641,8.682399921840971e-05
2642,9.414396869290571e-05
2643,0.0001091679479023251
2644,9.229008063535645e-05
2645,0.00010618807995343984
2646,9.545995147701336e-05
2647,7.949185206423639e-05
2648,8.785530733801339e-05
2649,9.603180652960467e-05
2650,0.00012326093041221863
2651,0.00012514884163208472
2652,0.0001276288708506631
2653,9.779792725639994e-05
2654,9.921933055018325e-05
2655,0.00010674897044282667
2656,0.00010929995980720035
2657,0.00010668616855493969
2658,9.286378635972343e-05
2659,7.846097587830621e-05
2660,7.717658396447418e-05
2661,7.269556766963222e-05
2662,5.9634159596502245e-05
2663,6.636141677177074e-05
2664,6.954164647390134e-05
2665,6.532869750891132e-05
2666,6.689453538275514e-05
2667,8.342736670554067e-05
2668,8.043937461407547e-05
2669,0.00010244054280480917
2670,9.366367852853222e-05
2671,8.261984693831903e-05
2672,8.920759404094441e-05
2673,8.754938376938554e-05
2674,0.0001021320342823308
2675,0.00010675127089796576
2676,0.00010003740280316425
2677,8.371213840454243e-05
2678,6.797189118560105e-05
2679,6.719980670728069e-05
2680,6.742705710858772e-05
2681,6.231316039621634e-05
2682,7.352766704706652e-05
2683,7.353638520517099e-05
2684,6.69619318244442e-05
2685,6.946921843130657e-05
2686,5.466391715673547e-05
2687,5.735980376543028e-05
2688,5.4965980626972975e-05
2689,5.931368768209778e-05
2690,6.577991652251146e-05
2691,6.634545894475083e-05
2692,6.66510356229128e-05
2693,6.755539927775154e-05
2694,6.509453351512984e-05
2695,7.916534734114239e-05
2696,9.833145511531154e-05
2697,0.00012001724705506357
2698,0.00013846814626931932
2699,0.00010883621115268485
2700,0.00010792196834813995
2701,0.00011798754311123834
2702,0.0001022822992013431
2703,0.00010287358306466692
2704,0.00013282397310731542
2705,0.0001247586180481159
2706,0.00012733653401523324
2707,0.00010976402157423909
2708,8.930107873931184e-05
2709,8.049405247792361e-05
2710,7.506812058586176e-05
2711,8.3684525562884e-05
2712,9.774688447612412e-05
2713,0.00010707931910334955
2714,0.00011368988581133868
2715,0.0001003662862749875
2716,7.180699162291773e-05
2717,6.393901644649698e-05
2718,6.25000182556568e-05
2719,7.158319009007952e-05
2720,7.361433773110731e-05
2721,6.935484347406742e-05
2722,6.989663965122562e-05
2723,6.992167507502798e-05
2724,6.413987473581825e-05
2725,5.32981030505277e-05
2726,5.4348926674513995e-05
2727,6.054458732822495e-05
2728,5.276951873073637e-05
2729,5.9084966926641706e-05
2730,6.806772369140529e-05
2731,6.740638707959876e-05
2732,5.702615421248992e-05
2733,6.116393261457527e-05
2734,6.150031206070602e-05
2735,5.707557145992304e-05
2736,5.4912464608912736e-05
2737,5.3006818898875034e-05
2738,5.53458316500736e-05
2739,5.979619599481306e-05
2740,5.9895383172495044e-05
2741,4.841379293558046e-05
2742,4.602195625965583e-05
2743,4.782027009049584e-05
2744,4.758987648982682e-05
2745,4.867792549360856e-05
2746,4.9629651054244914e-05
2747,5.952047663476073e-05
2748,5.61585627272426e-05
2749,5.017049404078411e-05
2750,4.473863954815854e-05
2751,4.312029251284486e-05
2752,4.745679059019624e-05
2753,5.572624856687027e-05
2754,5.9008926396619594e-05
2755,6.157986016810871e-05
2756,7.243525139632472e-05
2757,8.3292870554881e-05
2758,6.941825466864528e-05
2759,7.184222043453671e-05
2760,7.024605615617764e-05
2761,7.011090468368284e-05
2762,5.806309838724076e-05
2763,5.856026979428105e-05
2764,5.851747551304991e-05
2765,6.669092312471092e-05
2766,6.315859854016527e-05
2767,6.332672581399259e-05
2768,5.78156657343189e-05
2769,6.582813473743652e-05
2770,7.366025382192602e-05
2771,6.124232547207049e-05
2772,6.55463075366479e-05
2773,6.692522393538925e-05
2774,6.731106731606301e-05
2775,6.87555551023725e-05
2776,6.97470531586497e-05
2777,6.2286430436126e-05
2778,5.484652326350132e-05
2779,5.716210138662363e-05
2780,5.8766882724324e-05
2781,5.388058991475762e-05
2782,5.7883528349293354e-05
2783,6.004796364646703e-05
2784,7.726716455999533e-05
2785,6.727789737239426e-05
2786,6.594340987489794e-05
2787,5.766043081854534e-05
2788,5.401041749289974e-05
2789,4.773442663346374e-05
2790,4.74739140968263e-05
2791,5.0379238059435635e-05
2792,5.925632034448453e-05
2793,6.732761200509888e-05
2794,7.084417971607483e-05
2795,6.908347531172802e-05
2796,6.834782790033255e-05
2797,6.703047961391189e-05
2798,5.229948582316538e-05
2799,5.858200547371628e-05
2800,5.7007953956003314e-05
2801,6.190499249310438e-05
2802,6.995440259922281e-05
2803,6.216733858874995e-05
2804,5.6722360594572604e-05
2805,6.274201299776008e-05
2806,5.737683822741291e-05
2807,5.202349422880068e-05
2808,5.8541526026098826e-05
2809,5.99290436640144e-05
2810,5.4639101631108134e-05
2811,5.01849400840911e-05
2812,4.817266661205689e-05
2813,4.076233782085263e-05
2814,3.5356694988391826e-05
2815,4.1675151261662257e-05
2816,4.616720805223202e-05
2817,6.50354774843049e-05
2818,7.726137513633136e-05
2819,6.935148898094458e-05
2820,6.097432306338651e-05
2821,7.459005995081153e-05
2822,6.128078444155765e-05
2823,6.296273523241885e-05
2824,6.028495690535968e-05
2825,5.748817554054276e-05
2826,5.359000237532503e-05
2827,5.316365991874542e-05
2828,5.587826186582374e-05
2829,4.7507398170188245e-05
2830,3.983607792180577e-05
2831,4.455011063014671e-05
2832,4.516277236515821e-05
2833,4.5892384423973835e-05
2834,4.972299994815961e-05
2835,6.200865907326561e-05
2836,5.025467300921638e-05
2837,4.5671328178304095e-05
2838,5.356327147674376e-05
2839,4.775914241238022e-05
2840,4.484015731209583e-05
2841,4.3147630273381614e-05
2842,4.1700146273394754e-05
2843,4.361647657523612e-05
2844,4.479352035118149e-05
2845,3.8894905798977596e-05
2846,5.1659529534015176e-05
2847,5.44843384389304e-05
2848,6.277693539843714e-05
2849,5.364888871665406e-05
2850,5.1804786169036345e-05
2851,4.689728377796485e-05
2852,4.3635914757866336e-05
2853,5.256389427287256e-05
2854,3.689667367288364e-05
2855,4.2397494735800607e-05
2856,5.187212927081678e-05
2857,6.687443842040225e-05
2858,5.9754189885232644e-05
2859,5.5782036363531085e-05
2860,6.864188066221158e-05
2861,7.338521358118753e-05
2862,7.670743354222845e-05
2863,6.501403720591134e-05
2864,6.113050020106395e-05
2865,6.0164068575779273e-05
2866,5.292359324044797e-05
2867,5.01449783902276e-05
2868,7.878737399682334e-05
2869,7.395376012766078e-05
2870,8.067014265443102e-05
2871,7.374309289090478e-05
2872,7.98874596073984e-05
2873,6.436894658363446e-05
2874,6.513080627733789e-05
2875,6.220946681464523e-05
2876,7.245165075445479e-05
2877,7.284093169530111e-05
2878,7.920386892691234e-05
2879,7.50503864547253e-05
2880,7.772034469361077e-05
2881,6.89810571215619e-05
2882,5.781578783660295e-05
2883,7.340484079740525e-05
2884,6.774266127936334e-05
2885,5.735186390571694e-05
2886,6.001464047590422e-05
2887,6.453405758680436e-05
2888,7.935129780960512e-05
2889,7.713639814500396e-05
2890,7.58588368394825e-05
2891,8.220682480999746e-05
2892,6.867948407528195e-05
2893,6.209682611639793e-05
2894,5.027738872899821e-05
2895,5.5744634193498024e-05
2896,5.478222756863211e-05
2897,5.486724118899931e-05
2898,6.224392035918136e-05
2899,5.120624077906815e-05
2900,5.1481949593942464e-05
2901,4.421202210832635e-05
2902,4.293589645084972e-05
2903,4.319328731339874e-05
2904,4.140436739816048e-05
2905,4.3557845935971896e-05
2906,4.051423032790485e-05
2907,3.8195390537569144e-05
2908,3.796477457871239e-05
2909,3.885538349936422e-05
2910,3.420117826965208e-05
2911,3.6111240145326144e-05
2912,3.724725730412168e-05
2913,4.071188005891179e-05
2914,4.2796524549065935e-05
2915,5.86613706460063e-05
2916,4.862920409397717e-05
2917,4.4952597724695896e-05
2918,5.269161514994315e-05
2919,6.0488752445737954e-05
2920,5.711793756776934e-05
2921,5.222434288375167e-05
2922,4.355464418969013e-05
2923,4.243898456476787e-05
2924,5.8515548933783626e-05
2925,4.8627525469421265e-05
2926,3.904718144240015e-05
2927,3.769759337825661e-05
2928,3.971023053532824e-05
2929,3.65316751953629e-05
2930,3.718141030491458e-05
2931,3.538758694445103e-05
2932,4.1135823813684016e-05
2933,4.219773042031491e-05
2934,4.996117435677045e-05
2935,6.382261614805891e-05
2936,7.307410010541767e-05
2937,6.372077125719191e-05
2938,5.186905423694659e-05
2939,5.430320757243583e-05
2940,4.514857293401378e-05
2941,4.6504040764250476e-05
2942,4.181006351746175e-05
2943,4.647494931291751e-05
2944,4.854505939824437e-05
2945,4.067988383796819e-05
2946,3.54472170793458e-05
2947,4.009963588477952e-05
2948,4.143457326163387e-05
2949,4.8217410782834014e-05
2950,4.4996929325812784e-05
2951,4.27695586774039e-05
2952,4.504089579792156e-05
2953,4.149520394019193e-05
2954,4.38843351129252e-05
2955,6.779485692690893e-05
2956,7.390109701216551e-05
2957,8.866566577147299e-05
2958,8.212231517372192e-05
2959,9.971343871631385e-05
2960,0.00012339560532003367
2961,0.00012539184338678397
2962,0.0001399277179825408
2963,0.0001333565110901853
2964,0.00013650130160357477
2965,0.00012008237191519357
2966,0.00011337428759915265
2967,0.00011567439538397701
2968,0.00010984151691115487
2969,0.00010963437135471472
2970,0.00011487797361799378
2971,0.00010090245306376598
2972,0.0001071104981472033
2973,0.0001327948774947755
2974,0.00010490441573138973
2975,9.826991829579096e-05
2976,8.407264176491747e-05
2977,8.625978488045631e-05
2978,8.066958597439774e-05
2979,7.310834758784501e-05
2980,5.546869019741215e-05
2981,4.611608069559343e-05
2982,4.364957627721622e-05
2983,5.024863343667209e-05
2984,4.9019592251963895e-05
2985,4.58937996615465e-05
2986,4.864526320105323e-05
2987,5.515251983111164e-05
2988,5.616560398114121e-05
2989,7.317042459590807e-05
2990,7.304819579330766e-05
2991,7.426452158997681e-05
2992,6.673960493651183e-05
2993,0.00010919202479060832
2994,0.0005824164682042863
2995,0.0005024623466014103
2996,0.0004971536760159324
2997,0.0005541004574455971
2998,0.00032731603260098096
2999,0.00035724070297506335
3000,0.0003074203623051095
3001,0.0002460047029072017
3002,0.00023082477269276464
3003,0.000218209840105563
3004,0.00018968613397843872
3005,0.00019217330664281793
3006,0.000158593603623269
3007,0.00013998472589634255
3008,0.00010977936454177721
3009,0.00010381321747173047
3010,0.00013833296019298964
3011,0.00010858862516267458
3012,9.803134016755939e-05
3013,0.00012841325944993765
3014,0.00015745483710803799
3015,0.0001924204752247786
3016,0.00019797297746881187
3017,0.00016989893423939657
3018,0.000169646135653297
3019,0.00017639265974353724
3020,0.00016600516698626183
3021,0.00016276922043006903
3022,0.00014310962859284318
3023,0.0001381072088958882
3024,0.00011094697142744901
3025,9.607857002466724e-05
3026,7.315836889928798e-05
3027,7.819398020335211e-05
3028,7.910744630212236e-05
3029,7.440403339951543e-05
3030,6.808504379979675e-05
3031,6.637610633422948e-05
3032,6.290562099059592e-05
3033,7.320100052040804e-05
3034,7.670557105729321e-05
3035,7.320385026655219e-05
3036,6.06957655182293e-05
3037,5.434561176259009e-05
3038,4.608490485755555e-05
3039,4.521002658613892e-05
3040,4.1637337846268154e-05
3041,4.22283259870752e-05
3042,3.825467492235501e-05
3043,4.4002386745554225e-05
3044,3.9641911612625945e-05
3045,3.621737665260798e-05
3046,3.56772763682742e-05
3047,4.412994282900228e-05
3048,3.880236466139733e-05
3049,4.134417543032825e-05
3050,5.0629733489921306e-05
3051,4.400078482934282e-05
3052,3.816238385629193e-05
3053,4.726153749972076e-05
3054,5.4034722470153044e-05
3055,4.680420141370686e-05
3056,4.5099266299129e-05
3057,4.6467867039311686e-05
3058,4.030133555530886e-05
3059,4.4507851979804576e-05
3060,4.2604125595976714e-05
3061,3.708671944989903e-05
3062,3.754678608598973e-05
3063,4.456406882333364e-05
3064,5.184330723842363e-05
3065,4.893588301623214e-05
3066,4.6176791918687174e-05
3067,4.160460876598005e-05
3068,3.3990399996566805e-05
3069,2.9443412309171105e-05
3070,2.733691109252018e-05
3071,3.0099503836030857e-05
3072,3.373358153467907e-05
3073,3.4127780710915085e-05
3074,4.369124381704078e-05
3075,4.3891816126575036e-05
3076,4.088897079570187e-05
3077,3.945903893274359e-05
3078,4.2620633283261845e-05
3079,3.739658078973138e-05
3080,3.465501345010276e-05
3081,3.346400529235112e-05
3082,3.401365146257521e-05
3083,3.671935881316419e-05
3084,3.648420304853888e-05
3085,3.8777953430801965e-05
3086,4.120484171162273e-05
3087,4.693464787021833e-05
3088,4.532152571968902e-05
3089,3.825217324676086e-05
3090,3.571331792263943e-05
3091,3.972654404142766e-05
3092,3.810359432919515e-05
3093,3.504738793525635e-05
3094,3.518027702170769e-05
3095,3.462858130013951e-05
3096,3.4155199650940665e-05
3097,3.094952058369031e-05
3098,3.311138778567319e-05
3099,3.615657621824108e-05
3100,4.073266007026473e-05
3101,4.801499949331138e-05
3102,4.2996413606489085e-05
3103,3.904042605621735e-05
3104,3.920986116537532e-05
3105,3.672321219715121e-05
3106,3.623285510631979e-05
3107,3.099916928818203e-05
3108,3.8071691393958946e-05
3109,4.600242033021336e-05
3110,5.4676262594464656e-05
3111,5.758721845792294e-05
3112,4.9880306761877764e-05
3113,4.5143997902940725e-05
3114,4.3312380916795354e-05
3115,3.5713458062448054e-05
3116,3.088462431136233e-05
3117,2.6275694969911306e-05
3118,2.9276044963848436e-05
3119,2.7951997462147435e-05
3120,2.7531478389981418e-05
3121,2.8164435511795528e-05
3122,2.9329449066355885e-05
3123,3.3998721271346924e-05
3124,2.9547963566624114e-05
3125,3.504732954538161e-05
3126,3.3307075728033685e-05
3127,3.257736282142157e-05
3128,3.353626803470211e-05
3129,3.344697277856415e-05
3130,3.952593672240141e-05
3131,3.998380819979666e-05
3132,3.880117195325393e-05
3133,4.133704821945128e-05
3134,4.461395160256248e-05
3135,3.949363405756722e-05
3136,4.316164361957749e-05
3137,4.136138012219486e-05
3138,5.2164042151654214e-05
3139,5.1823237386087894e-05
3140,4.046200723799218e-05
3141,4.038783857457725e-05
3142,4.164886494869233e-05
3143,3.538556521581141e-05
3144,3.02527677069274e-05
3145,4.2452694908677686e-05
3146,3.8131851776366905e-05
3147,3.272897713065015e-05
3148,4.058367476310357e-05
3149,3.4488501571590365e-05
3150,2.8698528249731283e-05
3151,3.75341511506361e-05
3152,3.5224525234354755e-05
3153,3.488753019211195e-05
3154,3.5224966520210945e-05
3155,2.993525945984754e-05
3156,3.389212254893754e-05
3157,3.291731801440931e-05
3158,3.6628739634455525e-05
3159,3.6325940192718834e-05
3160,3.558483070507187e-05
3161,3.061849562472869e-05
3162,3.6614981342601526e-05
3163,3.878210154559897e-05
3164,3.089567123283662e-05
3165,3.170093226147083e-05
3166,2.9732334095272195e-05
3167,2.9722570009493684e-05
3168,3.0313323441717233e-05
3169,3.51197207387589e-05
3170,3.299180259358219e-05
3171,4.0314066099092116e-05
3172,3.3218576036873386e-05
3173,3.497103694244368e-05
3174,3.269684253102661e-05
3175,3.446819800933733e-05
3176,4.2281702578646625e-05
3177,4.689126330287756e-05
3178,3.9046911060912874e-05
3179,3.493278507660856e-05
3180,3.464876116265834e-05
3181,3.127315568850975e-05
3182,3.40857277736199e-05
3183,3.413600074398351e-05
3184,3.328834600278528e-05
3185,2.7735464254663234e-05
3186,3.20767157802435e-05
3187,3.724201654661519e-05
3188,3.2252713611389085e-05
3189,3.108521043322894e-05
3190,3.559158183660547e-05
3191,3.934330959551063e-05
3192,3.707510694657956e-05
3193,4.298884034801376e-05
3194,3.9040946002110054e-05
3195,3.960449971079743e-05
3196,3.197091194377957e-05
3197,3.2421247756937464e-05
3198,3.145761892017895e-05
3199,3.526932824349711e-05
3200,3.2690209671288267e-05
3201,3.1218702669475785e-05
3202,2.9419092176336355e-05
3203,2.7568817285352433e-05
3204,2.4380613188627102e-05
3205,2.486875138229334e-05
3206,2.8509258766547345e-05
3207,3.23500891315936e-05
3208,3.7094349978383914e-05
3209,3.8941214503792053e-05
3210,4.445279268837244e-05
3211,3.786843116710619e-05
3212,3.067818041169455e-05
3213,3.525449904641345e-05
3214,3.366376648752741e-05
3215,3.1001844402753134e-05
3216,3.118005435751106e-05
3217,3.8386088635902046e-05
3218,3.583339419951921e-05
3219,4.172323258382408e-05
3220,4.387103109945949e-05
3221,4.38299078454134e-05
3222,5.793786790604022e-05
3223,6.936265164206601e-05
3224,5.171183332496605e-05
3225,4.9725751047054676e-05
3226,4.355328846169177e-05
3227,4.5752258438291104e-05
3228,4.073258975005055e-05
3229,3.697235861689085e-05
3230,3.846283891784997e-05
3231,3.937884915696347e-05
3232,4.387696908472321e-05
3233,4.548236926634766e-05
3234,5.522102397716693e-05
3235,4.728547844096938e-05
3236,5.075396573235642e-05
3237,5.550637930722306e-05
3238,5.239697675942012e-05
3239,6.342275207076395e-05
3240,6.548900640563986e-05
3241,5.955788745265932e-05
3242,4.67556220683574e-05
3243,4.2073564282802723e-05
3244,5.346459601559259e-05
3245,6.115195410073615e-05
3246,5.945164436166241e-05
3247,5.613287528908515e-05
3248,8.241501362301154e-05
3249,7.011519261983331e-05
3250,7.32691763402926e-05
3251,6.24347040757901e-05
3252,6.48527972908906e-05
3253,5.093306179623853e-05
3254,6.701999001384936e-05
3255,5.394115675893083e-05
3256,4.4055401440399413e-05
3257,4.518762576330378e-05
3258,4.3464719819830304e-05
3259,4.2480037156336554e-05
3260,4.3267063956346774e-05
3261,4.961976035010157e-05
3262,5.224141314977005e-05
3263,4.597233671058292e-05
3264,4.750275059043435e-05
3265,5.375286138310442e-05
3266,5.0703642528539555e-05
3267,6.537174897436236e-05
3268,6.242817217126969e-05
3269,7.410687143227765e-05
3270,6.234592904122076e-05
3271,5.3469577091241573e-05
3272,5.136733627004429e-05
3273,4.7341091704499916e-05
3274,4.7155362770888584e-05
3275,5.3653150305500965e-05
3276,4.637640881996399e-05
3277,4.2842548111920225e-05
3278,4.298340115748702e-05
3279,3.781506263302218e-05
3280,3.522378972879466e-05
3281,3.4251504431999854e-05
3282,4.2327946705212673e-05
3283,3.53370926984904e-05
3284,3.773301745678921e-05
3285,4.5448891011809604e-05
3286,4.476605161391805e-05
3287,4.112799007252147e-05
3288,4.8797883733577074e-05
3289,5.692148083990219e-05
3290,6.826156109753518e-05
3291,6.580999468974239e-05
3292,6.137380760551668e-05
3293,8.361307633921521e-05
3294,5.469962061153011e-05
3295,5.528041341256527e-05
3296,5.988634449181113e-05
3297,5.608447709451414e-05
3298,7.096910541189695e-05
3299,5.999901993293824e-05
3300,6.500221202596873e-05
3301,7.01826998529323e-05
3302,6.478582443904103e-05
3303,5.682150361943648e-05
3304,5.225305074012687e-05
3305,5.200234530076161e-05
3306,5.237111065647361e-05
3307,5.2390270192872265e-05
3308,4.28314716958559e-05
3309,3.799046256575881e-05
3310,4.187767964188436e-05
3311,4.323346453042669e-05
3312,3.931770774521534e-05
3313,3.998367290006927e-05
3314,3.975590920403995e-05
3315,3.3967298508823165e-05
3316,3.8416978372700956e-05
3317,3.888061759910927e-05
3318,5.1992858856872367e-05
3319,5.345457423557765e-05
3320,4.833718483363073e-05
3321,4.315241656058717e-05
3322,4.1770083993754065e-05
3323,3.7785690557217107e-05
3324,3.422954028965857e-05
3325,3.6930706260506906e-05
3326,3.589695759145155e-05
3327,2.9687104950388758e-05
3328,3.575068406396698e-05
3329,3.564946146550651e-05
3330,2.9043484528115278e-05
3331,3.180565685658307e-05
3332,3.409281081473195e-05
3333,3.451568666704501e-05
3334,3.32197107001291e-05
3335,3.70317017945647e-05
3336,3.6068835108416956e-05
3337,4.3370771630115516e-05
3338,4.966017233165503e-05
3339,6.46953942685334e-05
3340,5.395203888447952e-05
3341,6.884898425325185e-05
3342,6.637765348829893e-05
3343,5.467462948367791e-05
3344,5.958332263564514e-05
3345,6.238727223947846e-05
3346,5.881746215241775e-05
3347,4.80453683160149e-05
3348,4.694531118394094e-05
3349,5.12478510363428e-05
3350,5.2011053520917374e-05
3351,5.7756800813286744e-05
3352,5.9228299111948354e-05
3353,6.081660383826602e-05
3354,4.811153784096195e-05
3355,4.591989190651941e-05
3356,4.4840774085738825e-05
3357,4.99283058454576e-05
3358,4.917554385626927e-05
3359,5.087272144265542e-05
3360,4.226773244697135e-05
3361,4.142614449677095e-05
3362,4.034889128510854e-05
3363,3.851758737641493e-05
3364,3.455479931622445e-05
3365,2.9298901385229786e-05
3366,3.638618705486119e-05
3367,3.41160194894238e-05
3368,2.942344602834639e-05
3369,3.261811128953063e-05
3370,3.723280192181666e-05
3371,3.665740769854052e-05
3372,3.453477646824394e-05
3373,2.9920070631079952e-05
3374,2.8065962201126094e-05
3375,2.644998358237711e-05
3376,2.713706125358276e-05
3377,3.1947004650322497e-05
3378,3.6109587966683014e-05
3379,3.3828009182348236e-05
3380,2.9812638857940272e-05
3381,3.146867565106848e-05
3382,3.221944381159982e-05
3383,3.423928347961906e-05
3384,3.337750275257771e-05
3385,2.8129547332010407e-05
3386,2.3207541031396004e-05
3387,2.2210686639341166e-05
3388,2.371838836624982e-05
3389,2.28227090644799e-05
3390,3.046268858171853e-05
3391,3.3123325016596035e-05
3392,3.212501389290542e-05
3393,3.5587285587299845e-05
3394,4.1443205171998846e-05
3395,3.804139544220672e-05
3396,3.414293135400216e-05
3397,3.4156386372650585e-05
3398,4.259485661102242e-05
3399,4.1753525249351654e-05
3400,3.4795955445950684e-05
3401,5.1902091632468234e-05
3402,5.2362429226984885e-05
3403,5.328159259246923e-05
3404,5.081814873502418e-05
3405,5.612260744019245e-05
3406,6.411032241374946e-05
3407,6.036768755677564e-05
3408,3.77030778209424e-05
3409,4.252414364664833e-05
3410,4.38849920251247e-05
3411,3.765828759231514e-05
3412,4.5247013365838e-05
3413,4.2834126238430676e-05
3414,3.670045772772337e-05
3415,4.5854568131019936e-05
3416,4.542101323114853e-05
3417,5.1373325275192616e-05
3418,5.693760862784281e-05
3419,4.8925829999775117e-05
3420,4.012361695981964e-05
3421,3.221809085969507e-05
3422,3.321117775996885e-05
3423,3.452427119893381e-05
3424,2.8275763187794713e-05
3425,3.0456602942875086e-05
3426,2.8265055027636732e-05
3427,3.1571076827680854e-05
3428,3.937768104447687e-05
3429,4.350176544678975e-05
3430,3.996971554402065e-05
3431,4.474321838458983e-05
3432,4.696750640332058e-05
3433,5.1360581256331935e-05
3434,4.195381158246092e-05
3435,3.611458580759475e-05
3436,3.5277055663629984e-05
3437,3.6131704797662184e-05
3438,3.1987350380809406e-05
3439,2.7625996615990147e-05
3440,2.584161884801753e-05
3441,2.6917739730670585e-05
3442,2.856663939508578e-05
3443,3.171046166750229e-05
3444,3.105237159342836e-05
3445,2.8503079193557705e-05
3446,3.2931621000094365e-05
3447,2.6723978191232582e-05
3448,3.336359724487283e-05
3449,4.010454544778602e-05
3450,2.8025842121772913e-05
3451,2.7435160660198853e-05
3452,4.573659606446743e-05
3453,3.740235441281873e-05
3454,3.6139211394470384e-05
3455,2.8923421203474863e-05
3456,4.0019937648298575e-05
3457,4.542165502930077e-05
3458,5.031051846505017e-05
3459,4.743810587628547e-05
3460,4.986592326211836e-05
3461,4.1930063566297605e-05
3462,4.9944124737648855e-05
3463,4.329205147642615e-05
3464,3.566917796695094e-05
3465,3.053248657716372e-05
3466,3.330868418415525e-05
3467,2.8715965221400858e-05
3468,2.9635485795866516e-05
3469,2.8272100512892866e-05
3470,2.624558283884967e-05
3471,2.4038163283922674e-05
3472,2.5662316014827038e-05
3473,3.209083934303533e-05
3474,4.81562850973289e-05
3475,6.161447250037273e-05
3476,6.312234524398565e-05
3477,4.939524181061873e-05
3478,4.863465028422092e-05
3479,4.0998087831336127e-05
3480,4.388906918555339e-05
3481,4.449726934723415e-05
3482,3.625576521487167e-05
3483,3.485043300110433e-05
3484,4.125145452521414e-05
3485,3.2434196967053556e-05
3486,2.904812556120975e-05
3487,2.3712226764238185e-05
3488,2.6279193635658242e-05
3489,3.193667810465575e-05
3490,4.000191762078647e-05
3491,3.1382406306234045e-05
3492,2.8844195639744145e-05
3493,3.0578397050729146e-05
3494,2.8377874075053618e-05
3495,2.8021020271318188e-05
3496,2.5933369306350916e-05
3497,2.7118094744968852e-05
3498,3.431202987370461e-05
3499,3.6936063878403584e-05
3500,3.4455646252663594e-05
3501,3.262352387989555e-05
3502,2.9787405611548727e-05
3503,2.9030795044947434e-05
3504,3.449669423261916e-05
3505,3.4854120365544655e-05
3506,3.416555491758276e-05
3507,3.5724546063154627e-05
3508,4.272855866408072e-05
3509,4.464892523948391e-05
3510,4.066721024827539e-05
3511,4.375699428440675e-05
3512,5.4633309681989555e-05
3513,4.9469094625636764e-05
3514,4.5804252506193415e-05
3515,5.8489145824809776e-05
3516,6.336833308293026e-05
3517,6.597777257085666e-05
3518,5.524171880971901e-05
3519,5.4081717561566704e-05
3520,4.217901830007232e-05
3521,3.975165563004351e-05
3522,3.8891752804077414e-05
3523,3.652286181082566e-05
3524,4.108935692038399e-05
3525,4.3473993790373516e-05
3526,3.4526070196190983e-05
3527,2.9487321559649158e-05
3528,3.016160493948342e-05
3529,3.4320380760859775e-05
3530,3.430419577422467e-05
3531,2.793408066495228e-05
3532,2.3012789442899804e-05
3533,2.3908101411476813e-05
3534,2.4445180734522265e-05
3535,2.679408729708599e-05
3536,2.4042223181940967e-05
3537,2.349541456307873e-05
3538,2.1884821512824702e-05
3539,2.360960567379719e-05
3540,2.354828387026237e-05
3541,2.448911955069876e-05
3542,2.4616093656427804e-05
3543,2.586485274488096e-05
3544,2.5173870947396507e-05
3545,2.3105448542990575e-05
3546,2.4937729597576455e-05
3547,2.3839506049707977e-05
3548,2.3462980594097692e-05
3549,2.9828797904006375e-05
3550,2.7317231328925897e-05
3551,2.430745469224842e-05
3552,2.2886373796778246e-05
3553,2.6243352722124392e-05
3554,2.5720075976121937e-05
3555,2.9651620184859175e-05
3556,3.37139099276233e-05
3557,2.8969593552721635e-05
3558,3.49523650244632e-05
3559,3.803580959884021e-05
3560,3.873656402116682e-05
3561,4.1884776405874604e-05
3562,4.149594049535912e-05
3563,3.826076893580522e-05
3564,3.7010881637646575e-05
3565,3.392195481815903e-05
3566,4.039581765053989e-05
3567,5.1305292033622454e-05
3568,4.288542700951023e-05
3569,3.698405239959589e-05
3570,3.514581915240862e-05
3571,3.8770676880793044e-05
3572,3.0702671639439606e-05
3573,2.4712093818450713e-05
3574,2.694399423491542e-05
3575,3.1288000043469564e-05
3576,3.502202784588744e-05
3577,4.1339148679858015e-05
3578,4.1384678146400514e-05
3579,2.927584987644858e-05
3580,2.9910543166850148e-05
3581,3.127981781442703e-05
3582,4.696865386808864e-05
3583,6.297118496529723e-05
3584,6.850708605642353e-05
3585,5.707053179583852e-05
3586,5.4982272141631004e-05
3587,6.18849166757889e-05
3588,5.752650799728115e-05
3589,4.501253808433486e-05
3590,5.4560684568311156e-05
3591,5.6288230030726625e-05
3592,5.391995169469993e-05
3593,5.416733707372835e-05
3594,5.689977525924947e-05
3595,5.8808377654819414e-05
3596,5.8937749322477495e-05
3597,6.124169325231774e-05
3598,6.948912082231778e-05
3599,4.51033036728511e-05
3600,4.5151502113633205e-05
3601,5.595158876856159e-05
3602,4.434985477297324e-05
3603,3.8296962238083125e-05
3604,3.39685272269657e-05
3605,3.5257852965377045e-05
3606,4.268621197846068e-05
3607,4.698594345748858e-05
3608,3.844347309451247e-05
3609,3.2627255764417665e-05
3610,3.4575830366724274e-05
3611,4.313517519791809e-05
3612,3.735070277524081e-05
3613,3.706048198528841e-05
3614,3.405695610571124e-05
3615,3.3718474853602014e-05
3616,3.286739656075802e-05
3617,3.7147549663459485e-05
3618,3.6235329175730105e-05
3619,3.697453716659564e-05
3620,5.222831346777867e-05
3621,5.7336054793166404e-05
3622,6.117062638978155e-05
3623,4.8889303833078663e-05
3624,4.223301536845237e-05
3625,3.3559421250649355e-05
3626,3.054761203202492e-05
3627,2.7994696341654243e-05
3628,2.4014688068009396e-05
3629,2.3453215775164962e-05
3630,2.1170448661866708e-05
3631,2.345119983495745e-05
3632,2.983255949340668e-05
3633,3.043473973048491e-05
3634,3.4075698456315945e-05
3635,3.325273661190575e-05
3636,2.9421165340653422e-05
3637,2.8019670574044952e-05
3638,2.8086199287280483e-05
3639,2.6841706607803674e-05
3640,2.6584654457880584e-05
3641,2.4509521507600666e-05
3642,2.474046635990466e-05
3643,2.273713307037399e-05
3644,2.4369105553700166e-05
3645,3.1672306967186036e-05
3646,3.512391943912138e-05
3647,3.885028685999652e-05
3648,3.396070539224618e-05
3649,2.749270199541917e-05
3650,2.5119744388644754e-05
3651,2.871091418102413e-05
3652,2.5054672601702115e-05
3653,1.9392007368758083e-05
3654,1.7988142648575912e-05
3655,1.954891636195333e-05
3656,2.1957499819104094e-05
3657,2.2922732580820677e-05
3658,2.1233395973450435e-05
3659,2.102376963537806e-05
3660,2.1654480855675054e-05
3661,2.184274835816735e-05
3662,2.2144131989058043e-05
3663,2.486172679508144e-05
3664,2.4759181305804654e-05
3665,3.498609377424279e-05
3666,4.3799535180109015e-05
3667,4.7724084501096617e-05
3668,5.4515020819164246e-05
3669,7.100765587605275e-05
3670,7.054721554607685e-05
3671,5.5602509489205505e-05
3672,4.509520776412629e-05
3673,3.753197540264736e-05
3674,3.984690424900048e-05
3675,4.2421946332664174e-05
3676,3.62499208086206e-05
3677,3.481254392790248e-05
3678,3.415093817865073e-05
3679,2.584644007836246e-05
3680,2.929412404210006e-05
3681,2.609839881289321e-05
3682,2.310022441665503e-05
3683,2.1002160422779725e-05
3684,2.3451401090995597e-05
3685,2.8482378604800196e-05
3686,2.6464031003478857e-05
3687,2.854271792009187e-05
3688,3.140514740998439e-05
3689,2.4040138343569494e-05
3690,2.367427934680148e-05
3691,2.2500640479949416e-05
3692,2.2259440275361804e-05
3693,2.227181575243577e-05
3694,1.960895716370754e-05
3695,1.7538151214939388e-05
3696,1.93511076546786e-05
3697,2.0656292536313428e-05
3698,2.4032831427312306e-05
3699,1.7393124533181277e-05
3700,1.6970148854928135e-05
3701,1.6869227789717584e-05
3702,1.6538913515802588e-05
3703,1.4495667407356041e-05
3704,1.5698103044828927e-05
3705,1.727431274415595e-05
3706,1.6331527286417037e-05
3707,1.2793751234754014e-05
3708,1.5286464634432622e-05
3709,1.4122040081215974e-05
3710,1.6433996443500293e-05
3711,1.517609063208059e-05
3712,1.8736032198997278e-05
3713,2.6200686016251828e-05
3714,3.169005795057377e-05
3715,3.0209079469418888e-05
3716,2.3841420902443803e-05
3717,2.3731252491020964e-05
3718,2.5805356589951988e-05
3719,2.6143716037286487e-05
3720,3.886043326765116e-05
3721,4.832639179435857e-05
3722,3.9306040886155606e-05
3723,3.66748562288431e-05
3724,3.921580512395713e-05
3725,4.05368180536375e-05
3726,3.734418080232272e-05
3727,3.403610360211518e-05
3728,2.9246651548270974e-05
3729,2.8881010281004587e-05
3730,4.0389745898461915e-05
3731,4.227607180362187e-05
3732,3.9337119062686454e-05
3733,3.361585439072133e-05
3734,2.86412064807337e-05
3735,2.7183995691945727e-05
3736,2.468638867800363e-05
3737,2.773922167858591e-05
3738,2.88230213177797e-05
3739,3.376623291908723e-05
3740,3.4564942594477965e-05
3741,3.223756393916687e-05
3742,4.28931746967512e-05
3743,4.7146983390128184e-05
3744,4.572243250410859e-05
3745,5.6842341415828676e-05
3746,4.597764986017836e-05
3747,4.588469498437138e-05
3748,4.812121422889699e-05
3749,4.977206873256815e-05
3750,4.2910178410528675e-05
3751,4.332328186642323e-05
3752,4.03548936843548e-05
3753,3.234355973356707e-05
3754,3.665126095278297e-05
3755,4.106716877732496e-05
3756,3.484551624442088e-05
3757,3.062509135400547e-05
3758,3.29354772257661e-05
3759,3.124780334867245e-05
3760,3.0482581948631933e-05
3761,3.4036007140172836e-05
3762,4.096391820149083e-05
3763,4.518298027778173e-05
3764,4.9961999953147186e-05
3765,4.6161923047980566e-05
3766,6.297592529333345e-05
3767,7.780139322546438e-05
3768,6.613442002577744e-05
3769,5.589735148335534e-05
3770,6.121403152718226e-05
3771,7.352644822281279e-05
3772,7.582114720074568e-05
3773,8.652947922495856e-05
3774,7.29218940337444e-05
3775,6.753044722483938e-05
3776,6.45421922299619e-05
3777,6.244114441428312e-05
3778,6.904292154311843e-05
3779,7.306018185180822e-05
3780,6.027794319020693e-05
3781,4.627179082933758e-05
3782,3.619008300603352e-05
3783,3.023756373575775e-05
3784,2.6610052265422883e-05
3785,2.7219194511905516e-05
3786,2.506796585039914e-05
3787,2.2475108290563332e-05
3788,2.1293929509445227e-05
3789,1.936711880586015e-05
3790,1.925378020406596e-05
3791,2.4198386769797712e-05
3792,2.2846391109246502e-05
3793,2.383750940976371e-05
3794,1.930627929363559e-05
3795,2.2744624172132312e-05
3796,3.418301569764888e-05
3797,4.814762910696162e-05
3798,4.4524853919365356e-05
3799,4.3150001435781587e-05
3800,3.343671284058151e-05
3801,2.5241098471914343e-05
3802,2.3536880538757878e-05
3803,2.8192061904127383e-05
3804,2.7102451476923256e-05
3805,3.05195334639114e-05
3806,2.8812135210531473e-05
3807,2.5772434700608642e-05
3808,2.4972242841121958e-05
3809,2.2939682289831958e-05
3810,2.1390503273163663e-05
3811,1.8453427435960634e-05
3812,1.8231791456114604e-05
3813,2.7155690967782418e-05
3814,3.179611991797616e-05
3815,2.921457801890775e-05
3816,2.3293992138068677e-05
3817,2.6283915372826595e-05
3818,2.4559199320983953e-05
3819,2.341704629777948e-05
3820,2.9665905675680185e-05
3821,2.6750612713259937e-05
3822,2.315715033380282e-05
3823,2.1597974027127898e-05
3824,2.488816001326935e-05
3825,2.5205821442625418e-05
3826,2.7374504846627592e-05
3827,2.771660369786244e-05
3828,2.2394216647979327e-05
3829,2.8161178407175243e-05
3830,2.6614221221479882e-05
3831,4.051095907994991e-05
3832,4.168764347142946e-05
3833,4.178864194068074e-05
3834,3.3604015663736745e-05
3835,2.091189352776517e-05
3836,1.726823718261849e-05
3837,1.510535298907657e-05
3838,1.9732029154902417e-05
3839,2.129134344554788e-05
3840,2.4645984820354537e-05
3841,2.641646583372696e-05
3842,2.663032248891813e-05
3843,2.6823398415790394e-05
3844,2.2568608460894958e-05
3845,2.0438079353663434e-05
3846,2.132845788254546e-05
3847,2.1555719700041834e-05
3848,1.5106491603142518e-05
3849,1.6961973759042298e-05
3850,1.88895423016308e-05
3851,1.863588723844806e-05
3852,2.048986963697624e-05
3853,2.212433625024952e-05
3854,2.1485276279437677e-05
3855,1.775757673147664e-05
3856,1.635985763393076e-05
3857,1.645533511523372e-05
3858,1.4857174663309681e-05
3859,1.528616806984928e-05
3860,1.4843751553195984e-05
3861,1.560577402251808e-05
3862,1.6670745845630345e-05
3863,1.4540856179985661e-05
3864,1.6925180935304e-05
3865,2.0792975313866965e-05
3866,1.8051867219135954e-05
3867,1.8946769277709226e-05
3868,1.726984205136242e-05
3869,1.5652881434879084e-05
3870,1.5718597947076057e-05
3871,1.58380561092176e-05
3872,1.8082794905953836e-05
3873,1.679294123726298e-05
3874,1.7622093242183873e-05
3875,1.9765894342502844e-05
3876,1.954450325726707e-05
3877,2.5176057594111586e-05
3878,3.8920625634552405e-05
3879,3.977621738004355e-05
3880,3.632797567088703e-05
3881,3.071906532023029e-05
3882,2.529656260989685e-05
3883,2.258532465677949e-05
3884,2.0248035094170784e-05
3885,2.1979155836824155e-05
3886,2.0447035462246203e-05
3887,2.295018419951743e-05
3888,2.5974192521982584e-05
3889,3.6961131432769996e-05
3890,3.6141535868709905e-05
3891,3.8208836433419174e-05
3892,3.9045684664495166e-05
3893,3.736508569226958e-05
3894,4.0271001680432745e-05
3895,3.697841148595192e-05
3896,3.1358125163845705e-05
3897,3.307902529492194e-05
3898,4.538517265943281e-05
3899,3.753933589541615e-05
3900,3.6677328832590356e-05
3901,3.6397871163927486e-05
3902,4.0165161627505805e-05
3903,4.523073350416772e-05
3904,4.026526998556486e-05
3905,5.402967876648187e-05
3906,4.9773346520949073e-05
3907,4.4290037846473925e-05
3908,3.926137644408165e-05
3909,3.2049659279895505e-05
3910,3.426771763934506e-05
3911,3.422308415679387e-05
3912,3.270685348855321e-05
3913,3.307391483312626e-05
3914,3.858746995147014e-05
3915,4.161544929464837e-05
3916,6.13046225335171e-05
3917,5.3956622849683155e-05
3918,5.7470464249723087e-05
3919,5.978406928093791e-05
3920,5.300298472950411e-05
3921,6.568708856072875e-05
3922,6.68741461916251e-05
3923,6.231178030622185e-05
3924,4.9675452097105874e-05
3925,6.390713233769057e-05
3926,5.3599135166481075e-05
3927,3.710240188054748e-05
3928,2.8014322132741725e-05
3929,2.7958591823738575e-05
3930,2.9413711070492954e-05
3931,2.9830747941212746e-05
3932,3.4115832249118655e-05
3933,2.806433111000816e-05
3934,2.733844562653753e-05
3935,2.739538097062497e-05
3936,2.8859069842390005e-05
3937,2.7655159977445027e-05
3938,2.6021381375651122e-05
3939,2.081748909574809e-05
3940,2.280986101100169e-05
3941,2.1647540532460904e-05
3942,2.1732949687434803e-05
3943,1.9167567844152465e-05
3944,1.8942840884794388e-05
3945,1.9864713582625225e-05
3946,2.085662174852923e-05
3947,2.128330418689204e-05
3948,2.1303714551951333e-05
3949,2.3882986059090594e-05
3950,2.0019302265182362e-05
3951,1.7537392219305054e-05
3952,1.9938524920503783e-05
3953,2.239182645471051e-05
3954,1.8794837001850753e-05
3955,2.1622228850263932e-05
3956,2.0267668005369967e-05
3957,2.051844347978755e-05
3958,2.185540029055782e-05
3959,2.2146444246570744e-05
3960,1.8037898729720687e-05
3961,1.958607359395645e-05
3962,2.29209284008392e-05
3963,3.470625281286292e-05
3964,3.8155592872561574e-05
3965,3.3127590786106386e-05
3966,3.79920649282037e-05
3967,3.690383250999739e-05
3968,4.1621714445153103e-05
3969,2.8746628070179482e-05
3970,2.9702107755890492e-05
3971,3.092661657325844e-05
3972,3.320820334564149e-05
3973,2.968053508292274e-05
3974,3.453410753593783e-05
3975,3.4473108146765205e-05
3976,3.320578653099726e-05
3977,3.55937266254174e-05
3978,3.603686703970447e-05
3979,2.4599781683855007e-05
3980,2.5993392651649672e-05
3981,2.506255749618754e-05
3982,2.4834945919847858e-05
3983,1.957391370457069e-05
3984,1.970544911001637e-05
3985,1.917313605813356e-05
3986,1.9069797278727254e-05
3987,1.7430199649680446e-05
3988,1.782890415662555e-05
3989,1.8136029826297143e-05
3990,1.7183214833532807e-05
3991,1.8286042053986853e-05
3992,1.797840173265817e-05
3993,1.7158242612618178e-05
3994,2.2201353253055174e-05
3995,2.296013879219688e-05
3996,2.6067893971526983e-05
3997,2.104655081722795e-05
3998,1.6950508575363726e-05
3999,1.6162083685842468e-05
4000,1.857270747729859e-05
4001,2.7204298475557593e-05
4002,3.225444703375633e-05
4003,3.075185548485276e-05
4004,2.548281496832435e-05
4005,2.8385211571728338e-05
4006,2.3390339485409664e-05
4007,2.193890216977135e-05
4008,2.890727818535157e-05
4009,3.2526888131797096e-05
4010,3.9991893589798975e-05
4011,4.057608027475838e-05
4012,2.9911149926291e-05
4013,2.31316442181413e-05
4014,2.4026948395343368e-05
4015,3.313463882262853e-05
4016,3.017882888733726e-05
4017,2.5940898295009248e-05
4018,2.5150762428327278e-05
4019,2.20296868038957e-05
4020,2.9874377991704647e-05
4021,2.0176993444527225e-05
4022,1.921605900193687e-05
4023,2.1321784862836023e-05
4024,2.615177967206947e-05
4025,2.329914419128736e-05
4026,2.195529154313179e-05
4027,1.910230815770001e-05
4028,2.22012424798009e-05
4029,2.0436751549219378e-05
4030,2.0921316661956556e-05
4031,2.587160485263908e-05
4032,2.5622907831819315e-05
4033,2.4219906454974093e-05
4034,2.068383613799617e-05
4035,2.225753252455196e-05
4036,2.3725114070499602e-05
4037,2.936910218018349e-05
4038,3.249218015232271e-05
4039,2.6381371391100887e-05
4040,2.783831733397631e-05
4041,2.4954057663888728e-05
4042,1.9186492296817832e-05
4043,2.3945900517850595e-05
4044,2.4059498797276423e-05
4045,2.1619221390069286e-05
4046,1.9381262605201635e-05
4047,2.000509954882688e-05
4048,2.175378785039346e-05
4049,2.0852091709036635e-05
4050,1.7494114543010943e-05
4051,1.6642051675640157e-05
4052,1.7319408239996575e-05
4053,1.938624085462575e-05
4054,2.7843957139194343e-05
4055,2.9164055627509618e-05
4056,4.0564623180858994e-05
4057,4.958977989570246e-05
4058,5.51386217997034e-05
4059,5.1921358727658235e-05
4060,4.394969965298037e-05
4061,3.7263571033034604e-05
4062,2.7158426751840703e-05
4063,2.144481520721226e-05
4064,2.1635408954698704e-05
4065,2.225934097496422e-05
4066,2.8196474657424072e-05
4067,2.0937266010915172e-05
4068,2.0602582142092537e-05
4069,1.9654688627796454e-05
4070,2.501041655352081e-05
4071,1.8872954825071854e-05
4072,1.990505331843118e-05
4073,1.8603153351346065e-05
4074,2.4885926789442848e-05
4075,2.3548369690699103e-05
4076,2.201537709919317e-05
4077,2.253658007124778e-05
4078,2.4756199547199685e-05
4079,2.2955736833781005e-05
4080,2.1059934405060528e-05
4081,2.5850590871155628e-05
4082,2.327766061762925e-05
4083,2.1718450010679197e-05
4084,2.5421729633342906e-05
4085,2.8345336784347996e-05
4086,2.5668479725105952e-05
4087,2.420649605810608e-05
4088,2.220285284079822e-05
4089,1.8813881398376818e-05
4090,2.008060891778597e-05
4091,1.746562691511247e-05
4092,2.1351759955520614e-05
4093,2.2856475013411898e-05
4094,2.1925391004141876e-05
4095,1.8544735816133966e-05
4096,1.915023026808617e-05
4097,2.056474831025856e-05
4098,2.9038446663137157e-05
4099,3.301196375521916e-05
4100,2.6822416223995606e-05
4101,2.5029088782745262e-05
4102,2.1324301640829713e-05
4103,2.1505501781021185e-05
4104,2.0100740007023616e-05
4105,2.344832343377926e-05
4106,3.052772985218671e-05
4107,3.507160071244112e-05
4108,4.528173753831767e-05
4109,3.639548468068948e-05
4110,2.997192127344428e-05
4111,3.580788841652394e-05
4112,3.852541112951344e-05
4113,3.995163418942128e-05
4114,3.6877592149896214e-05
4115,3.990668681372191e-05
4116,3.9041063840003936e-05
4117,4.005759389460463e-05
4118,3.660666213210172e-05
4119,4.287984986912233e-05
4120,4.2320725826723196e-05
4121,4.9766421761812125e-05
4122,3.946205361870357e-05
4123,3.9935818709013286e-05
4124,4.392639692002858e-05
4125,4.394669247860592e-05
4126,3.821735583987413e-05
4127,3.959294206956957e-05
4128,3.771815928691845e-05
4129,4.3887535252668815e-05
4130,4.525483006514224e-05
4131,3.5972788672459046e-05
4132,2.8026808055560373e-05
4133,2.336209616161231e-05
4134,2.0243810709750592e-05
4135,2.0748910721160234e-05
4136,1.9175076938618012e-05
4137,2.274648677207115e-05
4138,2.592171599273261e-05
4139,2.9551877766688766e-05
4140,2.6845919972774763e-05
4141,3.0495953129414605e-05
4142,3.1074601253744554e-05
4143,2.9409925005411195e-05
4144,2.413708328186583e-05
4145,2.5314293441270308e-05
4146,3.065661764769413e-05
4147,3.329983028582941e-05
4148,3.2441856356583264e-05
4149,3.347712510880147e-05
4150,2.8131061545488573e-05
4151,2.654010878707028e-05
4152,2.6314380576587354e-05
4153,2.7997489967755675e-05
4154,3.8998683023588746e-05
4155,3.7485648960215316e-05
4156,3.491487104513381e-05
4157,2.7952916896500615e-05
4158,2.1395610959991563e-05
4159,1.750215436840015e-05
4160,1.9976965337084272e-05
4161,1.984261007750792e-05
4162,2.5363684037374867e-05
4163,2.6606878819077e-05
4164,2.9557769372681804e-05
4165,2.6784867591713383e-05
4166,2.4550984286527857e-05
4167,2.257524645047744e-05
4168,2.2518009456694935e-05
4169,3.753412478298565e-05
4170,6.243548960930688e-05
4171,7.532684655397059e-05
4172,6.215503056876454e-05
4173,5.0158348578930934e-05
4174,3.732472271794103e-05
4175,3.633456051352752e-05
4176,3.081237852654749e-05
4177,3.2579490132012715e-05
4178,3.276534968462546e-05
4179,3.499658406451647e-05
4180,4.005118839992374e-05
4181,4.964076328985825e-05
4182,4.944691516943595e-05
4183,5.215905308305163e-05
4184,3.974064113627093e-05
4185,2.9014698610007934e-05
4186,2.608736142955041e-05
4187,2.236088637805055e-05
4188,1.928622744122586e-05
4189,1.9908626088913908e-05
4190,1.92327814446996e-05
4191,1.9215262790970826e-05
4192,1.790734179942156e-05
4193,2.0328605433909284e-05
4194,2.1656688722491233e-05
4195,2.4507038362413846e-05
4196,2.209883265273151e-05
4197,2.252101223772388e-05
4198,2.209950311993727e-05
4199,2.640093898992525e-05
4200,3.306393758711883e-05
4201,3.498499754754371e-05
4202,3.4541891797866456e-05
4203,3.2546976796671024e-05
4204,3.339964150867966e-05
4205,3.0132504386457286e-05
4206,3.281566044353759e-05
4207,2.7805592874996864e-05
4208,2.6528503395734298e-05
4209,2.218469771679095e-05
4210,2.324192979900518e-05
4211,2.7161361150845977e-05
4212,4.0177062479684856e-05
4213,4.358058778236538e-05
4214,5.3096499294530506e-05
4215,4.349969583736196e-05
4216,4.221040093459136e-05
4217,3.6172464891349035e-05
4218,3.768451224354556e-05
4219,3.099444115268705e-05
4220,2.8689738193809156e-05
4221,2.531938639180697e-05
4222,2.8888843378565155e-05
4223,2.6461208674706373e-05
4224,2.6581198894530635e-05
4225,2.24471752157118e-05
4226,2.7087980094261866e-05
4227,3.9672292701751836e-05
4228,3.43283449579958e-05
4229,3.306602714178823e-05
4230,3.334646706904822e-05
4231,3.1371339051231096e-05
4232,2.7897322388042346e-05
4233,2.383541869952838e-05
4234,2.16193958599663e-05
4235,2.623189141391876e-05
4236,1.8996771915063294e-05
4237,1.7713142978474317e-05
4238,1.8504881412717218e-05
4239,2.1927818798261085e-05
4240,3.5684984781108404e-05
4241,2.4943937506984786e-05
4242,2.355640821927694e-05
4243,1.9415242490530398e-05
4244,1.8675627143480658e-05
4245,1.7484235024783012e-05
4246,1.731741088595741e-05
4247,2.034979775862351e-05
4248,2.0213627283597313e-05
4249,2.2950484929778077e-05
4250,2.2676996891310625e-05
4251,1.7113419422838454e-05
4252,1.4129074942107927e-05
4253,1.4549718564355105e-05
4254,1.3792968695319583e-05
4255,1.2130073756956533e-05
4256,1.2825744779631519e-05
4257,1.209010639088615e-05
4258,1.2700990087644886e-05
4259,1.480010130269645e-05
4260,1.732316897792998e-05
4261,1.699858798435894e-05
4262,1.6951680130922126e-05
4263,1.555630706805261e-05
4264,1.521702156934603e-05
4265,1.655512749806372e-05
4266,1.778412923233524e-05
4267,1.863878332303159e-05
4268,1.6679292514942038e-05
4269,1.782026920395687e-05
4270,1.6580442096534315e-05
4271,1.5775968045188986e-05
4272,1.951407965262107e-05
4273,1.9562139569157447e-05
4274,1.79870206575545e-05
4275,1.4723764335813645e-05
4276,1.5863676056307474e-05
4277,2.003680131822082e-05
4278,2.0374475560196577e-05
4279,2.0343095474756686e-05
4280,1.7990167937272604e-05
4281,1.8625032950640553e-05
4282,1.7634432890315483e-05
4283,1.9081138514150056e-05
4284,2.2258852937286923e-05
4285,2.1668424801993952e-05
4286,1.8887752842220476e-05
4287,2.2689790890281718e-05
4288,2.2864635544335702e-05
4289,1.9680490871038025e-05
4290,1.8225896246924822e-05
4291,1.8590977742467027e-05
4292,1.931220625924088e-05
4293,2.408194580024742e-05
4294,2.289682946914261e-05
4295,2.019073006909711e-05
4296,1.6981360564888008e-05
4297,1.815716577378675e-05
4298,1.8308062049337e-05
4299,1.5675790760749847e-05
4300,1.544627843148818e-05
4301,1.3077420696266428e-05
4302,1.3144062462304004e-05
4303,1.177171108066104e-05
4304,1.2385104782078726e-05
4305,1.3623796894396552e-05
4306,1.3195940599170607e-05
4307,1.4830924875074572e-05
4308,1.563094028564829e-05
4309,1.6753861953621038e-05
4310,1.7832243619608697e-05
4311,1.9001402712778702e-05
4312,2.022006926911689e-05
4313,2.233541734401235e-05
4314,1.8190668990606795e-05
4315,2.0231700409944788e-05
4316,1.944964624846024e-05
4317,2.2628922329515105e-05
4318,2.6395240332690727e-05
4319,2.4462417345903663e-05
4320,2.8909899561695814e-05
4321,2.190607201254833e-05
4322,2.3609351995794468e-05
4323,2.1057134725337737e-05
4324,2.139911771108325e-05
4325,2.6324891974824847e-05
4326,2.7214895808859126e-05
4327,2.5074553860712912e-05
4328,1.9167382819894892e-05
4329,2.3139105808283715e-05
4330,2.2636165786449362e-05
4331,2.1755303276976023e-05
4332,2.4175962351853806e-05
4333,2.005904337644395e-05
4334,1.8090584271110786e-05
4335,1.851811802703485e-05
4336,2.03451434271074e-05
4337,2.2699142186693027e-05
4338,3.1275462019917815e-05
4339,4.292840966790327e-05
4340,4.73342500450511e-05
4341,4.31177923749619e-05
4342,3.1545619827637414e-05
4343,2.792366440513598e-05
4344,2.606554958975193e-05
4345,2.8136430407455112e-05
4346,2.5914963819840873e-05
4347,2.9796941380565677e-05
4348,2.8292374077924794e-05
4349,3.5612552245136906e-05
4350,2.8361272349030062e-05
4351,3.057192447408265e-05
4352,3.143288447485411e-05
4353,3.48437295564038e-05
4354,4.5118580259596026e-05
4355,4.618153669908723e-05
4356,3.6787396148758015e-05
4357,4.503638791987033e-05
4358,4.573719363439619e-05
4359,4.0704986926061784e-05
4360,2.5165341805645125e-05
4361,2.1582844882010573e-05
4362,1.9332382101832438e-05
4363,1.8915759564543648e-05
4364,1.9056087328799996e-05
4365,1.834152654268766e-05
4366,2.0924041295557084e-05
4367,2.1443197752752177e-05
4368,2.160467209027772e-05
4369,1.824714534883693e-05
4370,2.1398951467279345e-05
4371,2.1759040475968757e-05
4372,2.0629385025164378e-05
4373,2.1049078272680534e-05
4374,2.59313490396253e-05
4375,2.0942625970487708e-05
4376,2.545682054237439e-05
4377,2.682159794459017e-05
4378,2.318089330786265e-05
4379,2.491158863030805e-05
4380,2.9898644848830083e-05
4381,2.4559749963865386e-05
4382,1.7795505468448884e-05
4383,1.8952713871475714e-05
4384,2.338202364024948e-05
4385,2.428384005767476e-05
4386,2.4172382290930525e-05
4387,2.7377420111974382e-05
4388,2.1736331752174878e-05
4389,2.4504510946124296e-05
4390,2.158435488954268e-05
4391,2.515729597163161e-05
4392,2.2351471332805047e-05
4393,2.1194838987865615e-05
4394,2.1286267034639957e-05
4395,1.7828365057659807e-05
4396,2.3124293978334495e-05
4397,2.621502018811262e-05
4398,2.4775077952606476e-05
4399,2.6509164320575213e-05
4400,2.4916008967709747e-05
4401,2.185921206174486e-05
4402,2.0445339200483644e-05
4403,1.9138266330461813e-05
4404,1.654551777307608e-05
4405,2.06000300606196e-05
4406,2.0795243234419117e-05
4407,2.4155122892398143e-05
4408,2.5137366268572604e-05
4409,2.0476456057445486e-05
4410,2.3532973356196334e-05
4411,1.7799589101426755e-05
4412,1.779877133445937e-05
4413,1.655740952451277e-05
4414,1.783850587277179e-05
4415,2.163407382216569e-05
4416,1.9034550135737293e-05
4417,2.2409595018370162e-05
4418,2.7077202658735766e-05
4419,2.727629088809804e-05
4420,4.323974675787845e-05
4421,4.358426681966554e-05
4422,4.234132780242458e-05
4423,3.5122229172907885e-05
4424,3.087647821772916e-05
4425,3.1886685336564164e-05
4426,3.707737723302624e-05
4427,3.7084591722660365e-05
4428,3.449716916125536e-05
4429,3.021326847680288e-05
4430,2.0556110365535325e-05
4431,1.7864993660926483e-05
4432,2.5313893487930093e-05
4433,2.1552197799997064e-05
4434,2.0257974166393524e-05
4435,2.101546056342211e-05
4436,2.2319880521235095e-05
4437,3.08549759406148e-05
4438,3.520772764260682e-05
4439,3.087881973810544e-05
4440,3.829488656504106e-05
4441,3.0057539456473894e-05
4442,2.3176584717386898e-05
4443,2.110922156805922e-05
4444,2.1908531044736943e-05
4445,2.1681121543652423e-05
4446,2.512282013973159e-05
4447,2.190078180077131e-05
4448,2.1288050501618238e-05
4449,2.385873780312499e-05
4450,1.657954022989007e-05
4451,1.666386222696235e-05
4452,1.7988748995834028e-05
4453,1.7285987167333345e-05
4454,1.6117303674102142e-05
4455,1.735960633385303e-05
4456,1.635202432158497e-05
4457,1.453780023690034e-05
4458,1.514346782897485e-05
4459,1.5600786355589456e-05
4460,1.5974512858873066e-05
4461,1.3710717406429094e-05
4462,1.2378565857794378e-05
4463,1.1379632003714939e-05
4464,1.0760086465860976e-05
4465,1.1475738817919595e-05
4466,1.261638488521627e-05
4467,1.4075726065055001e-05
4468,2.054264392869019e-05
4469,2.0451166322200236e-05
4470,1.4996306325054888e-05
4471,1.602937751595829e-05
4472,1.3790659080534176e-05
4473,1.3589159315184847e-05
4474,1.6602380870034365e-05
4475,2.078952993124008e-05
4476,1.7719257017952447e-05
4477,1.6747649382978594e-05
4478,1.9393781661725003e-05
4479,2.288597934923488e-05
4480,3.550712960909911e-05
4481,2.8640802821405526e-05
4482,2.5506841216990844e-05
4483,2.760814333753742e-05
4484,2.3143155488611575e-05
4485,2.04847504008963e-05
4486,1.7270264533385064e-05
4487,1.8079052647062715e-05
4488,2.7741736913734665e-05
4489,2.9689621173869398e-05
4490,2.2589956044401808e-05
4491,2.323501444576646e-05
4492,2.585973897970591e-05
4493,2.7849064847440003e-05
4494,2.2904675453605885e-05
4495,2.026777405831416e-05
4496,2.0243069354616863e-05
4497,1.9917675018686633e-05
4498,1.929538889074685e-05
4499,2.584560460566119e-05
4500,2.4005032906198726e-05
4501,1.9645855463529813e-05
4502,1.9894648921423083e-05
4503,1.9456480914069186e-05
4504,2.067726790278767e-05
4505,3.0312975188942806e-05
4506,3.225128766859787e-05
4507,3.331556809427388e-05
4508,2.797901880134229e-05
4509,3.121130015615461e-05
4510,3.293836916993419e-05
4511,3.379577214248689e-05
4512,2.6349430405089205e-05
4513,2.3055341267108555e-05
4514,1.9259114567382724e-05
4515,1.9799688840198374e-05
4516,1.9688305980424525e-05
4517,2.0387765470093737e-05
4518,1.9367249356017333e-05
4519,2.835377999923389e-05
4520,3.774164478358748e-05
4521,2.9463138391360792e-05
4522,2.8994541692569158e-05
4523,2.2854225678619335e-05
4524,3.0489092860947812e-05
4525,3.234730701957072e-05
4526,3.021910903600947e-05
4527,3.3881878758501326e-05
4528,3.489223984724432e-05
4529,3.386978664126534e-05
4530,2.3243491009747968e-05
4531,1.9040575856342978e-05
4532,1.7425095031112062e-05
4533,1.5661260847970724e-05
4534,1.8768907571969503e-05
4535,2.043442504930415e-05
4536,2.1915137333339765e-05
4537,2.0115918189613415e-05
4538,2.5738914365284514e-05
4539,2.3150179109433028e-05
4540,2.616710739642679e-05
4541,2.835950112943123e-05
4542,2.548191143355351e-05
4543,2.675835795724175e-05
4544,2.580228786462534e-05
4545,2.3065686441939478e-05
4546,1.9811463293126397e-05
4547,2.1649783115382775e-05
4548,1.7913750319030217e-05
4549,1.8622704542735868e-05
4550,2.2833369280464812e-05
4551,2.5605572374518478e-05
4552,2.2027928398648443e-05
4553,2.7430021876819807e-05
4554,2.929602192402129e-05
4555,2.496128762221722e-05
4556,2.705896701066343e-05
4557,3.0366193177944768e-05
4558,2.417043770730736e-05
4559,2.077481057502576e-05
4560,1.7021281579739768e-05
4561,2.1477484996209095e-05
4562,2.0861319088460572e-05
4563,1.8904790537332906e-05
4564,1.9779486808778833e-05
4565,2.0031845385195416e-05
4566,2.5399456864286042e-05
4567,2.234409780522631e-05
4568,2.0068511559255017e-05
4569,1.8321329390748743e-05
4570,1.7963942960935593e-05
4571,1.4168633824306966e-05
4572,1.2921821867283099e-05
4573,1.509245616827824e-05
4574,2.012412088770771e-05
4575,2.2019639914167364e-05
4576,2.5183993061614578e-05
4577,2.0441588655076763e-05
4578,1.936672988698595e-05
4579,1.98780417652987e-05
4580,1.6599403717059672e-05
4581,1.474031911185485e-05
4582,1.2202326148890883e-05
4583,1.1388919917176329e-05
4584,1.005121538366995e-05
4585,1.0966952015902826e-05
4586,1.3707385353902736e-05
4587,1.1163397769740233e-05
4588,9.919613125838101e-06
4589,1.4277909655921634e-05
4590,1.4220552458914964e-05
4591,1.5127336048184594e-05
4592,1.3273128216302189e-05
4593,1.499642332675429e-05
4594,1.1319999836094068e-05
4595,1.1765627842723664e-05
4596,1.4384268247674626e-05
4597,1.8972358361051433e-05
4598,2.15072462301249e-05
4599,2.0558908903422864e-05
4600,1.562502984017642e-05
4601,1.4130378793626479e-05
4602,1.6730492568977536e-05
4603,1.9398837423716454e-05
4604,1.9108715695462175e-05
4605,1.8955815830991654e-05
4606,2.0374618294928435e-05
4607,2.8242063545575e-05
4608,2.915998830192727e-05
4609,2.7909667593255714e-05
4610,2.760880856420088e-05
4611,2.5100901177978564e-05
4612,2.4049174327391748e-05
4613,1.77775303670826e-05
4614,2.4877277956296945e-05
4615,2.250308485992172e-05
4616,2.370531803234529e-05
4617,3.112020644617513e-05
4618,3.8270488127075026e-05
4619,4.633096852317739e-05
4620,5.8481081147380236e-05
4621,7.835358662491602e-05
4622,7.696455947652307e-05
4623,5.2473427919795285e-05
4624,4.135285530136898e-05
4625,3.614677605068622e-05
4626,4.1833430403331835e-05
4627,4.063188261211531e-05
4628,3.865056286111056e-05
4629,3.329514259033038e-05
4630,3.927828651007483e-05
4631,4.6977603113033156e-05
4632,4.171322888990711e-05
4633,4.021680633837077e-05
4634,3.8518198722101084e-05
4635,3.4694420096788706e-05
4636,3.723800998095863e-05
4637,2.8096347369662165e-05
4638,2.087078143383592e-05
4639,2.2498670565186725e-05
4640,2.2560984001535196e-05
4641,2.3367329764690643e-05
4642,1.8544976578370943e-05
4643,1.5873667266749215e-05
4644,1.652189023312173e-05
4645,1.5228421102542897e-05
4646,1.5500575798997706e-05
4647,1.6108486800366556e-05
4648,1.6512457115017974e-05
4649,1.5268296374574127e-05
4650,1.651242896470843e-05
4651,2.2666815552117528e-05
4652,1.676698388388728e-05
4653,1.4900667840146118e-05
4654,1.569216313919866e-05
4655,1.7711271320183812e-05
4656,1.4529413092467523e-05
4657,1.3488315744419278e-05
4658,1.0942236122108023e-05
4659,9.42064757591219e-06
4660,9.283694490139114e-06
4661,1.0099853051333467e-05
4662,1.1371399327311408e-05
4663,1.0205353254298956e-05
4664,1.0309117480200753e-05
4665,1.090617487296117e-05
4666,1.0111654007596084e-05
4667,9.06062513241686e-06
4668,8.898998260835248e-06
4669,8.816529326467537e-06
4670,1.0912707178790726e-05
4671,1.2823142959450194e-05
4672,1.4241497273335737e-05
4673,1.2529516904294917e-05
4674,1.0593367435626435e-05
4675,1.0411356670660308e-05
4676,1.1701962742702812e-05
4677,1.2638009531724397e-05
4678,1.56575035731949e-05
4679,1.3985826276450599e-05
4680,1.3081296439941363e-05
4681,1.5953335921863888e-05
4682,1.559266936745785e-05
4683,1.5809048591172763e-05
4684,1.5365171472349956e-05
4685,1.5781674419950784e-05
4686,1.5654999418057362e-05
4687,1.7761602327520785e-05
4688,1.653489733106052e-05
4689,1.57372569495422e-05
4690,1.3748761109721983e-05
4691,1.2328693962095431e-05
4692,1.7621357137355814e-05
4693,1.7403745390398008e-05
4694,1.9455793139049944e-05
4695,1.7463488063939854e-05
4696,1.858790678794944e-05
4697,2.3801384043850403e-05
4698,2.2830577900837037e-05
4699,1.8160635044822554e-05
4700,1.530169460261955e-05
4701,1.536854551324543e-05
4702,1.9792893248940743e-05
4703,1.8729532084453605e-05
4704,2.3142561239038536e-05
4705,2.0682335173696604e-05
4706,1.964609111952116e-05
4707,1.7254793059557885e-05
4708,1.935029437304444e-05
4709,2.05909786822633e-05
4710,2.5922782525391216e-05
4711,2.6540281498539586e-05
4712,1.839107164172361e-05
4713,1.5083356141300605e-05
4714,1.538479108551514e-05
4715,1.5686459683901094e-05
4716,1.6145278299598433e-05
4717,1.4968435492919944e-05
4718,1.5022045597136651e-05
4719,1.730938750421998e-05
4720,1.5795598266082535e-05
4721,1.5548771569120065e-05
4722,1.3340715573984342e-05
4723,1.3047476555051401e-05
4724,1.2798189637438658e-05
4725,1.530237142469393e-05
4726,1.2690260109597823e-05
4727,1.5379212141937422e-05
4728,2.0215765195863817e-05
4729,1.7539768922343196e-05
4730,1.5068002442352373e-05
4731,1.878365349418113e-05
4732,1.654066746762867e-05
4733,1.6676848063937917e-05
4734,1.7062874770657167e-05
4735,1.7277286467012418e-05
4736,1.5699553497747205e-05
4737,1.4483097453688965e-05
4738,1.3639251811416065e-05
4739,1.5740124709250605e-05
4740,1.9584650851821352e-05
4741,1.739268823048532e-05
4742,1.610750136766286e-05
4743,1.5161630989304964e-05
4744,1.3815693467214647e-05
4745,1.4980120630574468e-05
4746,1.6179765802236642e-05
4747,1.8563732400666487e-05
4748,1.658790928238087e-05
4749,1.998246598786256e-05
4750,2.0285110839727445e-05
4751,1.7393785319848055e-05
4752,1.4849182926331075e-05
4753,1.236351161123512e-05
4754,1.2860900979959831e-05
4755,1.1229565468697827e-05
4756,1.6614858445154463e-05
4757,1.926639437659522e-05
4758,1.78445747960355e-05
4759,1.6571391939100395e-05
4760,2.274540255029122e-05
4761,2.137424198033271e-05
4762,2.4424667126552174e-05
4763,2.330490077512546e-05
4764,2.3995358097835242e-05
4765,2.3155827276187256e-05
4766,2.0009678464286784e-05
4767,2.050856480467013e-05
4768,2.3669343999523684e-05
4769,2.471081748255912e-05
4770,2.1670969697468902e-05
4771,2.7758384622464738e-05
4772,3.917429233276431e-05
4773,2.877360024121398e-05
4774,2.6752389222297666e-05
4775,2.311030532198036e-05
4776,1.804947756969101e-05
4777,1.9209135233459595e-05
4778,2.1508696395685074e-05
4779,2.1361644159106607e-05
4780,2.6601865748949765e-05
4781,2.2378206077876875e-05
4782,2.9303881375662718e-05
4783,2.7238280930893558e-05
4784,2.4350180441955007e-05
4785,2.264583414042997e-05
4786,2.1162493877396195e-05
4787,2.1392354985728012e-05
4788,2.979549930955587e-05
4789,2.492641606466558e-05
4790,2.3712889441936517e-05
4791,2.404378257378518e-05
4792,2.3295221734856106e-05
4793,2.753019020356332e-05
4794,3.935790107141938e-05
4795,6.585463819756006e-05
4796,5.9846767971192074e-05
4797,4.4399541694952565e-05
4798,4.1947793148522544e-05
4799,4.042472622060037e-05
4800,5.068527535663294e-05
4801,5.335616039331672e-05
4802,6.252036599560804e-05
4803,5.635399588323573e-05
4804,6.215948271686274e-05
4805,4.803501401669348e-05
4806,2.645946060620842e-05
4807,3.122655137286252e-05
4808,3.913227367503258e-05
4809,4.3988608302555706e-05
4810,5.314296343011707e-05
4811,4.379192290066167e-05
4812,4.303843616186354e-05
4813,4.58730979767431e-05
4814,4.49355848078488e-05
4815,4.354026103234992e-05
4816,4.802228987173273e-05
4817,5.245746068790141e-05
4818,4.0423783639317e-05
4819,4.1422246521919066e-05
4820,4.2000249037109515e-05
4821,3.3897644777445266e-05
4822,4.0327593440347585e-05
4823,3.8155676018057976e-05
4824,3.189532330997553e-05
4825,2.4696174135063925e-05
4826,2.394120177246285e-05
4827,2.4015695336006458e-05
4828,1.847639023819763e-05
4829,1.4066901387361689e-05
4830,1.3012123563882894e-05
4831,1.0997632650249254e-05
4832,1.2760324092876125e-05
4833,1.2163391180414247e-05
4834,1.1347005095213112e-05
4835,1.0955390625354667e-05
4836,1.217987891535465e-05
4837,1.09908833084357e-05
4838,9.949087677797808e-06
4839,9.160805852620708e-06
4840,9.531652404753782e-06
4841,9.064409472368345e-06
4842,9.230230145406267e-06
4843,9.184430464141673e-06
4844,9.685475727606998e-06
4845,9.138269893693987e-06
4846,8.470823460904747e-06
4847,1.0783676191484414e-05
4848,1.1181285839405527e-05
4849,1.0459793206179714e-05
4850,1.0246465417818537e-05
4851,1.2608579740627903e-05
4852,1.2824952657331293e-05
4853,1.1080011736750442e-05
4854,1.0652652979895109e-05
4855,1.164885901244185e-05
4856,1.212708385959442e-05
4857,1.3185538601503615e-05
4858,1.2755208034737432e-05
4859,1.4297004254232173e-05
4860,1.2217063785108805e-05
4861,1.0549286735152745e-05
4862,9.292746639636394e-06
4863,9.998114740293298e-06
4864,1.1528495636633402e-05
4865,1.2074477194853246e-05
4866,1.2681285680232831e-05
4867,1.0647197800432536e-05
4868,1.088366074730446e-05
4869,1.005888423087218e-05
4870,9.506033131062574e-06
4871,1.0593529606043202e-05
4872,9.559064165287759e-06
4873,8.98812113229141e-06
4874,8.15431463236102e-06
4875,7.027069989355426e-06
4876,6.568444330934886e-06
4877,5.6721648861770786e-06
4878,7.178365080545343e-06
4879,6.604572400728607e-06
4880,8.490327704132075e-06
4881,1.0708913620332203e-05
4882,1.2159796071414595e-05
4883,1.602555603005902e-05
4884,1.4519703433056119e-05
4885,1.2669748212344151e-05
4886,1.2652702860641948e-05
4887,1.256963838349418e-05
4888,1.6882813007336304e-05
4889,1.73030260793931e-05
4890,1.5640082008143517e-05
4891,1.3502129227823868e-05
4892,1.6073620570367924e-05
4893,1.5618511438897884e-05
4894,1.6556059240218998e-05
4895,2.362488269900915e-05
4896,2.241522946448953e-05
4897,1.8438969884195663e-05
4898,2.011259509102424e-05
4899,1.5560379810635725e-05
4900,1.662051971233923e-05
4901,1.837080797638135e-05
4902,1.8860204292663053e-05
4903,1.9790850057733736e-05
4904,1.8423822502795676e-05
4905,2.0856891737401573e-05
4906,1.850014699688875e-05
4907,2.1463779107244737e-05
4908,2.248204080656936e-05
4909,2.4128230504752293e-05
4910,2.3423944231311896e-05
4911,2.152306330061269e-05
4912,2.7025867677587155e-05
4913,2.216924977813635e-05
4914,2.6837335709185203e-05
4915,2.659288864946809e-05
4916,2.1426828299290214e-05
4917,1.9052056636854457e-05
4918,2.0041073211199398e-05
4919,1.9718334072553038e-05
4920,2.1055224603344862e-05
4921,1.9335583560656094e-05
4922,1.8018341587779698e-05
4923,2.148936884047161e-05
4924,1.9762019195560077e-05
4925,1.816899277036351e-05
4926,1.848749551121193e-05
4927,1.7382409942618575e-05
4928,1.7672739675590878e-05
4929,2.2110659741678853e-05
4930,2.591600364787534e-05
4931,3.4489371041392606e-05
4932,2.618575539020805e-05
4933,2.9988707622903414e-05
4934,2.6448605805746745e-05
4935,2.735571407696475e-05
4936,2.46885368218333e-05
4937,2.4290277982315605e-05
4938,2.295559906788844e-05
4939,1.880868876751712e-05
4940,1.6323412268863822e-05
4941,1.9393119242565155e-05
4942,2.9935694304284568e-05
4943,2.4035499184826798e-05
4944,2.338375617820412e-05
4945,2.219554095331792e-05
4946,2.336101536384781e-05
4947,3.89879619862438e-05
4948,4.0234340756970426e-05
4949,5.0044069591922825e-05
4950,5.843011759160484e-05
4951,5.213087377990335e-05
4952,5.051448795573594e-05
4953,4.9511410146287586e-05
4954,5.30799062524306e-05
4955,4.17808640064592e-05
4956,3.9712961031308077e-05
4957,3.7319811581929536e-05
4958,3.511226653004692e-05
4959,2.8703552283615358e-05
4960,2.227665055431468e-05
4961,1.957695606398072e-05
4962,2.064736686135458e-05
4963,2.0553587829115175e-05
4964,2.326039591056701e-05
4965,3.195486043640173e-05
4966,3.0826422929895226e-05
4967,3.5884839225101295e-05
4968,4.470153169530258e-05
4969,3.612343776418588e-05
4970,3.457797675334959e-05
4971,3.179856444030948e-05
4972,2.8613441773708942e-05
4973,2.4582531354628126e-05
4974,2.139895647201752e-05
4975,1.89630118349196e-05
4976,1.8112433892439558e-05
4977,1.540184672293031e-05
4978,1.8153325124960626e-05
4979,1.4199491405445694e-05
4980,1.2561179448796694e-05
4981,1.3072088607115763e-05
4982,1.2348970569237241e-05
4983,1.1070358582410456e-05
4984,1.1939827898989153e-05
4985,1.151746033781995e-05
4986,1.2630574171041293e-05
4987,1.0950246638029936e-05
4988,1.0835460917210954e-05
4989,1.4034111913027236e-05
4990,1.1574398286425965e-05
4991,1.1257616757296978e-05
4992,1.3690858813139701e-05
4993,1.4803678542514452e-05
4994,1.560316084859492e-05
4995,1.2893937352053464e-05
4996,1.3493633347242122e-05
4997,1.1765477014582348e-05
4998,1.0457443738875043e-05
4999,9.136726708020873e-06
5000,7.511053637937175e-06
5001,7.351590525055627e-06
5002,6.9751195729821506e-06
5003,8.01588851272418e-06
5004,8.594751308712593e-06
5005,7.356518465064028e-06
5006,7.089064524863101e-06
5007,6.318925141644949e-06
5008,6.737229410439409e-06
5009,6.817665938365806e-06
5010,8.013178120754612e-06
5011,7.805165151467415e-06
5012,7.655418636597673e-06
5013,6.937240457810861e-06
5014,9.923512004671021e-06
5015,1.2503911928940473e-05
5016,1.4389471845580334e-05
5017,1.2246737045144454e-05
5018,1.4469614399765908e-05
5019,1.6258152362741648e-05
5020,1.6933866154503425e-05
5021,1.6612649626957987e-05
5022,1.6550090411935756e-05
5023,1.5228187158487563e-05
5024,1.5509331172961538e-05
5025,1.577245998138136e-05
5026,1.4647807874179242e-05
5027,1.3199725063963778e-05
5028,1.2493098693945381e-05
5029,1.1060802326197856e-05
5030,8.233969328200162e-06
5031,7.396576807426128e-06
5032,8.408911565434576e-06
5033,8.33373737017402e-06
5034,8.053176555222796e-06
5035,9.02870523421235e-06
5036,1.1489851344863943e-05
5037,1.2531019791717343e-05
5038,1.5626418812951268e-05
5039,1.5205409136074803e-05
5040,1.1175804755309603e-05
5041,1.1419986126765227e-05
5042,1.1269040889908303e-05
5043,1.6216736449710665e-05
5044,1.947964845509158e-05
5045,1.531744877076145e-05
5046,1.7594662339682976e-05
5047,2.0431327289177064e-05
5048,2.4879336857630437e-05
5049,2.3681157930160878e-05
5050,2.350305004735685e-05
5051,2.9628671903778216e-05
5052,3.0331280926683634e-05
5053,2.9338737578651417e-05
5054,2.5527010323148984e-05
5055,2.2793887251599736e-05
5056,2.0695377901467322e-05
5057,1.9344977873218248e-05
5058,2.366264943131121e-05
5059,2.2937645512245233e-05
5060,2.4404133708173377e-05
5061,3.162157989363214e-05
5062,3.3568357316121435e-05
5063,4.160320348492616e-05
5064,3.7783233720397196e-05
5065,3.202029763380528e-05
5066,3.0032948457608235e-05
5067,3.0765692467372066e-05
5068,2.640839667825017e-05
5069,2.0967205267997462e-05
5070,1.8182374768840787e-05
5071,1.7853959971767307e-05
5072,1.4286759756186798e-05
5073,1.4881551061935679e-05
5074,1.6554717361235926e-05
5075,1.57266066599901e-05
5076,1.5524900097727142e-05
5077,1.578765225802141e-05
5078,1.618387482658955e-05
5079,1.5705571044703602e-05
5080,1.566995546813045e-05
5081,1.5487583220407626e-05
5082,1.895596225246978e-05
5083,1.914370526409598e-05
5084,1.6068596971781527e-05
5085,1.5785169852450683e-05
5086,1.659850777718822e-05
5087,1.649085486314221e-05
5088,1.9145272319780814e-05
5089,2.0085008637402644e-05
5090,1.938567184860093e-05
5091,1.960638716350681e-05
5092,2.050541696808641e-05
5093,1.8158973133539643e-05
5094,1.8016784035313416e-05
5095,2.1602029641161278e-05
5096,2.1446579889898278e-05
5097,3.387775431087888e-05
5098,3.851671487838745e-05
5099,3.804499758075027e-05
5100,4.088360856421467e-05
5101,3.562303009584365e-05
5102,4.333296890868988e-05
5103,5.584807739233198e-05
5104,4.5525304166724124e-05
5105,3.3926385145690744e-05
5106,2.6879286869310615e-05
5107,2.8476832691994722e-05
5108,3.179224717346649e-05
5109,2.835677982444914e-05
5110,3.440347519405439e-05
5111,3.3478516610857954e-05
5112,2.6579523677596266e-05
5113,2.8149320346681844e-05
5114,3.029467051339959e-05
5115,3.370092354466392e-05
5116,2.688138047270956e-05
5117,2.387840920104628e-05
5118,2.1720316456621157e-05
5119,2.0299463540002826e-05
5120,1.8269699232866043e-05
5121,1.6999686072901003e-05
5122,1.928444252647018e-05
5123,2.3744883935369235e-05
5124,2.524026073192184e-05
5125,2.255182540055414e-05
5126,1.5147907580609322e-05
5127,1.2365550440937352e-05
5128,1.1669284957958437e-05
5129,1.0144540318321231e-05
5130,9.878260878765402e-06
5131,1.171166512515962e-05
5132,1.7029067053112136e-05
5133,1.5219459357158147e-05
5134,1.6238700658780906e-05
5135,1.628993829572878e-05
5136,1.3236061728538906e-05
5137,1.5845537444773237e-05
5138,1.3783578250294754e-05
5139,1.4141593265065308e-05
5140,1.0496328269547884e-05
5141,1.2232912099377274e-05
5142,1.1402874381508655e-05
5143,1.0188704528439038e-05
5144,9.439315932277573e-06
5145,8.28148158292269e-06
5146,9.04580218892908e-06
5147,9.882203796867628e-06
5148,1.098121199541248e-05
5149,1.6408161419176693e-05
5150,2.552382459824292e-05
5151,4.088624571850467e-05
5152,6.556297066207117e-05
5153,6.0165389508505735e-05
5154,4.80659886946185e-05
5155,4.754986781798337e-05
5156,5.8920810777716285e-05
5157,6.249834568972288e-05
5158,6.199780459992078e-05
5159,5.906603501482235e-05
5160,6.094492129741923e-05
5161,5.077576659367014e-05
5162,4.468500464746493e-05
5163,4.751638921479002e-05
5164,4.498004884826936e-05
5165,3.103916559048506e-05
5166,2.5374984955373628e-05
5167,1.9979918285356873e-05
5168,1.6225781507284577e-05
5169,1.5626352025683413e-05
5170,1.5863130414001017e-05
5171,1.584331587225446e-05
5172,1.7242014912212234e-05
5173,1.4863320249494048e-05
5174,1.2868080008867723e-05
5175,1.0899748235788585e-05
5176,1.2034757788090472e-05
5177,1.1011767289600863e-05
5178,1.0275728508228575e-05
5179,1.094432159566247e-05
5180,1.215253823145479e-05
5181,1.2504210860553811e-05
5182,1.50835803722802e-05
5183,1.3800303187242927e-05
5184,1.3402911710862623e-05
5185,1.0958478661622561e-05
5186,9.235582059716117e-06
5187,9.327742258659509e-06
5188,8.840394395439897e-06
5189,7.828201099833478e-06
5190,7.858059784832573e-06
5191,7.610622397399266e-06
5192,6.908687141860351e-06
5193,6.959168383919977e-06
5194,7.759597642097884e-06
5195,8.038462634135021e-06
5196,7.024165448370437e-06
5197,6.264541563206491e-06
5198,6.811788698662933e-06
5199,6.811467486786447e-06
5200,6.002243408492351e-06
5201,5.342573241751624e-06
5202,4.982382642006864e-06
5203,5.81664465413533e-06
5204,6.790009837970204e-06
5205,7.096492117982545e-06
5206,8.567605408855705e-06
5207,8.056055715397262e-06
5208,7.252208276259641e-06
5209,7.419998316549516e-06
5210,8.902062557841183e-06
5211,1.1005092181920562e-05
5212,1.2746629573143311e-05
5213,1.2467531614944638e-05
5214,9.937390622383879e-06
5215,8.526128027151735e-06
5216,8.484238131957077e-06
5217,8.515002423708096e-06
5218,8.241289965266456e-06
5219,7.194373411025016e-06
5220,7.643076612919111e-06
5221,8.814786296065832e-06
5222,9.060374530972968e-06
5223,9.64564720219509e-06
5224,9.440867151190437e-06
5225,9.889180773891707e-06
5226,8.849392211734918e-06
5227,7.773764230845879e-06
5228,7.729256498276264e-06
5229,1.0346650825542658e-05
5230,1.258579099938457e-05
5231,1.1853932590361323e-05
5232,1.3684263766304923e-05
5233,1.7531400419736985e-05
5234,1.6561491586612467e-05
5235,1.6646183550477643e-05
5236,1.444830104350988e-05
5237,1.7669799434828428e-05
5238,2.097528896827988e-05
5239,2.1049272784114512e-05
5240,2.0710633550612197e-05
5241,1.4461048829821523e-05
5242,1.762258031868545e-05
5243,1.863374989158202e-05
5244,2.7003198718147974e-05
5245,2.7698864092625633e-05
5246,2.1830548012373086e-05
5247,1.966084761655325e-05
5248,2.350098490054421e-05
5249,2.0338542848265085e-05
5250,2.0710740560519032e-05
5251,3.4683127925135233e-05
5252,4.404413271001007e-05
5253,3.3633000552230985e-05
5254,3.747325192462836e-05
5255,3.2602801455974575e-05
5256,3.192023296517907e-05
5257,2.6878918694776925e-05
5258,3.018784911305814e-05
5259,3.012359813470491e-05
5260,2.8990752663738926e-05
5261,2.674768081881677e-05
5262,2.4865431217109654e-05
5263,2.1130958351456406e-05
5264,2.2060057755324915e-05
5265,1.8227298891239534e-05
5266,1.5015502250600069e-05
5267,1.6900470304640786e-05
5268,2.0795307208390844e-05
5269,3.322605668135014e-05
5270,3.5777078691955885e-05
5271,4.146774436880801e-05
5272,4.693393681047357e-05
5273,5.919123143549019e-05
5274,5.3014769057442225e-05
5275,3.7275872941218976e-05
5276,3.538499086827967e-05
5277,3.5278764388680604e-05
5278,3.024966048194789e-05
5279,2.5088600593182325e-05
5280,2.7784772355100462e-05
5281,3.075372336253784e-05
5282,2.6093838121019603e-05
5283,2.4494675294151716e-05
5284,1.9987429871539305e-05
5285,1.9179805318603226e-05
5286,1.4141811895791717e-05
5287,1.1573846957514941e-05
5288,1.4127074961123868e-05
5289,1.3185622866311422e-05
5290,1.7956807368354144e-05
5291,2.0169340317559333e-05
5292,1.887260455919421e-05
5293,1.7949940337936905e-05
5294,1.8061955730190754e-05
5295,1.7013731484646246e-05
5296,1.469753778965616e-05
5297,1.3233389093729746e-05
5298,1.2213893493125383e-05
5299,1.2564884790925006e-05
5300,8.905027269234876e-06
5301,1.0652096878637224e-05
5302,1.1571057985300531e-05
5303,8.980385929167371e-06
5304,8.743153571518492e-06
5305,1.1437808267678596e-05
5306,1.1789731268941602e-05
5307,9.85639060407732e-06
5308,7.059267079820211e-06
5309,6.434948132719963e-06
5310,6.935741280130799e-06
5311,8.156358751716993e-06
5312,7.82337905515034e-06
5313,9.38371246640441e-06
5314,1.0438619556689449e-05
5315,8.823309597382753e-06
5316,8.378604447606859e-06
5317,9.251251793741468e-06
5318,1.097345686722433e-05
5319,8.948045855154344e-06
5320,8.593495733386663e-06
5321,8.029813804515164e-06
5322,8.4109460975288e-06
5323,8.41843894167019e-06
5324,9.186094946815997e-06
5325,7.594528786840283e-06
5326,7.309684845444317e-06
5327,9.618973390838637e-06
5328,1.0035758540330884e-05
5329,1.0750481037926811e-05
5330,1.2245030821749121e-05
5331,1.13835652951846e-05
5332,8.681676383797995e-06
5333,6.959676411423457e-06
5334,8.236257000235784e-06
5335,9.203885559954429e-06
5336,9.395091771740349e-06
5337,8.845186471362083e-06
5338,9.30279632936038e-06
5339,1.2648004120362749e-05
5340,1.7736664686387562e-05
5341,2.2396958267127714e-05
5342,2.3685317257399667e-05
5343,1.8199801948295042e-05
5344,3.151604183746832e-05
5345,4.363242097810138e-05
5346,4.871751637222514e-05
5347,4.5917069946684445e-05
5348,3.969776642367301e-05
5349,3.213442981140368e-05
5350,4.312938356178849e-05
5351,2.7555047053747806e-05
5352,2.7080428404570087e-05
5353,3.782090750404859e-05
5354,3.0243596652758255e-05
5355,2.537347011249141e-05
5356,2.2404005502404262e-05
5357,1.6745216675890707e-05
5358,1.3531286401175424e-05
5359,1.1279090065529363e-05
5360,1.0820053660686193e-05
5361,9.914683285659055e-06
5362,1.0380167742059106e-05
5363,1.2296711021280473e-05
5364,1.8027408382105688e-05
5365,1.6111035347319878e-05
5366,1.5411872585764487e-05
5367,1.311410777202578e-05
5368,1.4278143597616468e-05
5369,1.5356634705390266e-05
5370,1.34198264266024e-05
5371,1.1934751743010309e-05
5372,1.1513827277347646e-05
5373,9.69325012202779e-06
5374,9.546135375874408e-06
5375,1.2010587692249156e-05
5376,1.24779115711083e-05
5377,1.214153298570479e-05
5378,1.0483520027778503e-05
5379,1.0628546839445552e-05
5380,1.1598189176752974e-05
5381,1.2257064812386452e-05
5382,1.1698704993212373e-05
5383,1.4895315987898603e-05
5384,1.6534716296154363e-05
5385,1.553842838339576e-05
5386,1.2696829561016463e-05
5387,1.5550329043093277e-05
5388,1.9288650011652334e-05
5389,1.8258125330943652e-05
5390,1.9036084762043167e-05
5391,2.351489917180151e-05
5392,2.694542895005526e-05
5393,2.1606231232954496e-05
5394,1.5695312134882934e-05
5395,1.3122569444479942e-05
5396,1.3000503214536898e-05
5397,1.1319792198432165e-05
5398,1.2384860439820172e-05
5399,1.4591491702182522e-05
5400,1.3154767337311748e-05
5401,1.3945322812429285e-05
5402,1.6372626109654216e-05
5403,1.8701523450107955e-05
5404,1.884436950963849e-05
5405,1.7643376929702535e-05
5406,1.7493083479925406e-05
5407,1.6637086538719523e-05
5408,1.376318970377158e-05
5409,1.2893731231114818e-05
5410,1.060892766526865e-05
5411,9.522844211811563e-06
5412,1.0540857000106697e-05
5413,1.1914235580660958e-05
5414,1.1392195794681268e-05
5415,1.337730321289466e-05
5416,1.1413853181453067e-05
5417,1.6036254499599004e-05
5418,1.5755588501081265e-05
5419,1.58228857298639e-05
5420,1.4416091232943565e-05
5421,1.9909416435935644e-05
5422,1.7076179783265868e-05
5423,1.4988564388080582e-05
5424,1.6018884560082565e-05
5425,1.7674768350208152e-05
5426,1.9128850691671742e-05
5427,1.9630960700813224e-05
5428,1.6990892462811398e-05
5429,1.4385354635651429e-05
5430,1.3222936111798082e-05
5431,1.188074112488801e-05
5432,1.1363308525443118e-05
5433,1.3572313170749158e-05
5434,1.4000556841607975e-05
5435,1.1892570164151704e-05
5436,1.1226600045858328e-05
5437,9.313621049808193e-06
5438,8.740726407099058e-06
5439,9.03234774262741e-06
5440,9.255525086849176e-06
5441,9.431875280602536e-06
5442,9.077425680923946e-06
5443,1.1381614214908857e-05
5444,1.2365104298516453e-05
5445,1.1432416783345664e-05
5446,1.0457698813588691e-05
5447,1.0670357765184544e-05
5448,1.0579954185065225e-05
5449,9.335398277724063e-06
5450,9.264633110858725e-06
5451,8.98413359444206e-06
5452,8.018061307113916e-06
5453,7.64917023263542e-06
5454,7.356462890845883e-06
5455,6.7671581386316195e-06
5456,7.654956969812618e-06
5457,9.108092352514064e-06
5458,8.628782126089847e-06
5459,7.357025342121771e-06
5460,7.9418339467184e-06
5461,9.781334830324696e-06
5462,1.1744363052018881e-05
5463,1.1628489092117547e-05
5464,9.451365630116822e-06
5465,1.0019813971181735e-05
5466,1.74441749725974e-05
5467,1.7090036504222985e-05
5468,2.0814127365611934e-05
5469,2.502146296481838e-05
5470,3.12376925057773e-05
5471,2.711336484099139e-05
5472,3.287255918110988e-05
5473,2.924975648056338e-05
5474,2.744497522478258e-05
5475,3.641182434658175e-05
5476,2.943825902959529e-05
5477,2.6267864451414037e-05
5478,3.178705765237878e-05
5479,3.0981268977930675e-05
5480,3.4044719413263446e-05
5481,4.447394154627372e-05
5482,4.1876486482286174e-05
5483,3.202976341115886e-05
5484,3.2117332806324875e-05
5485,2.7870925528291596e-05
5486,2.487014806087084e-05
5487,2.879995363833144e-05
5488,3.40709141356846e-05
5489,3.411102948559722e-05
5490,3.1213468220219745e-05
5491,3.5634228354866224e-05
5492,3.066527376179111e-05
5493,3.225187181667234e-05
5494,3.736430166483273e-05
5495,3.0306007208308404e-05
5496,2.8995625484015564e-05
5497,2.9899099681522462e-05
5498,3.01525952841111e-05
5499,2.8303212445271048e-05
5500,2.3504780063820884e-05
5501,2.3862934139968543e-05
5502,2.3265322764545995e-05
5503,2.185512116330473e-05
5504,1.8950596611272433e-05
5505,1.4996616398889638e-05
5506,1.2839391377068444e-05
5507,1.3219298736879464e-05
5508,1.4388875163482082e-05
5509,1.470880958268995e-05
5510,1.5366582490767427e-05
5511,1.5296084051216413e-05
5512,1.2069167711876258e-05
5513,1.377692320292906e-05
5514,1.3031435836991806e-05
5515,9.726252106058067e-06
5516,8.566498665808488e-06
5517,9.65096503323741e-06
5518,1.084462472380972e-05
5519,1.0966202872810388e-05
5520,1.184145148097669e-05
5521,1.020148128466449e-05
5522,1.2306139434689994e-05
5523,1.3152414730710193e-05
5524,1.5616603807746018e-05
5525,1.5695996230459653e-05
5526,1.7270421036661088e-05
5527,1.4065625157937748e-05
5528,1.5519980394939173e-05
5529,1.4452485759963649e-05
5530,1.3351595879163095e-05
5531,1.1114530027792913e-05
5532,9.887373959662673e-06
5533,7.174531056356203e-06
5534,7.673027245570592e-06
5535,6.724123206519619e-06
5536,6.223102015998872e-06
5537,6.500152372863473e-06
5538,8.99235898047309e-06
5539,8.57734116327785e-06
5540,7.399003333328522e-06
5541,1.0376156348633522e-05
5542,9.106834992608841e-06
5543,1.008953808279275e-05
5544,9.866981893988085e-06
5545,1.0713226205183252e-05
5546,1.2829785516345233e-05
5547,1.5084024923442294e-05
5548,1.657304647202606e-05
5549,1.2266691386343868e-05
5550,1.271506654316067e-05
5551,1.368247190248982e-05
5552,1.3787448348191454e-05
5553,1.3055004505645415e-05
5554,1.1335495872227588e-05
5555,8.876078170836857e-06
5556,1.1571611750871117e-05
5557,9.291837280735837e-06
5558,7.925877927084368e-06
5559,6.645540286937365e-06
5560,7.038413232411523e-06
5561,8.68146947572714e-06
5562,8.064154627408463e-06
5563,1.0448528428286538e-05
5564,1.3893832957451525e-05
5565,1.110597487875079e-05
5566,8.9006801112325e-06
5567,1.0408003503057363e-05
5568,1.0418365368441594e-05
5569,1.0723308927888845e-05
5570,1.0750439564612074e-05
5571,1.2137805479349638e-05
5572,1.1201316568350215e-05
5573,9.481051283798854e-06
5574,1.1100245742534188e-05
5575,1.0753047235588008e-05
5576,1.3622138907089559e-05
5577,1.2813022765263942e-05
5578,1.5071231574708821e-05
5579,1.8305091355481602e-05
5580,1.743969377617371e-05
5581,2.308907134756641e-05
5582,2.2863789280261623e-05
5583,3.184579418965726e-05
5584,2.8429748612762172e-05
5585,2.239049801956839e-05
5586,2.194084241548861e-05
5587,2.5007331050971338e-05
5588,3.441596318053426e-05
5589,3.485372065556e-05
5590,3.3226536887241204e-05
5591,2.6718791772203334e-05
5592,2.7951705945039334e-05
5593,2.356785464933241e-05
5594,2.0459603051694825e-05
5595,1.5824246891716354e-05
5596,2.1048206291798506e-05
5597,2.0095171092332586e-05
5598,1.699403580033387e-05
5599,1.7582778905171768e-05
5600,1.6264799457211554e-05
5601,1.6885982104099764e-05
5602,1.4740675269338623e-05
5603,1.5353051101697936e-05
5604,1.3920374487527752e-05
5605,1.4002743858054133e-05
5606,1.2982910884392633e-05
5607,1.3497552055006914e-05
5608,1.9003615494793083e-05
5609,1.8379606523960597e-05
5610,1.6752541948360265e-05
5611,1.588400411145357e-05
5612,1.5470851225588158e-05
5613,1.4784681087951557e-05
5614,1.634058049555662e-05
5615,2.3365537265758498e-05
5616,2.8344361115341553e-05
5617,3.4584256039853645e-05
5618,2.510710500445432e-05
5619,2.520841298086036e-05
5620,2.4207156755000155e-05
5621,2.0465126646374643e-05
5622,1.7811512008707604e-05
5623,1.8255371628257123e-05
5624,2.2066208437209758e-05
5625,1.8851359853783263e-05
5626,1.601452797598756e-05
5627,1.4931115994309886e-05
5628,1.4005972743763295e-05
5629,1.5307894263849726e-05
5630,1.771318404841538e-05
5631,1.8013880314194297e-05
5632,1.7429857679053493e-05
5633,1.993218227824252e-05
5634,1.6469876999368205e-05
5635,1.3921938236978894e-05
5636,1.3387975104319993e-05
5637,1.6196065572590295e-05
5638,2.4824061922995856e-05
5639,2.598929964590053e-05
5640,3.141350611163599e-05
5641,2.5862137728548487e-05
5642,3.1586357448151785e-05
5643,3.382543773225845e-05
5644,2.6722172430103923e-05
5645,2.6803023720931748e-05
5646,2.4107085681013647e-05
5647,1.990246736897629e-05
5648,2.0713602330546554e-05
5649,1.7987953940698172e-05
5650,1.5705562979918166e-05
5651,1.522790298603832e-05
5652,1.4497189126208172e-05
5653,1.1021992699505079e-05
5654,9.289722245308968e-06
5655,9.644824452331747e-06
5656,8.557238940824594e-06
5657,8.665706644941632e-06
5658,7.5892374508206456e-06
5659,1.0008842812492526e-05
5660,1.0929196997770517e-05
5661,1.409780515121464e-05
5662,1.4305265804406601e-05
5663,1.5309583364629147e-05
5664,1.402738458823261e-05
5665,1.5522788348822656e-05
5666,1.5931156036161704e-05
5667,1.3930121839451448e-05
5668,1.1762200678007867e-05
5669,1.1080565897665962e-05
5670,1.1826320378402137e-05
5671,1.3532061973882544e-05
5672,1.6681380049479634e-05
5673,1.4271870995882465e-05
5674,1.5072530620744523e-05
5675,1.669408881034076e-05
5676,1.5721870742876383e-05
5677,1.4021823003860839e-05
5678,1.2874646100584735e-05
5679,9.824156125950158e-06
5680,1.0757912032099002e-05
5681,1.5514730907169862e-05
5682,2.0350947831434338e-05
5683,2.0088997040971443e-05
5684,2.4067242756642355e-05
5685,2.3519602932891673e-05
5686,3.042133323371918e-05
5687,2.4944465384275544e-05
5688,2.2360888085313984e-05
5689,2.1469813521916546e-05
5690,2.8256172380490343e-05
5691,2.0156829493587917e-05
5692,1.918326910147819e-05
5693,1.888576043596112e-05
5694,1.7869538425632256e-05
5695,1.9085671074602227e-05
5696,1.9987672505023224e-05
5697,1.945464519358783e-05
5698,1.4932308365566668e-05
5699,1.2797407611376858e-05
5700,1.1189180795664361e-05
5701,1.015403222274391e-05
5702,1.296832149313663e-05
5703,1.1563088784257204e-05
5704,1.0044089308116943e-05
5705,1.0447537541280498e-05
5706,1.2084127364509345e-05
5707,1.0972165230891357e-05
5708,1.3442702594410666e-05
5709,1.3805982682716203e-05
5710,1.2723678671275594e-05
5711,1.1293304911443159e-05
5712,1.1551438284062507e-05
5713,1.0823514645749534e-05
5714,1.1017225922947367e-05
5715,9.962220942382222e-06
5716,1.0180511594618008e-05
5717,8.232227851884013e-06
5718,7.802274167319643e-06
5719,8.414689137357356e-06
5720,7.506037792664863e-06
5721,6.6662229895442975e-06
5722,6.445448062937731e-06
5723,1.0236700149629278e-05
5724,1.4242946299371779e-05
5725,1.5244045011745135e-05
5726,1.5210915010477762e-05
5727,1.714551878699973e-05
5728,2.015268516648785e-05
5729,1.7614009797153832e-05
5730,1.35411031102147e-05
5731,1.190134627775161e-05
5732,1.206120381425276e-05
5733,1.7694595503706107e-05
5734,2.37664139789174e-05
5735,2.007089541244893e-05
5736,2.1457635613097987e-05
5737,2.8596777857382424e-05
5738,2.580160324596473e-05
5739,2.1276863806327896e-05
5740,1.7199047957576e-05
5741,1.894374871348813e-05
5742,1.8782999318269347e-05
5743,2.135863501403349e-05
5744,1.8865468498803032e-05
5745,1.5259230029711168e-05
5746,1.5523862433359208e-05
5747,1.3458604567962736e-05
5748,1.8713029372809955e-05
5749,2.4911275950742616e-05
5750,2.484230670792367e-05
5751,1.723926430297095e-05
5752,1.4819622504191857e-05
5753,1.5055526626704978e-05
5754,1.6505660035397298e-05
5755,1.4176585933693582e-05
5756,1.4323466116801296e-05
5757,1.5174123257727213e-05
5758,1.5213723161079665e-05
5759,1.2621924349890924e-05
5760,1.3071781257008682e-05
5761,1.174411376759252e-05
5762,9.769425291476577e-06
5763,1.1805601592327931e-05
5764,1.2424671515376775e-05
5765,1.2400012270659237e-05
5766,1.3144983510891338e-05
5767,1.2520798001064754e-05
5768,1.645524191925319e-05
5769,2.0922715260457485e-05
5770,2.3494107373704785e-05
5771,2.3230943384992134e-05
5772,1.7527011343120765e-05
5773,1.5683714318562805e-05
5774,1.3595366037376392e-05
5775,1.4518617222599969e-05
5776,1.4797281579981734e-05
5777,1.7575817416185978e-05
5778,1.7758521287249964e-05
5779,1.7275786225696435e-05
5780,1.8095963842333618e-05
5781,1.6613621133668108e-05
5782,2.0015789772602897e-05
5783,2.3822874497334664e-05
5784,2.4685342942682443e-05
5785,2.199129144119478e-05
5786,2.3074687989311473e-05
5787,2.553680329958115e-05
5788,2.7594721100005073e-05
5789,1.936467849904571e-05
5790,1.4524763025515923e-05
5791,1.4598161203524033e-05
5792,1.6438842890700278e-05
5793,2.6723428603089666e-05
5794,3.588183910350991e-05
5795,3.655965596698811e-05
5796,4.838222285582064e-05
5797,5.6789793002238475e-05
5798,4.230449904003085e-05
5799,5.4552566275950626e-05
5800,4.819469917445427e-05
5801,5.144966954655921e-05
5802,3.577422500826491e-05
5803,3.2715094608319274e-05
5804,5.041653474685561e-05
5805,4.38214721620768e-05
5806,3.802496425582748e-05
5807,2.9872053548662874e-05
5808,3.1038343524737e-05
5809,2.727464851788225e-05
5810,2.698810263048679e-05
5811,2.2479673040850543e-05
5812,1.8396283965413956e-05
5813,1.6783817295672625e-05
5814,1.2099217596834754e-05
5815,9.060643734653226e-06
5816,9.839340602158353e-06
5817,8.464984282966996e-06
5818,7.810570180845628e-06
5819,1.0362112256037179e-05
5820,1.0441157724069544e-05
5821,1.0834058585648107e-05
5822,7.628408037539597e-06
5823,8.101318836960981e-06
5824,6.454462452494762e-06
5825,6.389889499813671e-06
5826,6.993100370698562e-06
5827,6.824364525835824e-06
5828,6.440014240154756e-06
5829,6.852426796851212e-06
5830,7.80455977119832e-06
5831,7.678838641638066e-06
5832,9.41456536256008e-06
5833,8.620838466540006e-06
5834,8.192184350442786e-06
5835,9.427824671029984e-06
5836,9.609929493829177e-06
5837,7.744570919362146e-06
5838,7.737213639233155e-06
5839,7.971074711604476e-06
5840,7.713165622621724e-06
5841,7.585594581857064e-06
5842,9.633274845101225e-06
5843,1.2833972506739205e-05
5844,1.3670063806936547e-05
5845,1.5990893558767537e-05
5846,1.4746664197484882e-05
5847,1.2525375081830878e-05
5848,1.2579217808084588e-05
5849,1.7025790685091796e-05
5850,1.6158369603297014e-05
5851,1.647954970457195e-05
5852,1.3977610426637787e-05
5853,1.3966810319264616e-05
5854,1.3826178844576323e-05
5855,2.0189147405275207e-05
5856,1.812945245575256e-05
5857,1.820307053563927e-05
5858,1.8524713416142037e-05
5859,1.4111047996813905e-05
5860,1.4081130621855972e-05
5861,1.3171452933192874e-05
5862,1.4072787466696197e-05
5863,1.174277637526322e-05
5864,1.1328774943890726e-05
5865,1.3515603639782906e-05
5866,1.4680814568148432e-05
5867,1.4344970794876397e-05
5868,1.7367070573402718e-05
5869,1.9949864914851794e-05
5870,1.7289775226604888e-05
5871,1.4198404363273771e-05
5872,1.5007439028270637e-05
5873,1.578318530481211e-05
5874,1.72059085852902e-05
5875,1.6537050273016264e-05
5876,1.288318037482915e-05
5877,1.1049404497188103e-05
5878,1.1030293118217237e-05
5879,1.1367597163171803e-05
5880,1.102342101796815e-05
5881,9.484119559713464e-06
5882,8.326666850319479e-06
5883,7.62957992914662e-06
5884,7.945081233512636e-06
5885,8.17144761429652e-06
5886,9.067584378340063e-06
5887,1.011539984759259e-05
5888,9.227871840367185e-06
5889,9.437768516752289e-06
5890,9.738579631224456e-06
5891,1.0540946739630537e-05
5892,1.4839948444530627e-05
5893,1.8296725242325083e-05
5894,1.984779194853853e-05
5895,2.2926687377252862e-05
5896,1.6427054578398967e-05
5897,1.5017665748692842e-05
5898,1.2420451681619058e-05
5899,1.1645933014797962e-05
5900,1.356173916194503e-05
5901,1.4629560882506677e-05
5902,1.5132198305592801e-05
5903,1.6620832211289153e-05
5904,1.4111636441865732e-05
5905,1.4319524772593645e-05
5906,1.6004394510752037e-05
5907,1.326036577410901e-05
5908,1.2171470955116362e-05
5909,1.2077631806759201e-05
5910,1.4787143236520207e-05
5911,1.799748734300096e-05
5912,1.894546969215099e-05
5913,1.496709181394097e-05
5914,1.4492441111282996e-05
5915,1.5242112942312428e-05
5916,1.8066843002189884e-05
5917,2.0602217507551856e-05
5918,2.355212875317316e-05
5919,2.4864185852447152e-05
5920,2.764603288727286e-05
5921,2.435333061519736e-05
5922,2.1122853833860964e-05
5923,1.8460631747462248e-05
5924,1.2599678792239096e-05
5925,1.142083863034137e-05
5926,1.0984472205675476e-05
5927,1.0519409103169247e-05
5928,1.0047944015231913e-05
5929,1.0391389030916875e-05
5930,9.512452589329319e-06
5931,1.0057628342483884e-05
5932,9.583886710684346e-06
5933,1.049342069350096e-05
5934,9.577724674198621e-06
5935,9.310644782467889e-06
5936,8.46136462053825e-06
5937,9.313950338989136e-06
5938,9.075303641041534e-06
5939,7.532081321804169e-06
5940,7.012374075348475e-06
5941,6.502746180347485e-06
5942,7.330610604401081e-06
5943,7.2482999859011354e-06
5944,7.69405558878816e-06
5945,6.519962978742638e-06
5946,6.968668278043315e-06
5947,6.973612820870343e-06
5948,5.775851674547872e-06
5949,5.1100212066554725e-06
5950,5.0480638739592535e-06
5951,5.332911307482308e-06
5952,4.549477835832455e-06
5953,5.369569882031778e-06
5954,5.769124424677754e-06
5955,8.175326625763642e-06
5956,8.412987287003958e-06
5957,8.03576468053892e-06
5958,1.1229945952134302e-05
5959,1.2604219090187063e-05
5960,1.7165130069154766e-05
5961,1.683152449282579e-05
5962,1.5045326770325055e-05
5963,1.4487932573891488e-05
5964,1.520971430577509e-05
5965,1.546568516593988e-05
5966,1.436131353816657e-05
5967,1.2557858297012986e-05
5968,1.2783947542406064e-05
5969,1.0464841223855372e-05
5970,8.622522297952804e-06
5971,9.13963196633413e-06
5972,1.0385327495010948e-05
5973,1.3993173363868366e-05
5974,1.6066613347482492e-05
5975,1.6455526697462734e-05
5976,1.8890522469122745e-05
5977,1.5007570902224523e-05
5978,1.2608151184832277e-05
5979,2.112026617759047e-05
5980,2.1194346489877253e-05
5981,1.8792241301520458e-05
5982,1.8865957141109944e-05
5983,2.2113629204663252e-05
5984,2.0111468893401528e-05
5985,1.7840324480950337e-05
5986,1.922255729378618e-05
5987,1.6682210342345105e-05
5988,1.5861478639560498e-05
5989,1.539666478257333e-05
5990,1.3768082244182237e-05
5991,1.4118729429237998e-05
5992,1.2896528740611336e-05
5993,1.6011697872621402e-05
5994,1.5831319542215023e-05
5995,1.351197197471184e-05
5996,1.437256521341478e-05
5997,1.166343013591261e-05
5998,1.138024196716023e-05
5999,1.0043625215215327e-05
6000,1.1053484982775738e-05
6001,9.637435442274143e-06
6002,1.000088296380352e-05
6003,1.4019406539006793e-05
6004,1.769842419054417e-05
6005,1.5717856473925502e-05
6006,1.2791606483452706e-05
6007,1.0626970058490977e-05
6008,1.3615679126201794e-05
6009,1.3933516240173893e-05
6010,1.8736638209879467e-05
6011,1.9298905596126484e-05
6012,1.8642733812233626e-05
6013,1.874208023183178e-05
6014,2.379216951295021e-05
6015,2.4988477014300695e-05
6016,1.910140603129451e-05
6017,1.3468187676275461e-05
6018,1.2180078365718186e-05
6019,1.3414813485328044e-05
6020,1.279629892055358e-05
6021,1.1019528489244187e-05
6022,9.975127695694088e-06
6023,1.1789776644122933e-05
6024,1.1006699279398634e-05
6025,9.441344020188606e-06
6026,1.0609566641627139e-05
6027,1.1504785292506722e-05
6028,1.3362533825997512e-05
6029,1.3949122401217745e-05
6030,1.2057600822125596e-05
6031,1.1436933767122889e-05
6032,1.4554777954673122e-05
6033,1.4497208963899654e-05
6034,1.2339503934370398e-05
6035,1.1336465157587278e-05
6036,1.2977455892374254e-05
6037,1.4262801490817488e-05
6038,1.2774140600863809e-05
6039,8.7970108781211e-06
6040,7.915125177885038e-06
6041,8.619419150555617e-06
6042,9.764848070178773e-06
6043,8.164223421619222e-06
6044,9.305957763907583e-06
6045,1.194696730043067e-05
6046,1.0484660005375873e-05
6047,1.0036970090457232e-05
6048,1.0091839950273359e-05
6049,1.0788932861275752e-05
6050,1.315961371561188e-05
6051,2.3116545588225535e-05
6052,2.14450170878868e-05
6053,1.6797453831441294e-05
6054,1.5486107821740377e-05
6055,1.7316262480337295e-05
6056,1.4373843831627658e-05
6057,1.2487686001667494e-05
6058,1.2568517593447617e-05
6059,1.1873447490696302e-05
6060,1.536324043840537e-05
6061,1.621623653555179e-05
6062,1.4286449022804965e-05
6063,1.5171660349788029e-05
6064,1.2554334162448101e-05
6065,1.2833213999724251e-05
6066,1.296464445186881e-05
6067,1.2961868251468505e-05
6068,1.093823255194773e-05
6069,9.837135901305989e-06
6070,8.945845339085466e-06
6071,1.1943544829278522e-05
6072,1.3721163025404279e-05
6073,2.2029099904666207e-05
6074,2.7922710076483047e-05
6075,2.3422619235823937e-05
6076,2.5750520277547535e-05
6077,2.8279634918453497e-05
6078,3.006649080992028e-05
6079,2.879559852389563e-05
6080,2.8713963627684525e-05
6081,2.1861425231997014e-05
6082,2.190400238847714e-05
6083,2.4531219873231404e-05
6084,1.861218848910319e-05
6085,1.8824814100755075e-05
6086,1.8874613017110407e-05
6087,1.7124848241839508e-05
6088,1.8002904829963127e-05
6089,2.4712036382359517e-05
6090,2.504438457164682e-05
6091,1.8228043477904364e-05
6092,1.6541708486226507e-05
6093,1.7649861596098144e-05
6094,1.6838984667643558e-05
6095,1.907318356518689e-05
6096,1.6057604709150903e-05
6097,1.5805654749061746e-05
6098,1.2327223794278892e-05
6099,1.2180456716305439e-05
6100,1.4107413938595308e-05
6101,1.7744261751089297e-05
6102,1.5747222970213812e-05
6103,1.408516918163309e-05
6104,1.548615308285001e-05
6105,1.4327037975322224e-05
6106,1.580924535039412e-05
6107,1.817148980400306e-05
6108,1.5228648568787538e-05
6109,1.2346960882821444e-05
6110,1.3092681933130586e-05
6111,1.3703804579442168e-05
6112,1.4110079617052562e-05
6113,1.2399680901319299e-05
6114,1.1030749678652184e-05
6115,1.5109489660275428e-05
6116,1.4597223857678816e-05
6117,1.7455921996420707e-05
6118,1.7593508123697417e-05
6119,1.6736400431680365e-05
6120,1.3955758677910859e-05
6121,1.0656414276583471e-05
6122,1.2525634601907395e-05
6123,1.0882426519282446e-05
6124,9.384194149300698e-06
6125,1.1240783011015114e-05
6126,1.0605409989139356e-05
6127,1.1181056336734042e-05
6128,9.853260134700414e-06
6129,1.1790980401902217e-05
6130,1.2389039238965633e-05
6131,1.0173686783906559e-05
6132,1.0594166441906687e-05
6133,1.3527268509644196e-05
6134,1.4603883700522906e-05
6135,1.328143022297215e-05
6136,1.3942799318672213e-05
6137,1.251643505938981e-05
6138,1.6196469284883274e-05
6139,1.8681471282424645e-05
6140,2.07778870990864e-05
6141,2.1132752917870747e-05
6142,1.6789626948730414e-05
6143,1.2759628246631073e-05
6144,1.0833124422105622e-05
6145,1.0984714423295944e-05
6146,9.398391737017784e-06
6147,8.074526394711305e-06
6148,8.661885082547308e-06
6149,1.0609538230616417e-05
6150,1.0500373833645712e-05
6151,1.0846035863008553e-05
6152,1.5070472584276325e-05
6153,2.0911915304923164e-05
6154,2.3873943686231623e-05
6155,2.0887281659009313e-05
6156,2.9023992727980213e-05
6157,3.14359145432226e-05
6158,2.669963023265948e-05
6159,2.285787469024529e-05
6160,2.0576054275288112e-05
6161,1.7934956057679725e-05
6162,1.638687994851081e-05
6163,2.038262261807657e-05
6164,2.2746239532032686e-05
6165,3.0610101512505724e-05
6166,2.5620097250894612e-05
6167,2.274502430777913e-05
6168,1.9758069592382485e-05
6169,1.8718327991837187e-05
6170,1.52044094301575e-05
6171,1.3276999744066049e-05
6172,1.659635996936815e-05
6173,1.5008455877492756e-05
6174,1.2976247695724052e-05
6175,9.485158563528584e-06
6176,1.0132637450402405e-05
6177,1.4584346924029553e-05
6178,1.433408327916232e-05
6179,1.537148585936615e-05
6180,1.448776887212503e-05
6181,1.1419558870929454e-05
6182,1.1955218765733137e-05
6183,1.1729737437975623e-05
6184,1.4663996594356561e-05
6185,1.3734814323635083e-05
6186,1.066521312317896e-05
6187,9.040145640548798e-06
6188,1.0226656769190898e-05
6189,9.236971305306657e-06
6190,8.582781111560382e-06
6191,1.0434571499251211e-05
6192,1.1534056957872767e-05
6193,1.0508047489407338e-05
6194,8.175407373319708e-06
6195,6.618795603151293e-06
6196,8.184023394014726e-06
6197,8.969033173299992e-06
6198,8.376995788317505e-06
6199,9.36654614845433e-06
6200,1.0967692451232306e-05
6201,9.774711531330518e-06
6202,9.480213271838695e-06
6203,1.2134697648979054e-05
6204,1.3177884731886253e-05
6205,1.513206170863696e-05
6206,1.6548664522547024e-05
6207,1.2483364628034418e-05
6208,1.221839366864284e-05
6209,1.2747679178662004e-05
6210,1.4468523996780766e-05
6211,1.542225160789667e-05
6212,1.3214103700886812e-05
6213,1.1924178904802304e-05
6214,1.156585082995111e-05
6215,1.1426465226664139e-05
6216,1.417980223405312e-05
6217,1.6054905724610545e-05
6218,1.7737576607456728e-05
6219,1.6518052745469417e-05
6220,2.0584482535304338e-05
6221,2.189157391520528e-05
6222,2.263161844002168e-05
6223,2.0835882288775137e-05
6224,1.725162469189245e-05
6225,1.49108217142594e-05
6226,1.5782697201981287e-05
6227,1.2218538889544496e-05
6228,1.3453989453763297e-05
6229,1.3507176906495452e-05
6230,1.2874859783340814e-05
6231,1.3589941797615184e-05
6232,1.2685912984042017e-05
6233,1.2313555733140013e-05
6234,1.7554790702646663e-05
6235,1.5445283172485208e-05
6236,1.2695926314820492e-05
6237,1.61224659200481e-05
6238,2.3042401464050765e-05
6239,2.3239173520290058e-05
6240,2.1191112082425925e-05
6241,2.491721099796833e-05
6242,2.3946886638239276e-05
6243,1.993013191859525e-05
6244,1.4074079666356363e-05
6245,1.420684480517319e-05
6246,1.935846125110525e-05
6247,1.92674040330948e-05
6248,2.030994455259222e-05
6249,1.842840749714727e-05
6250,1.702920535691484e-05
6251,1.4966736250327677e-05
6252,1.454806601756538e-05
6253,1.920912024757306e-05
6254,2.3461852562908395e-05
6255,2.4965374169016286e-05
6256,1.9693334146384227e-05
6257,2.3280804404700457e-05
6258,2.0729747251485276e-05
6259,1.683161503056796e-05
6260,1.4395606044629195e-05
6261,1.3759876584040594e-05
6262,1.2662724825200767e-05
6263,1.256508560156721e-05
6264,1.4256697924882067e-05
6265,1.7422501064325285e-05
6266,2.143246859938472e-05
6267,1.950241334140888e-05
6268,1.6776397676976202e-05
6269,1.5081227723550723e-05
6270,1.5410062425129752e-05
6271,2.0451494239150563e-05
6272,2.2366915978473974e-05
6273,2.3857533185977932e-05
6274,2.540921747305743e-05
6275,1.2878940608436056e-05
6276,1.1648689468918411e-05
6277,1.2088269071342293e-05
6278,1.153029467135711e-05
6279,1.4521510043291763e-05
6280,1.17815447277188e-05
6281,1.3063238681384031e-05
6282,1.0502907262073196e-05
6283,9.611748064982912e-06
6284,9.066318887715007e-06
6285,8.461769083397908e-06
6286,7.341683755242141e-06
6287,1.0826251283702648e-05
6288,1.10315127539327e-05
6289,9.718378321734108e-06
6290,7.15092943500545e-06
6291,6.0224724432442915e-06
6292,5.048813305729218e-06
6293,5.08824887064154e-06
6294,5.546242475991916e-06
6295,5.083090523280333e-06
6296,5.676552377911737e-06
6297,7.192638970890898e-06
6298,9.110983518931045e-06
6299,9.790433922793425e-06
6300,1.077245553496401e-05
6301,7.927420939386064e-06
6302,8.281125401852127e-06
6303,8.150392793616236e-06
6304,9.283928696303794e-06
6305,1.0563740148622318e-05
6306,1.0111384082865391e-05
6307,9.705174389427526e-06
6308,9.197293556363612e-06
6309,9.668899071841618e-06
6310,9.469230261518537e-06
6311,9.648820361752096e-06
6312,1.0981315474522105e-05
6313,1.2915235239422869e-05
6314,1.2981450684767123e-05
6315,1.0801605530380077e-05
6316,9.582604621425757e-06
6317,1.2691786470105077e-05
6318,1.1905258159807424e-05
6319,1.0559518876262979e-05
6320,1.0791042386281405e-05
6321,1.8119644649215232e-05
6322,1.2434090326741824e-05
6323,1.099118375580021e-05
6324,9.155696613245291e-06
6325,8.432488362991912e-06
6326,8.430529703315706e-06
6327,7.06417404672929e-06
6328,6.733019604274241e-06
6329,7.674801072198948e-06
6330,7.436788578044443e-06
6331,9.91756522053233e-06
6332,1.0425600594885515e-05
6333,1.2180393845862812e-05
6334,1.0524874140854015e-05
6335,8.709249670623493e-06
6336,7.676484394205227e-06
6337,7.2650200203657066e-06
6338,6.8077076326539185e-06
6339,7.994691763786965e-06
6340,7.66821577930148e-06
6341,7.42888368309036e-06
6342,7.788449390777805e-06
6343,8.8522561586218e-06
6344,7.64935158132857e-06
6345,8.527921630369727e-06
6346,6.373046266671446e-06
6347,6.8556656733265496e-06
6348,8.570451008221518e-06
6349,8.617617767604801e-06
6350,9.728182590127336e-06
6351,1.2806089945370822e-05
6352,1.9673584284771752e-05
6353,2.6411869862384402e-05
6354,3.4176840466629716e-05
6355,3.5591821767154045e-05
6356,4.0685282674731645e-05
6357,4.8120468815061885e-05
6358,4.0460551161286054e-05
6359,3.722940353653752e-05
6360,4.655075952248853e-05
6361,4.157163124975342e-05
6362,4.6516382899005816e-05
6363,3.553814860296969e-05
6364,3.231739285348922e-05
6365,2.4841933387485793e-05
6366,2.4107631622873844e-05
6367,2.2437388731189926e-05
6368,2.110027775956907e-05
6369,1.9722057989944805e-05
6370,1.6693260271943037e-05
6371,1.5882989131923813e-05
6372,1.6192641344684835e-05
6373,1.2092765152564913e-05
6374,1.0542327506264809e-05
6375,1.1693283514887631e-05
6376,1.0176690423976243e-05
6377,1.3639093920210375e-05
6378,1.102538648230345e-05
6379,1.1177782164982298e-05
6380,7.668165706048169e-06
6381,6.753223088862537e-06
6382,6.83391808652606e-06
6383,7.841988373200857e-06
6384,6.486925847625924e-06
6385,5.740918774735209e-06
6386,4.678314992743726e-06
6387,5.673445716807381e-06
6388,6.3071832983522765e-06
6389,5.9547362852875585e-06
6390,6.4670963594258106e-06
6391,5.820781407779146e-06
6392,5.408089961803633e-06
6393,5.685446049528004e-06
6394,6.1875617664239945e-06
6395,6.619099215916421e-06
6396,8.137442118832056e-06
6397,1.1388187772219592e-05
6398,1.1493883413120708e-05
6399,9.880650446815477e-06
6400,8.229310313180691e-06
6401,7.827379123351919e-06
6402,7.019786113018341e-06
6403,6.748513308227653e-06
6404,6.4321616605185835e-06
6405,6.206069752249795e-06
6406,8.180960650183751e-06
6407,1.1013539752996419e-05
6408,1.2165464895110533e-05
6409,1.0371505478467374e-05
6410,9.94834318450349e-06
6411,1.0251708153315856e-05
6412,1.4630005696195574e-05
6413,2.0762480395706148e-05
6414,2.471898077665829e-05
6415,2.8607293150625396e-05
6416,1.8740299451701757e-05
6417,1.528036015757104e-05
6418,1.5717431245667416e-05
6419,1.7595438742121647e-05
6420,1.7869631453322764e-05
6421,2.4333262161514857e-05
6422,1.8460163085148704e-05
6423,1.702972804892289e-05
6424,1.8196730635311712e-05
6425,2.0696138752086328e-05
6426,1.9426466605431773e-05
6427,1.5764217802347298e-05
6428,1.3509196418102575e-05
6429,1.1948614302730825e-05
6430,1.4271244605808735e-05
6431,1.7007818072964024e-05
6432,1.8458809829434962e-05
6433,1.8042849334596632e-05
6434,1.965922169887054e-05
6435,1.531011531485007e-05
6436,1.4699228800491951e-05
6437,1.2656537831856574e-05
6438,1.280922478633301e-05
6439,1.1628486621158155e-05
6440,1.0366552179663835e-05
6441,9.424871794658599e-06
6442,1.0909315808956113e-05
6443,1.517839190465425e-05
6444,1.2235666507860593e-05
6445,1.2439843135943906e-05
6446,1.1671031219688768e-05
6447,1.2656967466181761e-05
6448,1.2901681234707937e-05
6449,1.2121052821268933e-05
6450,1.4270465670699227e-05
6451,2.6116717400672578e-05
6452,2.0748038957595313e-05
6453,2.4017354089043697e-05
6454,2.3775775372015185e-05
6455,2.6123328883000956e-05
6456,1.9824568754658833e-05
6457,1.4574818398616918e-05
6458,1.3647648202081779e-05
6459,1.5901034245776017e-05
6460,1.8306409883443447e-05
6461,1.3988098762265915e-05
6462,1.0105965680409698e-05
6463,1.3972594677347546e-05
6464,1.4137925239665732e-05
6465,1.3462331787815037e-05
6466,9.930219020154636e-06
6467,1.0634853096241468e-05
6468,1.0864081175360221e-05
6469,1.051917134182396e-05
6470,9.651438638899027e-06
6471,9.7440264022042e-06
6472,1.431006568776347e-05
6473,1.4228830275868674e-05
6474,1.5531093792677087e-05
6475,1.4962971300584559e-05
6476,1.5379090645342113e-05
6477,1.4520760237227974e-05
6478,1.553820215906505e-05
6479,1.3457189850676738e-05
6480,1.1103533600254918e-05
6481,1.0325539708642348e-05
6482,8.981169649859569e-06
6483,1.0818517784027367e-05
6484,1.1563762997506906e-05
6485,7.336692248091336e-06
6486,7.279318927367864e-06
6487,7.23104083074813e-06
6488,7.1177005456135155e-06
6489,7.568291923415771e-06
6490,1.0601597800654955e-05
6491,1.0781549971842726e-05
6492,8.936984029822748e-06
6493,7.058906442357375e-06
6494,8.688263993979553e-06
6495,8.796116827534527e-06
6496,8.074437056551052e-06
6497,6.495119620010304e-06
6498,5.573115337493681e-06
6499,5.105649149735567e-06
6500,6.8462538338559705e-06
6501,6.605060651808044e-06
6502,6.33230273177793e-06
6503,7.0535650648421574e-06
6504,7.2176081835853e-06
6505,7.030966520654159e-06
6506,8.98820220314122e-06
6507,7.264583353790232e-06
6508,6.9543463391368154e-06
6509,6.66041057408089e-06
6510,9.758708497957572e-06
6511,9.418260339983177e-06
6512,1.2240658843132264e-05
6513,1.4580077822803865e-05
6514,1.4735258534757288e-05
6515,1.5324701954787683e-05
6516,1.4752293409417499e-05
6517,1.4091209077041976e-05
6518,2.2817940713603452e-05
6519,3.346288809930259e-05
6520,4.045981563668357e-05
6521,4.9263034874557105e-05
6522,4.547447429352865e-05
6523,4.308892198767061e-05
6524,3.462734846092328e-05
6525,3.266581842655825e-05
6526,3.978920054289078e-05
6527,3.505208823639986e-05
6528,3.0645621895218464e-05
6529,2.3577371623583216e-05
6530,2.058864350204267e-05
6531,2.0277268001311728e-05
6532,1.765124012631143e-05
6533,1.538853362392956e-05
6534,1.462578005086408e-05
6535,1.594294005722752e-05
6536,1.9533040908690495e-05
6537,1.6029916065789582e-05
6538,2.1425950474772766e-05
6539,2.2961855777759985e-05
6540,1.8740684762058366e-05
6541,1.5042414793665103e-05
6542,1.5141046863534696e-05
6543,1.2724096186641814e-05
6544,1.1483185344182752e-05
6545,1.0216273085117726e-05
6546,1.0388410453660365e-05
6547,1.0288734472597084e-05
6548,1.0633503288898412e-05
6549,8.67150689539434e-06
6550,7.534018957231053e-06
6551,8.171391470240537e-06
6552,7.335772400884387e-06
6553,6.001299435913321e-06
6554,6.1548931007216146e-06
6555,5.219765760772559e-06
6556,4.407754618757359e-06
6557,4.1355181607840885e-06
6558,4.100850071477382e-06
6559,5.661829295024923e-06
6560,7.105666411837922e-06
6561,8.07977410083151e-06
6562,8.686791146250472e-06
6563,8.582206410573712e-06
6564,8.888533378920328e-06
6565,1.04876923138958e-05
6566,1.0092212578525333e-05
6567,1.0884814406547491e-05
6568,1.2309838918665879e-05
6569,1.3213014028189794e-05
6570,1.0965185367241982e-05
6571,8.888171740064056e-06
6572,1.1482233323985993e-05
6573,7.941483808306217e-06
6574,8.923501492239433e-06
6575,7.73026520354193e-06
6576,8.612127536068276e-06
6577,7.897971648149381e-06
6578,6.38386616167056e-06
6579,6.35559767878451e-06
6580,6.570967351428257e-06
6581,6.531012409927828e-06
6582,6.084773335998554e-06
6583,4.697565565652245e-06
6584,5.278266868003288e-06
6585,5.8239763396028066e-06
6586,7.583813655586214e-06
6587,7.1146014568004426e-06
6588,8.46613999290624e-06
6589,8.212239705015416e-06
6590,8.388942256744494e-06
6591,9.474914979392799e-06
6592,1.0464342894232698e-05
6593,1.07457616521482e-05
6594,1.265556104771191e-05
6595,1.1399813937897078e-05
6596,9.568555230431102e-06
6597,8.822416632993799e-06
6598,7.981000916122098e-06
6599,9.19545457312954e-06
6600,9.004980658825453e-06
6601,7.938717360744075e-06
6602,1.1195914507903075e-05
6603,1.0759868592383224e-05
6604,9.903221248754313e-06
6605,8.213243978691416e-06
6606,7.83306113227386e-06
6607,6.8597691505175575e-06
6608,7.531144944972725e-06
6609,6.081272237921831e-06
6610,7.61142757169089e-06
6611,8.051657613131023e-06
6612,7.069924285547274e-06
6613,7.596682527985797e-06
6614,8.032672461814565e-06
6615,8.622363610301997e-06
6616,7.587651972674738e-06
6617,1.029401579947344e-05
6618,8.660631903936901e-06
6619,1.111636357646572e-05
6620,9.205707026570429e-06
6621,7.372073665338694e-06
6622,8.191099756934448e-06
6623,1.145873732587592e-05
6624,1.1420796618476997e-05
6625,1.2031404341758413e-05
6626,1.2508683998946554e-05
6627,1.0606803237603358e-05
6628,1.1652896549868226e-05
6629,1.3789508780087704e-05
6630,1.2100408929764643e-05
6631,1.3680409325486518e-05
6632,1.2722624815881113e-05
6633,1.1604361345847037e-05
6634,1.362022152866059e-05
6635,1.4698616834910483e-05
6636,1.3820050385593892e-05
6637,1.2962403423178909e-05
6638,1.5351046927056526e-05
6639,1.5805219358158647e-05
6640,1.446600419500282e-05
6641,1.4638633085654654e-05
6642,1.66944386394731e-05
6643,1.751589998469024e-05
6644,1.5662529676426302e-05
6645,1.2613614113559157e-05
6646,1.0080563017089905e-05
6647,9.534801786640548e-06
6648,1.0024077634371343e-05
6649,1.0122816118877789e-05
6650,9.570324794660068e-06
6651,9.694327033471766e-06
6652,1.0236980886324753e-05
6653,1.0211495308706706e-05
6654,1.003545849750933e-05
6655,1.0966390268790308e-05
6656,1.0889262634742715e-05
6657,1.6478806067260384e-05
6658,1.744393493457421e-05
6659,1.5862635254130517e-05
6660,1.4908673730821377e-05
6661,2.1874663183986667e-05
6662,2.3458602853590732e-05
6663,2.4841222416672687e-05
6664,2.5929359443079225e-05
6665,2.259487123383624e-05
6666,2.0194114691626564e-05
6667,2.2164691091981774e-05
6668,2.1416497026765203e-05
6669,2.4314126133120392e-05
6670,3.578141449922816e-05
6671,3.307218540479152e-05
6672,3.451749459964614e-05
6673,3.237988499747513e-05
6674,2.5834037756784007e-05
6675,2.697347524506623e-05
6676,1.847355901775711e-05
6677,1.6403729718085567e-05
6678,1.377554730482167e-05
6679,1.4904098907157582e-05
6680,1.5906519245445536e-05
6681,1.215471414241736e-05
6682,1.2805785490698593e-05
6683,1.0666252549475045e-05
6684,1.0702006977923847e-05
6685,1.0754758645318325e-05
6686,9.926350691636391e-06
6687,8.704276271266611e-06
6688,1.0366254771123445e-05
6689,9.466833609850587e-06
6690,7.438990088911473e-06
6691,7.081328738290676e-06
6692,6.246699597293482e-06
6693,9.144186716809316e-06
6694,1.1576191031690941e-05
6695,1.2902214537733393e-05
6696,1.4465289349337536e-05
6697,1.5675121188358886e-05
6698,1.4871991777192084e-05
6699,1.355823106989573e-05
6700,1.3066313168641478e-05
6701,1.4033186095982107e-05
6702,1.2890510480770758e-05
6703,1.1519253241094953e-05
6704,9.610067486605047e-06
6705,9.76436340617021e-06
6706,8.668927946157035e-06
6707,6.945531032131789e-06
6708,6.959272801405151e-06
6709,7.836615329803245e-06
6710,1.1679733080871893e-05
6711,1.1810780804061986e-05
6712,9.91836466784904e-06
6713,7.86861283137678e-06
6714,8.042983900983705e-06
6715,8.529361441758133e-06
6716,8.763597920746417e-06
6717,9.475139652554806e-06
6718,9.742557548399604e-06
6719,1.1797100192272624e-05
6720,8.411794942041763e-06
6721,6.916536616968178e-06
6722,8.713732086139566e-06
6723,9.20459257614181e-06
6724,7.1868199852038464e-06
6725,5.77770057650703e-06
6726,6.831041558810167e-06
6727,7.858769343017842e-06
6728,7.815541492825555e-06
6729,6.3115766083249275e-06
6730,5.348313055476127e-06
6731,4.760120386251824e-06
6732,4.616879346721638e-06
6733,6.224738173116988e-06
6734,7.973555090336428e-06
6735,8.181720115547577e-06
6736,1.282234735324553e-05
6737,1.7737691866793992e-05
6738,1.6228164272170005e-05
6739,1.554114060057216e-05
6740,1.3910095404189862e-05
6741,1.537848985442584e-05
6742,1.6060449762817625e-05
6743,2.406658283032763e-05
6744,3.575957843279398e-05
6745,2.7717182122504295e-05
6746,1.9948633560868068e-05
6747,2.0024730509133392e-05
6748,1.633577074205037e-05
6749,1.8977026687699144e-05
6750,1.8923766006080043e-05
6751,2.1731306507031587e-05
6752,2.425894321303106e-05
6753,2.158169557565177e-05
6754,1.8437996384360296e-05
6755,1.495478894843341e-05
6756,1.157329031234923e-05
6757,1.178117160431069e-05
6758,1.0300045680821413e-05
6759,9.76672447547127e-06
6760,7.888423786782765e-06
6761,9.646737297298964e-06
6762,8.47745974061433e-06
6763,8.148358683756831e-06
6764,7.2201674747426475e-06
6765,6.930695677088217e-06
6766,8.827854980549046e-06
6767,8.175016209297246e-06
6768,8.482975262577549e-06
6769,7.389188318442695e-06
6770,7.29653162763735e-06
6771,6.6440883515767035e-06
6772,6.799713562392518e-06
6773,1.0451352721061011e-05
6774,1.1491975754117695e-05
6775,1.1320855479047419e-05
6776,1.3737998018001545e-05
6777,1.3102600895234047e-05
6778,1.570681974364155e-05
6779,1.788170223932826e-05
6780,1.4289339525962209e-05
6781,1.327121196245523e-05
6782,1.2968794247755684e-05
6783,1.4515775998366516e-05
6784,1.371243444832631e-05
6785,1.3791637462648096e-05
6786,1.2742686555697453e-05
6787,1.1976915115167829e-05
6788,1.4008317112093434e-05
6789,1.3247967565329073e-05
6790,1.269359605254421e-05
6791,1.5076424439899154e-05
6792,1.7799252139547028e-05
6793,1.4655437138716419e-05
6794,1.3743929380921328e-05
6795,1.1778356477604791e-05
6796,1.1296283351748504e-05
6797,1.192350277052281e-05
6798,1.1392579810357087e-05
6799,1.2151193150008753e-05
6800,1.0073945348564392e-05
6801,1.367391867012075e-05
6802,1.1091189952964991e-05
6803,1.2846185429794038e-05
6804,1.1235829112004867e-05
6805,1.2433887028949513e-05
6806,1.6334905104839296e-05
6807,1.6029177173711173e-05
6808,1.7324489348241526e-05
6809,2.1612606133696927e-05
6810,2.4075550964927953e-05
6811,3.070911669304283e-05
6812,2.7812190673352186e-05
6813,2.6189148694969277e-05
6814,2.763470251930307e-05
6815,2.32125976455133e-05
6816,2.550966296595962e-05
6817,2.798588638137772e-05
6818,2.769955661444628e-05
6819,2.8697725422852206e-05
6820,2.3797293703260168e-05
6821,2.0822325806459433e-05
6822,1.913851865797127e-05
6823,2.17621537562946e-05
6824,1.792770304479342e-05
6825,1.5458704551171534e-05
6826,1.498467141086106e-05
6827,1.3129731378008467e-05
6828,1.2924543005951427e-05
6829,1.3510213608944089e-05
6830,1.7282454509863707e-05
6831,1.5548060950731215e-05
6832,1.4789817687929e-05
6833,1.4705511170203886e-05
6834,1.714232917699882e-05
6835,1.373931766555911e-05
6836,1.2364779831379971e-05
6837,1.3458023551512542e-05
6838,1.55419798993101e-05
6839,1.038528015690851e-05
6840,1.0309931577287146e-05
6841,9.732080905512613e-06
6842,8.253864578470642e-06
6843,7.307838395373711e-06
6844,8.489691115433382e-06
6845,9.649223297513426e-06
6846,1.0545504819965134e-05
6847,9.46210813316392e-06
6848,7.361696226379857e-06
6849,7.512528336399406e-06
6850,6.6576063463564056e-06
6851,5.987520822120718e-06
6852,4.776818725697554e-06
6853,4.5617372615958905e-06
6854,5.153426802406137e-06
6855,5.062938722023908e-06
6856,4.19303474089288e-06
6857,4.483045439415061e-06
6858,5.958984829946705e-06
6859,7.660034511760582e-06
6860,8.981073294928921e-06
6861,6.629207335105642e-06
6862,5.739813262636765e-06
6863,7.750788909901775e-06
6864,7.808319081391922e-06
6865,6.71580774935448e-06
6866,6.233158745464819e-06
6867,5.940390692479211e-06
6868,4.226159326519325e-06
6869,5.6811646091991414e-06
6870,6.902410260504894e-06
6871,6.059968399963996e-06
6872,4.642479735191819e-06
6873,4.677625419221831e-06
6874,4.6543746379472125e-06
6875,4.18708843182174e-06
6876,4.30579994253135e-06
6877,3.880982344188318e-06
6878,3.655696072425668e-06
6879,4.726112468006933e-06
6880,6.18877858044008e-06
6881,6.2545802338349365e-06
6882,4.846929944858289e-06
6883,3.8944230821342226e-06
6884,4.184867268009099e-06
6885,4.823385754103834e-06
6886,4.722329263467557e-06
6887,4.8330693793109385e-06
6888,5.276780897471095e-06
6889,6.43691513787115e-06
6890,5.640111345012085e-06
6891,5.9790722787917646e-06
6892,7.04226822118772e-06
6893,7.4561664774224095e-06
6894,1.2765315958831219e-05
6895,1.4392197410530658e-05
6896,1.3126973435766299e-05
6897,1.8877456371317712e-05
6898,1.8116175178638184e-05
6899,1.3895332972085515e-05
6900,1.2732806620115402e-05
6901,1.345825624246642e-05
6902,1.6808133642840954e-05
6903,2.512584194218768e-05
6904,2.193915378039018e-05
6905,2.2634407504800927e-05
6906,2.0543839663265695e-05
6907,1.977652944447054e-05
6908,2.056869830945888e-05
6909,1.7742247930186696e-05
6910,2.1285558104778674e-05
6911,1.517869009170622e-05
6912,1.3559488950143344e-05
6913,1.1270902043550556e-05
6914,1.3162250737820049e-05
6915,1.1733529579518306e-05
6916,9.965758825640567e-06
6917,1.0124733057650174e-05
6918,9.132657146895714e-06
6919,1.1022090403546755e-05
6920,1.0324702719350803e-05
6921,1.263898369105426e-05
6922,1.2889967519420115e-05
6923,1.45765139737605e-05
6924,1.079982429753025e-05
6925,1.0435440958140503e-05
6926,1.3272759154939164e-05
6927,1.5974535894297464e-05
6928,1.5056815125208577e-05
6929,1.5376127829280364e-05
6930,1.5040616581036789e-05
6931,1.459684767917359e-05
6932,1.153802472831387e-05
6933,1.408320834040431e-05
6934,1.351326361035606e-05
6935,1.8963475601998253e-05
6936,1.7582761974883084e-05
6937,1.7019260606186988e-05
6938,1.6178058820435014e-05
6939,1.4404313726393576e-05
6940,1.2141273272937236e-05
6941,1.4503176688057113e-05
6942,1.4764487739598377e-05
6943,1.2352767849148132e-05
6944,9.308415896370695e-06
6945,1.1755737790384818e-05
6946,1.3357804382154271e-05
6947,1.2225402782048285e-05
6948,9.596236975665081e-06
6949,1.0880076484435041e-05
6950,1.3351433597062712e-05
6951,1.348645006070184e-05
6952,1.0294352387036136e-05
6953,9.5170225068893e-06
6954,9.181005299655042e-06
6955,9.636911445140758e-06
6956,1.1487149578909636e-05
6957,1.2071445358832695e-05
6958,1.524598659730217e-05
6959,1.5040764865162588e-05
6960,1.0699319653268573e-05
6961,9.508839707223422e-06
6962,9.641503116287875e-06
6963,8.790527370121611e-06
6964,7.713524121104789e-06
6965,9.159815821918176e-06
6966,8.752338276938972e-06
6967,7.301482789717113e-06
6968,6.869376193315681e-06
6969,6.553965070892764e-06
6970,1.1660403594982711e-05
6971,9.887309976948554e-06
6972,9.285728037021113e-06
6973,8.109051495573095e-06
6974,7.905047905061014e-06
6975,8.11637733253906e-06
6976,8.25138928673117e-06
6977,1.0925610943707594e-05
6978,1.2286880307600463e-05
6979,1.4247851398307257e-05
6980,1.456498278827192e-05
6981,1.0670261697172614e-05
6982,9.53248023935611e-06
6983,1.1147200035150574e-05
6984,1.0910459377195745e-05
6985,9.580546234371613e-06
6986,9.730907019062905e-06
6987,1.117647947550537e-05
6988,8.535537282631775e-06
6989,6.962479627581529e-06
6990,6.706937677800635e-06
6991,7.641908401628513e-06
6992,7.42422450109703e-06
6993,7.432482902015893e-06
6994,8.078577967437008e-06
6995,7.902241215869244e-06
6996,6.539968295567181e-06
6997,5.4177650326670844e-06
6998,5.820971047528359e-06
6999,7.453699134082319e-06
7000,9.997993045105821e-06
7001,1.0291521329848264e-05
7002,9.899334218942403e-06
7003,1.061363511652076e-05
7004,9.644280185810382e-06
7005,8.67274546982827e-06
7006,9.104503225425478e-06
7007,8.95250626376871e-06
7008,7.275610627471886e-06
7009,7.614404478020424e-06
7010,7.05002843402538e-06
7011,9.154992702898766e-06
7012,1.0839732035542813e-05
7013,1.1973030966572306e-05
7014,1.4193897827267525e-05
7015,1.504720417471166e-05
7016,1.2825497182513536e-05
7017,1.3774986881377924e-05
7018,1.2063292280594072e-05
7019,1.2120058693457993e-05
7020,1.196648989734093e-05
7021,1.2511044243230083e-05
7022,1.1171180927292996e-05
7023,1.1710706579569478e-05
7024,1.1174779335614638e-05
7025,1.3339050660409631e-05
7026,1.0951675312488447e-05
7027,9.591101742907643e-06
7028,8.606395458860918e-06
7029,9.02543833251043e-06
7030,8.214612173062384e-06
7031,7.66264174595443e-06
7032,7.484306261984789e-06
7033,9.245427874787325e-06
7034,7.018609633685136e-06
7035,5.942131467377783e-06
7036,4.7495056423912445e-06
7037,4.531430956494411e-06
7038,5.654708367086107e-06
7039,5.883371814511956e-06
7040,5.241834003425571e-06
7041,6.18303685326886e-06
7042,5.442058986818683e-06
7043,7.119168054754956e-06
7044,9.317358406993947e-06
7045,7.3539384750915405e-06
7046,8.236302653716163e-06
7047,1.0385077004317007e-05
7048,1.0290802935148269e-05
7049,1.2080891948288076e-05
7050,2.527887930590178e-05
7051,3.112874266528084e-05
7052,2.6432957704177898e-05
7053,2.7709846801918505e-05
7054,2.831473718463292e-05
7055,2.5700831245530722e-05
7056,2.481867783916913e-05
7057,2.7773559100874444e-05
7058,2.5502548723616252e-05
7059,2.013129131898114e-05
7060,1.9446953224795368e-05
7061,2.061986367126066e-05
7062,2.2555671864340757e-05
7063,2.0734996618572708e-05
7064,2.5219400998230064e-05
7065,3.189067888070042e-05
7066,2.7745777974869265e-05
7067,2.654878026415231e-05
7068,3.44289577348412e-05
7069,2.976536964258406e-05
7070,2.507598636995174e-05
7071,2.1943770782553224e-05
7072,2.1694909502976417e-05
7073,2.220364729713413e-05
7074,2.975131746437279e-05
7075,2.2272420378090664e-05
7076,1.6404824478152343e-05
7077,1.2645161670000815e-05
7078,8.734277200953941e-06
7079,6.9089451224130616e-06
7080,7.627826884551644e-06
7081,8.92165821208442e-06
7082,6.573288555018628e-06
7083,7.296539519498398e-06
7084,1.1220991217030482e-05
7085,1.0602766727408229e-05
7086,9.315566656942325e-06
7087,9.943709141433034e-06
7088,9.365478531340902e-06
7089,8.514627042027476e-06
7090,8.21641959000095e-06
7091,8.700087848001188e-06
7092,8.128406040977262e-06
7093,9.138025351344347e-06
7094,1.1459134020757135e-05
7095,1.1434639378582727e-05
7096,1.1488019865878191e-05
7097,1.0722749617941713e-05
7098,1.0009773566741505e-05
7099,1.0329091443676138e-05
7100,9.168093406056755e-06
7101,1.1897425497668901e-05
7102,1.1123304582902084e-05
7103,1.114688898886543e-05
7104,1.1291065709232103e-05
7105,1.745285474317892e-05
7106,1.6825043851356227e-05
7107,1.4374685078357251e-05
7108,1.3555010052379254e-05
7109,1.2542844222690107e-05
7110,1.130336810005032e-05
7111,9.961667056433156e-06
7112,9.908816422507567e-06
7113,1.1004018235241313e-05
7114,1.286591596614092e-05
7115,7.648085657626198e-06
7116,7.1403063029729065e-06
7117,7.3897605776670905e-06
7118,7.007477390433395e-06
7119,6.026665414639914e-06
7120,5.289046908430103e-06
7121,5.336337826978464e-06
7122,5.8989823051163225e-06
7123,5.7666293236909076e-06
7124,6.352641906684722e-06
7125,7.1541942248853115e-06
7126,5.620025836294547e-06
7127,6.694444436719046e-06
7128,6.970876298601916e-06
7129,6.0137950020179395e-06
7130,5.999059685312085e-06
7131,5.004440677573829e-06
7132,4.7677034397798696e-06
7133,3.846805365824098e-06
7134,4.9408241258891995e-06
7135,5.098919631684736e-06
7136,6.086461485703234e-06
7137,7.956974285780603e-06
7138,1.1535663467135395e-05
7139,8.079415045011663e-06
7140,7.161739267633933e-06
7141,5.971663479585003e-06
7142,5.682983952271561e-06
7143,6.075207303910749e-06
7144,7.743523811950241e-06
7145,1.1132521034838848e-05
7146,1.0654900414027377e-05
7147,1.0695948627152737e-05
7148,1.4897447111332648e-05
7149,1.7297393950183135e-05
7150,2.001926967706391e-05
7151,1.5128616733333665e-05
7152,1.6371091247738335e-05
7153,1.3779409820642067e-05
7154,1.2259602614924765e-05
7155,1.2306390068706338e-05
7156,1.5448300186046913e-05
7157,1.9314749328495447e-05
7158,1.7354679414957908e-05
7159,1.3331712147051568e-05
7160,1.010060763277388e-05
7161,1.0216573290598677e-05
7162,1.2516997194917711e-05
7163,1.5624255678280256e-05
7164,1.6255250655985516e-05
7165,1.3360336537972061e-05
7166,1.100292304520876e-05
7167,8.955618739018937e-06
7168,8.458532056383043e-06
7169,1.3578932179151838e-05
7170,1.7445362259988337e-05
7171,1.5995452753065323e-05
7172,1.9137209501801127e-05
7173,1.5856831400425656e-05
7174,1.4886874681078963e-05
7175,1.3656415781863462e-05
7176,1.4690450755035602e-05
7177,1.827217934448567e-05
7178,2.205298218601589e-05
7179,2.4784621032328392e-05
7180,2.5628478919443853e-05
7181,2.7437245049018724e-05
7182,2.5513951440281847e-05
7183,2.289879051279452e-05
7184,1.812270801736458e-05
7185,2.3122913351865876e-05
7186,2.305183399116078e-05
7187,2.026004482410674e-05
7188,2.0602207821012647e-05
7189,1.9567313851744792e-05
7190,1.6979287047043695e-05
7191,1.706283391697069e-05
7192,1.5806388799430802e-05
7193,1.3208538735534898e-05
7194,9.212381652530892e-06
7195,9.379757128382212e-06
7196,7.656735399249168e-06
7197,6.719074444386492e-06
7198,6.340565180924801e-06
7199,5.60768821447627e-06
7200,5.548932115796439e-06
7201,7.090995060776884e-06
7202,8.122036804884916e-06
7203,8.076163123891607e-06
7204,7.443753173192094e-06
7205,5.6276670053293e-06
7206,5.189305463126569e-06
7207,4.8904365378947655e-06
7208,4.884948008578089e-06
7209,4.836138253915335e-06
7210,4.650488008486054e-06
7211,5.194691573416149e-06
7212,4.389281940336375e-06
7213,4.676295592073257e-06
7214,4.843740516906417e-06
7215,6.096396310801518e-06
7216,7.108021587266814e-06
7217,7.351970462629972e-06
7218,8.238185636329742e-06
7219,8.538854149664042e-06
7220,6.735539345697803e-06
7221,4.5773086611887166e-06
7222,5.7062451533564724e-06
7223,6.882724673333132e-06
7224,6.044907034213477e-06
7225,5.408369406028263e-06
7226,5.628020885463424e-06
7227,4.3723713127025105e-06
7228,5.703746100670193e-06
7229,7.806382822832268e-06
7230,6.632930098126002e-06
7231,7.896091036268239e-06
7232,8.367562721959136e-06
7233,8.737175565231525e-06
7234,9.173544831082175e-06
7235,9.736257431133112e-06
7236,1.1805481587386804e-05
7237,1.1403247665873616e-05
7238,8.681529321782647e-06
7239,1.4090455302897581e-05
7240,1.376435136248519e-05
7241,1.3510639580158711e-05
7242,1.5541623966413642e-05
7243,1.6454928727919085e-05
7244,1.493949751831967e-05
7245,1.1323603767721416e-05
7246,1.3810392275798085e-05
7247,1.3546835014889968e-05
7248,1.3884696745908247e-05
7249,1.7160748807212452e-05
7250,2.018982254057434e-05
7251,1.79014799509785e-05
7252,2.1342785365484075e-05
7253,1.8818168908185756e-05
7254,2.228724704963041e-05
7255,2.0750500408397597e-05
7256,1.9737431003210773e-05
7257,1.8078382713123798e-05
7258,1.873933413981939e-05
7259,1.8944979749193322e-05
7260,1.711782257342345e-05
7261,1.431502341698014e-05
7262,1.2981405010785853e-05
7263,1.124371859631488e-05
7264,1.0800073467803493e-05
7265,9.168925616243726e-06
7266,1.2878842508028448e-05
7267,1.4636291321277062e-05
7268,1.8590529318734897e-05
7269,2.2457466324319727e-05
7270,1.995239065977342e-05
7271,1.9201871670988168e-05
7272,1.7077288097278333e-05
7273,1.8070216887448317e-05
7274,2.248999072403037e-05
7275,2.15901457564143e-05
7276,1.9511629649393805e-05
7277,1.4647920916060903e-05
7278,1.2333035205290232e-05
7279,1.3064821595805106e-05
7280,1.2591954964848276e-05
7281,1.288806048258043e-05
7282,1.4269716806554354e-05
7283,1.2313847096874239e-05
7284,1.175958188693116e-05
7285,9.000641728376383e-06
7286,7.905981643822877e-06
7287,7.074260989257472e-06
7288,6.74653574378705e-06
7289,5.924721745669378e-06
7290,5.700186768656667e-06
7291,7.526866063015914e-06
7292,5.980116431559266e-06
7293,5.523688008304053e-06
7294,6.266136266598309e-06
7295,7.287017304621393e-06
7296,6.641068902730937e-06
7297,5.668000213471905e-06
7298,4.995586610680875e-06
7299,6.056007692588018e-06
7300,5.474705888299923e-06
7301,4.907039729056419e-06
7302,4.851883355431589e-06
7303,4.891526565023355e-06
7304,5.0842459534120575e-06
7305,5.0879454197182786e-06
7306,5.4102720765147805e-06
7307,5.422250428956403e-06
7308,5.444241533520349e-06
7309,5.308358740720548e-06
7310,5.383541750870851e-06
7311,5.273576223770129e-06
7312,5.0580627870461384e-06
7313,4.647380134707125e-06
7314,4.072764118905576e-06
7315,4.786892464918378e-06
7316,5.861392555351103e-06
7317,6.235109292094127e-06
7318,6.47502101428604e-06
7319,5.8491987170791994e-06
7320,5.972263756531339e-06
7321,6.791144853014192e-06
7322,9.183396899039667e-06
7323,9.706858146916298e-06
7324,1.1907739407539116e-05
7325,1.1089193231033142e-05
7326,1.0738813580196832e-05
7327,1.0527822635738533e-05
7328,9.463808260965143e-06
7329,8.64490207426212e-06
7330,1.0479821776162509e-05
7331,1.0966143124438287e-05
7332,1.1638381493219718e-05
7333,1.0918789525267639e-05
7334,9.352141902470134e-06
7335,6.744145777558774e-06
7336,6.017327064005175e-06
7337,7.585498020491171e-06
7338,9.680753430543703e-06
7339,8.514794131258518e-06
7340,8.01624051383219e-06
7341,9.20315738370578e-06
7342,8.140300082745218e-06
7343,7.89819672425991e-06
7344,8.155442050790015e-06
7345,9.381456891181271e-06
7346,1.0875571753015589e-05
7347,1.3402360420734209e-05
7348,1.1951636885806471e-05
7349,1.163934279200727e-05
7350,7.912931575848329e-06
7351,8.74649202962346e-06
7352,1.0367381626084106e-05
7353,7.694078595870924e-06
7354,7.671618178146477e-06
7355,6.940482486886741e-06
7356,6.092213707966719e-06
7357,4.8319407568909265e-06
7358,5.459405740683768e-06
7359,6.40773322916124e-06
7360,7.304423069562985e-06
7361,7.684918439517147e-06
7362,8.056133587035704e-06
7363,8.592707179341035e-06
7364,9.437750066322025e-06
7365,1.044683649412828e-05
7366,9.77487387381582e-06
7367,8.697579164102065e-06
7368,8.964819868435296e-06
7369,8.527771326402446e-06
7370,1.0177275233295893e-05
7371,7.944124938150678e-06
7372,6.506658395454576e-06
7373,6.887718884965557e-06
7374,7.051778544215906e-06
7375,7.371703819558687e-06
7376,8.850446894428486e-06
7377,9.616104628395768e-06
7378,9.98354769142278e-06
7379,1.4108378614521223e-05
7380,1.7550171973873936e-05
7381,1.3096455255817388e-05
7382,1.3425998552118023e-05
7383,1.19746529345103e-05
7384,1.0013534101834287e-05
7385,1.2240282553267098e-05
7386,1.2356655942641947e-05
7387,1.379017603007501e-05
7388,1.2046948152083144e-05
7389,1.151527904565106e-05
7390,1.043156073500351e-05
7391,1.3043396232880288e-05
7392,1.0176153724136853e-05
7393,1.211100461964184e-05
7394,1.2851749612420218e-05
7395,1.0818207440760935e-05
7396,1.4454111721905889e-05
7397,1.5709627862207705e-05
7398,1.0870737712716753e-05
7399,1.0620299045809366e-05
7400,1.247477932851404e-05
7401,1.1539841987559611e-05
7402,1.596704917549048e-05
7403,1.4994187828507592e-05
7404,1.5036226107086733e-05
7405,1.2450652945549535e-05
7406,9.718483186431903e-06
7407,9.997505993659579e-06
7408,1.1320513131971047e-05
7409,1.3588737714246818e-05
7410,1.651130830380585e-05
7411,1.7348549786323866e-05
7412,1.4260323019898186e-05
7413,1.1900903474205945e-05
7414,1.538117578271189e-05
7415,1.4586016755465624e-05
7416,1.4062445153965798e-05
7417,1.179464016795136e-05
7418,1.2317061916239558e-05
7419,1.0936521072029444e-05
7420,9.300390559736001e-06
7421,8.45643851589496e-06
7422,7.419942303013224e-06
7423,9.757498145151527e-06
7424,9.879784730902304e-06
7425,1.373963185271924e-05
7426,1.6736822514877927e-05
7427,2.065849735387158e-05
7428,1.7868659723148638e-05
7429,2.138246938336886e-05
7430,2.4307243957584456e-05
7431,2.4990453389510837e-05
7432,2.4974870032230717e-05
7433,2.289338196197256e-05
7434,2.2314362206807523e-05
7435,2.961670352926498e-05
7436,2.1516051339131096e-05
7437,2.5839977987547223e-05
7438,5.1944264078531445e-05
7439,3.6167566191733425e-05
7440,3.9433536843613604e-05
7441,4.0715160161189614e-05
7442,3.6009269827709804e-05
7443,3.299618220534398e-05
7444,3.560069148380447e-05
7445,3.481878288304155e-05
7446,3.874974990230019e-05
7447,3.497170191564688e-05
7448,2.603953420157444e-05
7449,2.283296330134494e-05
7450,2.9035416288831127e-05
7451,2.0674966491960203e-05
7452,1.729666377399611e-05
7453,1.6239780173500637e-05
7454,1.3203545235526298e-05
7455,1.0995880625228023e-05
7456,9.865952337211423e-06
7457,8.382704176181474e-06
7458,7.559391907688551e-06
7459,6.929777566993112e-06
7460,6.518400402169265e-06
7461,5.866104893237768e-06
7462,4.487253275437327e-06
7463,4.830044744542992e-06
7464,4.928838112557543e-06
7465,4.695277796180065e-06
7466,4.866840257115852e-06
7467,5.144927929282053e-06
7468,5.4105752413115665e-06
7469,3.8054333946870884e-06
7470,3.6180392909484786e-06
7471,3.0065929798094274e-06
7472,3.1511639643568615e-06
7473,3.5349046757739293e-06
7474,3.519450223247506e-06
7475,3.8420591282032e-06
7476,3.673799630907228e-06
7477,3.115431817558155e-06
7478,3.3258357741978635e-06
7479,4.1793906027976464e-06
7480,3.809829115075678e-06
7481,3.539822898769159e-06
7482,4.408884963568107e-06
7483,4.681591021954875e-06
7484,3.973097783691234e-06
7485,3.9239167377051175e-06
7486,3.555612119505666e-06
7487,3.2306521168964224e-06
7488,2.9552169279830666e-06
7489,3.560708727716661e-06
7490,4.102860189393431e-06
7491,3.9479035402970854e-06
7492,3.940521097485192e-06
7493,4.078290060011549e-06
7494,4.11159000268046e-06
7495,3.6946943606214344e-06
7496,3.77310621725986e-06
7497,4.101078495152901e-06
7498,4.015732306671853e-06
7499,4.451353347969601e-06
7500,4.788088028215604e-06
7501,5.051543006751845e-06
7502,4.7894668623986085e-06
7503,4.524756433582788e-06
7504,4.187887595907562e-06
7505,3.9356791847059776e-06
7506,3.995368661880591e-06
7507,4.868096423265983e-06
7508,7.113687959168513e-06
7509,9.122333320947913e-06
7510,7.274088674856781e-06
7511,7.259546700163251e-06
7512,7.82228752563813e-06
7513,7.672245206358152e-06
7514,7.091621875191512e-06
7515,6.215513822843807e-06
7516,5.56235357177588e-06
7517,6.50886651914137e-06
7518,9.525294558991654e-06
7519,1.2409512666182407e-05
7520,1.0427884167409857e-05
7521,1.025694607262929e-05
7522,1.020339642597057e-05
7523,1.0642933088615218e-05
7524,1.2664673707394535e-05
7525,1.2032853151565009e-05
7526,1.2325651738744974e-05
7527,9.510533044287668e-06
7528,1.0102116264061159e-05
7529,1.1648090246259707e-05
7530,1.2693752753210136e-05
7531,1.3140829987284492e-05
7532,1.1032611612363149e-05
7533,1.2691245253255656e-05
7534,1.1946965252812582e-05
7535,1.2576379814546689e-05
7536,1.1655554396345518e-05
7537,9.479895672337538e-06
7538,1.1027010477343426e-05
7539,1.0093008333205565e-05
7540,1.2942071703257834e-05
7541,1.3241456885867436e-05
7542,1.1604837434433269e-05
7543,1.1608629900557476e-05
7544,1.1107213583972603e-05
7545,1.046232825116809e-05
7546,1.1896217301686354e-05
7547,1.1480312556630626e-05
7548,9.415270996683615e-06
7549,9.500700102640537e-06
7550,6.498206813312344e-06
7551,5.878573695519548e-06
7552,6.126113393182475e-06
7553,6.357760088229069e-06
7554,6.351965585671895e-06
7555,8.388597884994878e-06
7556,7.337388720760407e-06
7557,6.5906353400984844e-06
7558,8.02758362286214e-06
7559,8.881561612578611e-06
7560,1.25697020600193e-05
7561,1.5985543548005345e-05
7562,1.887328635013681e-05
7563,1.7553191871074204e-05
7564,2.0295288540861344e-05
7565,1.71378453011269e-05
7566,1.660743722625292e-05
7567,1.3308151005334968e-05
7568,1.2380495279621164e-05
7569,1.2205982283402446e-05
7570,1.0423882729333073e-05
7571,1.1106382936638352e-05
7572,1.0842387735419937e-05
7573,1.0581636393561247e-05
7574,9.47417923109625e-06
7575,1.2686966960363388e-05
7576,1.4616669800157748e-05
7577,1.537830197885834e-05
7578,1.2336126325302403e-05
7579,1.0907467815486069e-05
7580,1.0794186028053098e-05
7581,1.0517030574520827e-05
7582,9.77212308495954e-06
7583,1.1862686823354432e-05
7584,1.2539069639722404e-05
7585,1.070651817170261e-05
7586,1.225145028841208e-05
7587,1.582268769752934e-05
7588,1.2937178268490993e-05
7589,9.318624277684239e-06
7590,1.1987896279605244e-05
7591,1.1690625924129742e-05
7592,1.1461298460511306e-05
7593,1.1910498713116944e-05
7594,1.5289744735149352e-05
7595,1.4461572751756863e-05
7596,1.7049617555994514e-05
7597,2.6235043641511427e-05
7598,4.0033361918500175e-05
7599,4.478349229661106e-05
7600,3.6669426838171705e-05
7601,2.528690833461155e-05
7602,1.859751327128118e-05
7603,1.595760778837878e-05
7604,1.1800067708798689e-05
7605,9.479972022419025e-06
7606,8.405133941228207e-06
7607,8.042268688300196e-06
7608,6.191979410355891e-06
7609,6.436212967655973e-06
7610,5.89550143064887e-06
7611,6.229791985936644e-06
7612,6.110866421642635e-06
7613,6.6597895432187675e-06
7614,6.852995800863887e-06
7615,6.022412418091981e-06
7616,6.01316980273452e-06
7617,4.962784152300762e-06
7618,5.588122476651548e-06
7619,4.329552213016943e-06
7620,4.721555730521325e-06
7621,5.659201671590654e-06
7622,6.471244709627999e-06
7623,5.730068023309058e-06
7624,6.144006611739442e-06
7625,5.113883416889077e-06
7626,4.403314187809273e-06
7627,3.845417152210006e-06
7628,3.8020738566541606e-06
7629,4.922455302588291e-06
7630,6.4163592708324826e-06
7631,6.592089343184123e-06
7632,6.1194212287312695e-06
7633,4.966649738743642e-06
7634,5.65881435439009e-06
7635,8.761192793705144e-06
7636,1.0207695047276141e-05
7637,8.004807810151922e-06
7638,7.754750899999822e-06
7639,9.94138961908898e-06
7640,8.47032930625588e-06
7641,6.224898345124581e-06
7642,5.639570691038016e-06
7643,6.380552025865764e-06
7644,6.0058631830073424e-06
7645,6.265609204956462e-06
7646,5.927253698383539e-06
7647,6.024509833087925e-06
7648,5.316836179951487e-06
7649,5.178672709030262e-06
7650,4.555192060902041e-06
7651,5.4466915505281334e-06
7652,8.272877410771769e-06
7653,8.150982005947043e-06
7654,6.938811951539006e-06
7655,6.6609564530278595e-06
7656,6.377574667160376e-06
7657,6.5939083979580726e-06
7658,5.216541321067865e-06
7659,5.0994599192194595e-06
7660,5.2884678038070535e-06
7661,7.320964520103747e-06
7662,5.747808988265023e-06
7663,6.261965077556861e-06
7664,5.884941182081732e-06
7665,5.32260215487653e-06
7666,6.180492575599079e-06
7667,9.088449232720542e-06
7668,1.0788232392070023e-05
7669,1.2874437899978323e-05
7670,1.0600857291643904e-05
7671,1.0750654369864729e-05
7672,1.020085670217889e-05
7673,8.421150682495872e-06
7674,7.974688556771823e-06
7675,7.412770656042052e-06
7676,1.1264402952137348e-05
7677,1.0399068832133332e-05
7678,9.156860109521239e-06
7679,1.1997521232342012e-05
7680,1.2894320559256903e-05
7681,1.1847462574704322e-05
7682,8.045829175978397e-06
7683,7.74273066348416e-06
7684,7.5857524287060884e-06
7685,1.1109430495548517e-05
7686,1.1275213834052756e-05
7687,1.9278087484159213e-05
7688,1.7809311315000263e-05
7689,1.4450999508221503e-05
7690,1.0714975571757634e-05
7691,1.241800390963572e-05
7692,9.88723025896812e-06
7693,9.093538701466494e-06
7694,9.051280383367435e-06
7695,8.6519841174461e-06
7696,8.942195510338462e-06
7697,1.0971078509258235e-05
7698,1.154665165995712e-05
7699,8.145987379102718e-06
7700,7.640250246078913e-06
7701,8.730234473549908e-06
7702,9.923774059904173e-06
7703,8.102465952562455e-06
7704,7.005250754019433e-06
7705,8.36234324372259e-06
7706,9.010687184976664e-06
7707,1.0857669945229522e-05
7708,1.432333792892561e-05
7709,1.4813995602425438e-05
7710,1.4267189755122343e-05
7711,1.4133880168856064e-05
7712,1.5466973559670964e-05
7713,1.4179498631882794e-05
7714,1.2792765895990364e-05
7715,1.1357521582692228e-05
7716,1.0326872751803968e-05
7717,8.841273369440893e-06
7718,8.82625566684497e-06
7719,9.638590764793348e-06
7720,1.0060758429902723e-05
7721,9.809204280251676e-06
7722,9.029616384235088e-06
7723,7.874195090632432e-06
7724,8.805666570655226e-06
7725,1.0183607187262331e-05
7726,1.1836102625752355e-05
7727,9.728610106410582e-06
7728,9.153941273872702e-06
7729,7.773281692691144e-06
7730,7.677345622984557e-06
7731,7.2885145354612015e-06
7732,7.5168351422596575e-06
7733,6.511228504232944e-06
7734,5.75829163105594e-06
7735,6.135685500103624e-06
7736,8.821846777124284e-06
7737,1.2025790474493383e-05
7738,1.326006412720855e-05
7739,1.4576707538382496e-05
7740,1.3573779372465692e-05
7741,1.419668941162299e-05
7742,1.356165332275591e-05
7743,1.7232426030503776e-05
7744,1.7214484999146297e-05
7745,1.4502943851462388e-05
7746,1.2156986939947863e-05
7747,1.2103324954496487e-05
7748,1.0380123517129822e-05
7749,1.1029326405558187e-05
7750,1.1954391389896842e-05
7751,1.2423757887310108e-05
7752,1.0107172161392008e-05
7753,8.957633271768187e-06
7754,1.275268312781466e-05
7755,1.6179969727532143e-05
7756,2.1113071322724916e-05
7757,2.330540696260139e-05
7758,1.9762152738404876e-05
7759,2.3038018691154295e-05
7760,3.152062639551178e-05
7761,2.6645300523717602e-05
7762,2.250807453540457e-05
7763,2.401896870523091e-05
7764,1.8691907041597123e-05
7765,1.92607795010979e-05
7766,2.0399714012196955e-05
7767,2.3919833715286762e-05
7768,2.382020450303023e-05
7769,2.389440089541074e-05
7770,2.1297451793278244e-05
7771,1.7226411579762324e-05
7772,1.4820333610008983e-05
7773,1.4088550058158455e-05
7774,1.0426519709107636e-05
7775,8.862972183067503e-06
7776,9.455901739345988e-06
7777,1.017917225976921e-05
7778,1.0960502202540902e-05
7779,9.806707886612645e-06
7780,9.244834516495012e-06
7781,7.697713761133381e-06
7782,5.916881741726096e-06
7783,5.892509980798746e-06
7784,6.310840255128521e-06
7785,6.718482958866381e-06
7786,1.0233622874223902e-05
7787,1.3047487890214005e-05
7788,1.065404333928594e-05
7789,1.0379924407071425e-05
7790,1.0410705056625605e-05
7791,1.0252826365699798e-05
7792,8.506304814074839e-06
7793,6.169940394943572e-06
7794,7.766303440084843e-06
7795,7.601616932692406e-06
7796,5.5108015915659054e-06
7797,5.737583683316867e-06
7798,7.922173819377406e-06
7799,8.14770989066838e-06
7800,6.1253085386412995e-06
7801,5.3134452974776284e-06
7802,5.795566178467575e-06
7803,5.232847679485934e-06
7804,5.482581568635425e-06
7805,6.090373332939067e-06
7806,4.652754668116361e-06
7807,4.431055013367961e-06
7808,6.096407780550295e-06
7809,5.779506027913298e-06
7810,5.227875845755206e-06
7811,5.071698888846595e-06
7812,4.755779395563316e-06
7813,3.8549328514217995e-06
7814,3.224110888611811e-06
7815,2.865859190242901e-06
7816,3.629614354676828e-06
7817,3.485441965920858e-06
7818,2.9716203949709587e-06
7819,3.2528730898458813e-06
7820,3.482506068734589e-06
7821,3.7386703319571815e-06
7822,5.479694332790502e-06
7823,4.910980480203359e-06
7824,4.736282960970411e-06
7825,4.6822669280286335e-06
7826,3.6805427700984647e-06
7827,4.828795069679941e-06
7828,3.953349837735185e-06
7829,4.690335327317188e-06
7830,5.824720282399443e-06
7831,5.935068368982635e-06
7832,4.927485721977163e-06
7833,4.226048401930904e-06
7834,4.345046878016466e-06
7835,6.338072125191184e-06
7836,1.0792992187012011e-05
7837,1.5731407080751943e-05
7838,2.2372431483643078e-05
7839,2.582434181281421e-05
7840,2.1464579497705508e-05
7841,1.8447798842651382e-05
7842,1.8947491844615234e-05
7843,1.891779423102598e-05
7844,1.548155121160928e-05
7845,1.8470706509690162e-05
7846,2.172799561960553e-05
7847,2.0726462503233463e-05
7848,1.6705930078617798e-05
7849,1.4226406352638442e-05
7850,1.2718068763275656e-05
7851,1.0625281727047094e-05
7852,1.1594919261559803e-05
7853,1.386029762388601e-05
7854,1.585430633597712e-05
7855,1.6565946532885743e-05
7856,1.2084355955942063e-05
7857,1.0216014461705605e-05
7858,8.537894761899397e-06
7859,8.35079345811764e-06
7860,8.61195178278526e-06
7861,9.404637100841172e-06
7862,9.844910416367438e-06
7863,1.0913108817858567e-05
7864,1.1770705654568389e-05
7865,8.300406743858175e-06
7866,8.013690323476086e-06
7867,9.148500254276564e-06
7868,9.683984879478416e-06
7869,1.1303795945591626e-05
7870,1.1266239123781382e-05
7871,1.0953923044322056e-05
7872,1.2065633876651167e-05
7873,1.1152289702383772e-05
7874,9.62250947091756e-06
7875,8.965094487016027e-06
7876,8.933816594210172e-06
7877,9.021032017673588e-06
7878,6.527498453460744e-06
7879,5.843039158474501e-06
7880,5.669590365908617e-06
7881,5.993204831956831e-06
7882,6.330467539221787e-06
7883,9.548233661730448e-06
7884,1.1816584839044528e-05
7885,9.67319613511075e-06
7886,9.991569159026561e-06
7887,8.715614188290782e-06
7888,1.158650940427169e-05
7889,9.977065106233053e-06
7890,9.493726066372382e-06
7891,8.419660515040341e-06
7892,7.046968635253893e-06
7893,6.899554806676619e-06
7894,6.666585382114137e-06
7895,5.390792014592425e-06
7896,4.931569117129442e-06
7897,5.519351671857407e-06
7898,5.525899854347302e-06
7899,5.725150197392533e-06
7900,6.804384885909373e-06
7901,6.9843396261293535e-06
7902,6.87060403901342e-06
7903,6.696307502743753e-06
7904,6.82967479918334e-06
7905,6.791263794164653e-06
7906,1.0142161819910755e-05
7907,1.1788300432786626e-05
7908,1.0794119453497761e-05
7909,9.699011648930606e-06
7910,1.1028996758719908e-05
7911,1.1407987105708727e-05
7912,1.0778763127033517e-05
7913,1.4175571068053394e-05
7914,1.197803906681565e-05
7915,1.5821983371606892e-05
7916,1.8792147828377495e-05
7917,1.538961903311568e-05
7918,1.2174259428728851e-05
7919,1.0371588683175467e-05
7920,8.83240203628812e-06
7921,6.656178561072511e-06
7922,6.61791103231041e-06
7923,7.585575938135458e-06
7924,1.0536216432721824e-05
7925,1.0130658029776055e-05
7926,7.809749566341102e-06
7927,8.152920398511652e-06
7928,8.33750832765729e-06
7929,6.9033271678915645e-06
7930,8.349265423772585e-06
7931,8.529759683998213e-06
7932,8.550598105832378e-06
7933,7.909031732242824e-06
7934,7.185493639721616e-06
7935,6.641687822686555e-06
7936,6.38485120624516e-06
7937,8.414285047252716e-06
7938,1.0249932025645106e-05
7939,1.0949282342940994e-05
7940,7.96669148522166e-06
7941,8.525091433633385e-06
7942,8.679473375361426e-06
7943,9.99399019105048e-06
7944,9.445259580923124e-06
7945,1.0925534846502818e-05
7946,8.88921849634975e-06
7947,7.378743639949446e-06
7948,7.645754472142875e-06
7949,7.0332074697917434e-06
7950,9.315547284862352e-06
7951,1.1165479776278987e-05
7952,1.1597475292980464e-05
7953,1.0402830722777815e-05
7954,1.344275150980923e-05
7955,1.764508400914678e-05
7956,1.533806566932837e-05
7957,1.838288972154831e-05
7958,1.415522812426159e-05
7959,1.0303281113911108e-05
7960,7.390606044409032e-06
7961,7.585731392060533e-06
7962,7.42842511099869e-06
7963,1.146987570917714e-05
7964,9.931951506167574e-06
7965,1.162927531355127e-05
7966,1.1658127683288363e-05
7967,1.196795127274964e-05
7968,1.3987933038142687e-05
7969,1.6285632052588843e-05
7970,1.322311823523746e-05
7971,9.493502424368543e-06
7972,9.546830305813634e-06
7973,7.783521606688036e-06
7974,8.126879580068126e-06
7975,6.841487143781808e-06
7976,6.9661603230677004e-06
7977,7.976606578211064e-06
7978,9.583390542900553e-06
7979,1.0205722631868979e-05
7980,9.910023338412071e-06
7981,7.052540690534992e-06
7982,6.537404069735011e-06
7983,6.443815473764214e-06
7984,6.0845336300749855e-06
7985,6.6125511407706935e-06
7986,5.918217183933432e-06
7987,4.733391117622329e-06
7988,3.7171755831616052e-06
7989,3.895196559293349e-06
7990,3.5815128849502914e-06
7991,4.184140610162493e-06
7992,5.53074165430829e-06
7993,6.014656966050422e-06
7994,4.65342447101064e-06
7995,4.89124645253939e-06
7996,5.434043402029493e-06
7997,5.160784430318582e-06
7998,4.6952044026266714e-06
7999,5.21888734484924e-06
8000,8.753510052484395e-06
8001,9.080858991902923e-06
8002,8.889523773686016e-06
8003,1.0508406598787135e-05
8004,1.0081664241900836e-05
8005,1.070266321572231e-05
8006,1.1235994341150193e-05
8007,1.0252669749514486e-05
8008,1.2237743698328523e-05
8009,9.23499925323687e-06
8010,8.660163397938783e-06
8011,9.46655493823536e-06
8012,1.0223056076935491e-05
8013,1.0036843850145991e-05
8014,1.1857973724208096e-05
8015,1.0832227450054727e-05
8016,9.104535162254871e-06
8017,8.317497563164967e-06
8018,7.799081147375584e-06
8019,8.225668076336234e-06
8020,6.939269038199549e-06
8021,7.061625284535614e-06
8022,6.776145149934916e-06
8023,6.844238329245298e-06
8024,8.1548136536257e-06
8025,8.458755202190457e-06
8026,8.343723215222001e-06
8027,9.16284664058478e-06
8028,1.1233262558990558e-05
8029,1.1665695757085316e-05
8030,1.6082486007282368e-05
8031,2.0108474989966777e-05
8032,2.4683463211903232e-05
8033,2.3462961916913154e-05
8034,2.160427269354148e-05
8035,1.7957640607816367e-05
8036,1.815395657866715e-05
8037,2.735567755114221e-05
8038,2.9245514703610538e-05
8039,2.6923487278492746e-05
8040,1.6445413576903365e-05
8041,1.1862191912374939e-05
8042,1.0206033730712366e-05
8043,1.0500452600168835e-05
8044,1.1207339207192677e-05
8045,8.684575672395289e-06
8046,7.184234147536698e-06
8047,6.591386474582861e-06
8048,6.741523331764807e-06
8049,7.270397772921836e-06
8050,8.974325992451345e-06
8051,8.392879357273557e-06
8052,8.314103727904533e-06
8053,6.49991698575991e-06
8054,6.414545309705564e-06
8055,6.79460866719814e-06
8056,7.028202094297088e-06
8057,7.804589254373907e-06
8058,7.492944240464467e-06
8059,7.459671258199232e-06
8060,8.443166234636837e-06
8061,8.551665883061345e-06
8062,9.358919162564858e-06
8063,9.504522841649122e-06
8064,1.1636080862008606e-05
8065,1.4465172509885933e-05
8066,1.3971582141661652e-05
8067,1.6698051547336253e-05
8068,1.6497003261762203e-05
8069,1.2453247740474937e-05
8070,1.4247416783386955e-05
8071,1.6378173755181858e-05
8072,1.6422126581453008e-05
8073,1.853596067263313e-05
8074,2.1722128855915683e-05
8075,2.8196349873501067e-05
8076,2.753951654941783e-05
8077,2.0620159172274925e-05
8078,1.832220778574685e-05
8079,2.0452733618714344e-05
8080,2.137138047013235e-05
8081,2.4327627107950176e-05
8082,2.5309020387842152e-05
8083,2.602017992534386e-05
8084,2.6280175344425177e-05
8085,2.5589230570838313e-05
8086,2.3258016716075582e-05
8087,2.156652797812411e-05
8088,1.517368860304728e-05
8089,1.1631207065143134e-05
8090,9.662852726648878e-06
8091,8.611837178899127e-06
8092,8.6221259302359e-06
8093,8.420717003402708e-06
8094,5.854670597358097e-06
8095,6.023228864811695e-06
8096,6.0100605195156515e-06
8097,4.781012068768868e-06
8098,4.427164907069921e-06
8099,4.139349467231802e-06
8100,4.084785296707012e-06
8101,3.901337290523393e-06
8102,4.346881796039533e-06
8103,4.598485123038498e-06
8104,7.047322863373963e-06
8105,7.181082180226147e-06
8106,8.875645794804962e-06
8107,7.993706607918798e-06
8108,7.495425450973074e-06
8109,8.338412309663722e-06
8110,1.2001818875724687e-05
8111,1.0371131197934635e-05
8112,1.1040644156441813e-05
8113,1.3506569406601865e-05
8114,1.4496316475557989e-05
8115,1.22709338540645e-05
8116,1.059305464644974e-05
8117,1.0179826043646002e-05
8118,9.8318877371638e-06
8119,8.103595395044353e-06
8120,7.577414510431509e-06
8121,7.550899034399664e-06
8122,6.475797082472558e-06
8123,6.558518763516474e-06
8124,6.789988078988688e-06
8125,6.812639869261678e-06
8126,6.06503808838839e-06
8127,7.074235464104547e-06
8128,7.33298727643761e-06
8129,8.566973360543891e-06
8130,8.257928823195327e-06
8131,5.91417192910496e-06
8132,5.914772470903333e-06
8133,7.846301432063025e-06
8134,8.077089416989098e-06
8135,6.823200432868853e-06
8136,6.141103141145011e-06
8137,5.795991221531306e-06
8138,5.599099293259622e-06
8139,5.337861746621598e-06
8140,5.880894350488913e-06
8141,5.933836973111608e-06
8142,5.853506151944318e-06
8143,6.123879704211261e-06
8144,6.424891296884849e-06
8145,7.95671487755959e-06
8146,7.627279162213335e-06
8147,7.547101487899534e-06
8148,1.0297130245085253e-05
8149,8.487530131895812e-06
8150,8.195484089880019e-06
8151,7.806006413840802e-06
8152,7.0986422176683186e-06
8153,6.222392528759453e-06
8154,6.038160863841315e-06
8155,6.8954043167081255e-06
8156,7.586684595970267e-06
8157,5.780530908264276e-06
8158,4.766289329993164e-06
8159,4.400609881476707e-06
8160,4.438803441465043e-06
8161,4.208481078368939e-06
8162,3.4287419695993757e-06
8163,3.2714315369402605e-06
8164,3.4048816984188283e-06
8165,3.5760830189646502e-06
8166,4.283600289792029e-06
8167,4.496900016083337e-06
8168,7.256616061053858e-06
8169,6.795476109194503e-06
8170,8.289764769862484e-06
8171,7.075823078002431e-06
8172,5.263172299563795e-06
8173,4.703437651394841e-06
8174,5.143170315112409e-06
8175,5.282248055441647e-06
8176,5.0673232689567685e-06
8177,5.382999734550166e-06
8178,3.68165857734255e-06
8179,3.4968535011825734e-06
8180,3.4489443606856746e-06
8181,3.0460051233177477e-06
8182,3.6252247561334137e-06
8183,6.2331580546761165e-06
8184,6.565264748913761e-06
8185,6.017977892549965e-06
8186,6.021988771817459e-06
8187,5.544518901491274e-06
8188,7.373453843835849e-06
8189,8.358121386812698e-06
8190,6.9269474849445345e-06
8191,7.085668333379522e-06
8192,7.084287393414659e-06
8193,7.544022810305995e-06
8194,8.233214922830298e-06
8195,6.481144789483237e-06
8196,6.787770777326019e-06
8197,8.236902024914557e-06
8198,7.71830595698496e-06
8199,7.442501127268179e-06
8200,1.0806591833541718e-05
8201,1.8192644174121425e-05
8202,1.5850699181291605e-05
8203,1.5465412298767686e-05
8204,1.2592341249383662e-05
8205,1.1557054676029984e-05
8206,1.235451121761352e-05
8207,9.436467533909356e-06
8208,9.76511864530919e-06
8209,9.560869886332087e-06
8210,1.035116944518363e-05
8211,1.2915251971066696e-05
8212,1.1079809749778879e-05
8213,1.0396637557867213e-05
8214,8.258964128046728e-06
8215,7.812338867946115e-06
8216,8.592998226587024e-06
8217,1.0459484201387533e-05
8218,9.56537799990644e-06
8219,7.932347766164842e-06
8220,7.345506491727492e-06
8221,7.357672520730311e-06
8222,9.742584396636717e-06
8223,9.642491768586812e-06
8224,9.449523207600805e-06
8225,7.687354117323427e-06
8226,9.617585147466701e-06
8227,1.3944170340092838e-05
8228,1.4130703290468872e-05
8229,1.565695190375664e-05
8230,1.552912809763102e-05
8231,1.9032009713271498e-05
8232,2.0158536825202396e-05
8233,1.72171917578126e-05
8234,1.7788079476681922e-05
8235,1.291962647952193e-05
8236,1.1950289018545549e-05
8237,9.57294119061772e-06
8238,9.86407323372649e-06
8239,1.2569991291388716e-05
8240,9.706862349662627e-06
8241,1.416298334431286e-05
8242,2.520759595226668e-05
8243,2.9573950142438492e-05
8244,3.435048069028744e-05
8245,2.9343502235127127e-05
8246,2.7882583912937352e-05
8247,2.6007707624982465e-05
8248,2.7046074157789493e-05
8249,2.4843812259415597e-05
8250,3.280324139275136e-05
8251,2.587576066196736e-05
8252,2.2228907822382485e-05
8253,2.6912304716742333e-05
8254,1.951518930604051e-05
8255,2.0704669863356946e-05
8256,1.886216193105495e-05
8257,1.8000153053118628e-05
8258,1.864961797373766e-05
8259,1.6418296319722988e-05
8260,1.7730351516518094e-05
8261,1.412799557148257e-05
8262,1.3274671593133203e-05
8263,1.0260067739142537e-05
8264,7.26188216130598e-06
8265,6.3413448564441754e-06
8266,6.779948039295964e-06
8267,5.5421369397438695e-06
8268,4.7226865410307514e-06
8269,3.817020582462489e-06
8270,4.869687814932127e-06
8271,4.296071625216317e-06
8272,3.7788466382470915e-06
8273,3.790000111381018e-06
8274,3.113875647777373e-06
8275,2.8599972165015415e-06
8276,3.4204699693946033e-06
8277,3.4101782861591755e-06
8278,4.5207875913139625e-06
8279,4.0175834520154024e-06
8280,4.090391108068832e-06
8281,4.493265601020859e-06
8282,4.292142181907434e-06
8283,4.507276901594874e-06
8284,4.1700477262481845e-06
8285,4.371945475054626e-06
8286,3.4709260865931006e-06
8287,3.8047850201193116e-06
8288,3.555843311383331e-06
8289,3.7864218789649313e-06
8290,4.0331408682659506e-06
8291,4.692409885228403e-06
8292,6.393291370209275e-06
8293,5.742155008723131e-06
8294,4.954142187996445e-06
8295,4.711818656641365e-06
8296,3.878948431550025e-06
8297,4.052122391481435e-06
8298,3.865179174176377e-06
8299,3.518931579116016e-06
8300,3.9082393452877e-06
8301,3.561706185965487e-06
8302,3.203758333504547e-06
8303,3.8085978973294e-06
8304,3.999447321934311e-06
8305,4.083576770023516e-06
8306,4.689705033718849e-06
8307,4.773056690149256e-06
8308,4.7318049013072104e-06
8309,6.208306263497947e-06
8310,5.881401546423395e-06
8311,8.486903242176631e-06
8312,8.769136062972735e-06
8313,6.574110736859703e-06
8314,4.509693513208044e-06
8315,4.502225376447405e-06
8316,4.36482524021413e-06
8317,4.47390725781647e-06
8318,3.787985429590513e-06
8319,3.913694719324387e-06
8320,4.955081891446014e-06
8321,3.870574979486648e-06
8322,3.7736337449547977e-06
8323,3.4787928961828512e-06
8324,4.3094087409797695e-06
8325,5.6800808978852635e-06
8326,6.086167905427051e-06
8327,7.100083200386952e-06
8328,7.483040682855015e-06
8329,7.762702172259035e-06
8330,5.197059973162111e-06
8331,4.694098362246909e-06
8332,4.931339843730026e-06
8333,5.220168922467775e-06
8334,4.807712532514084e-06
8335,5.217871433658052e-06
8336,5.590505403069473e-06
8337,5.3013398571803185e-06
8338,7.22600428897545e-06
8339,9.489076040920309e-06
8340,9.133934564169476e-06
8341,1.0015872198653526e-05
8342,1.0220488544820779e-05
8343,1.1236582642799491e-05
8344,1.134039888178185e-05
8345,1.394021320485503e-05
8346,1.1316572374301318e-05
8347,9.268626397353204e-06
8348,8.17286252392459e-06
8349,7.779197575854143e-06
8350,7.58946704827528e-06
8351,6.988393411485912e-06
8352,1.0089884200596814e-05
8353,1.4551328592961868e-05
8354,1.5448945304301357e-05
8355,1.7136809251895784e-05
8356,2.0985576101873437e-05
8357,2.6085214240943137e-05
8358,2.4380965434587923e-05
8359,2.228691339355203e-05
8360,2.588317418916052e-05
8361,3.106431997394955e-05
8362,3.671655804240001e-05
8363,3.135684481512294e-05
8364,3.0366285462220316e-05
8365,2.370866617512131e-05
8366,2.1628255008268286e-05
8367,2.0584132648995573e-05
8368,2.0097780483689963e-05
8369,2.1862868992270166e-05
8370,1.8201343229118725e-05
8371,1.4495443541446643e-05
8372,1.390930539818562e-05
8373,1.545970558681455e-05
8374,1.6977204059813697e-05
8375,1.6052676381502885e-05
8376,2.3986878167593924e-05
8377,2.779279638283854e-05
8378,2.3660478722308536e-05
8379,2.190477568404192e-05
8380,2.004437400465157e-05
8381,1.5523039160444568e-05
8382,1.549904560639824e-05
8383,1.2880913014330911e-05
8384,1.0381389143930927e-05
8385,8.50110579872581e-06
8386,7.756487962100742e-06
8387,6.314517159420849e-06
8388,6.3740208463488995e-06
8389,5.658499785545556e-06
8390,5.09961727384727e-06
8391,5.234875646078911e-06
8392,5.310497707465305e-06
8393,5.859062801226901e-06
8394,5.913645899375036e-06
8395,7.12258585348146e-06
8396,7.175617612231084e-06
8397,7.179439064540621e-06
8398,7.556166632905627e-06
8399,7.341650416279103e-06
8400,8.80485526722246e-06
8401,7.193053528376555e-06
8402,7.034845213337412e-06
8403,6.134958945070201e-06
8404,4.858306195371406e-06
8405,6.42127171577707e-06
8406,6.63287931444359e-06
8407,5.6264934015425495e-06
8408,4.2243023667879565e-06
8409,3.4025119534312064e-06
8410,3.3061869696783652e-06
8411,2.7850742991009116e-06
8412,3.4038841247300875e-06
8413,3.2560260033118596e-06
8414,4.3165004147002e-06
8415,4.180019767609513e-06
8416,4.6717381175261165e-06
8417,5.90357869312358e-06
8418,6.197857814301374e-06
8419,6.40110325316031e-06
8420,7.877864184870844e-06
8421,8.224415468006757e-06
8422,1.0500496935881589e-05
8423,9.937731049507024e-06
8424,8.631062758690821e-06
8425,8.704961533196758e-06
8426,8.049475540520914e-06
8427,9.172516884483331e-06
8428,9.382264502519321e-06
8429,7.508022724960984e-06
8430,7.134981269115986e-06
8431,6.047178152328728e-06
8432,5.747454996528231e-06
8433,4.96367510310972e-06
8434,4.49804078144958e-06
8435,6.284362432219554e-06
8436,5.505341605903802e-06
8437,4.3900965095092816e-06
8438,5.426853232154047e-06
8439,5.474002807064828e-06
8440,4.39417791889964e-06
8441,5.9542672620410895e-06
8442,8.076309835838687e-06
8443,7.432911448151103e-06
8444,8.13753933497407e-06
8445,8.396227622444035e-06
8446,5.703557383085096e-06
8447,6.585657389634564e-06
8448,5.144330576946603e-06
8449,4.89330059405715e-06
8450,4.068648286877537e-06
8451,4.872825525542776e-06
8452,4.7655095760402285e-06
8453,5.634645005706903e-06
8454,5.416243301395116e-06
8455,5.434262787797549e-06
8456,6.2450235095322695e-06
8457,8.77932473686501e-06
8458,7.406494507202773e-06
8459,1.0076984497326596e-05
8460,9.6654105466446e-06
8461,9.804859328497867e-06
8462,1.0539774968700612e-05
8463,1.0676546097037762e-05
8464,1.4069343691268457e-05
8465,1.2564570434296348e-05
8466,1.1667579526812878e-05
8467,9.71925731299384e-06
8468,1.323414286549681e-05
8469,2.3153703978902045e-05
8470,2.3495914650284634e-05
8471,3.0599430614760974e-05
8472,2.9470271547849613e-05
8473,2.8101735463636973e-05
8474,2.3262795954165708e-05
8475,2.73131986721112e-05
8476,3.2484284914166176e-05
8477,2.9557348998478044e-05
8478,2.789146633885888e-05
8479,2.7683344810678354e-05
8480,2.3509849970408775e-05
8481,1.9364480430846086e-05
8482,2.3144839872488628e-05
8483,1.901156394393882e-05
8484,1.7730646777811282e-05
8485,1.5001991199196205e-05
8486,1.6243528548172162e-05
8487,2.2828337401241575e-05
8488,2.4802410511513045e-05
8489,2.2084055367022345e-05
8490,1.9601766617850405e-05
8491,1.3970868229612468e-05
8492,1.1275741074016492e-05
8493,8.908920051980232e-06
8494,8.442222258353521e-06
8495,8.361168296506722e-06
8496,7.731010228280995e-06
8497,5.7444456318994165e-06
8498,4.856489457510317e-06
8499,4.9037191928169085e-06
8500,5.061831959671202e-06
8501,4.335792754530119e-06
8502,4.505884261955283e-06
8503,5.3380803768194965e-06
8504,4.312456651860128e-06
8505,5.336200766902345e-06
8506,7.254758160903333e-06
8507,7.1571601419884205e-06
8508,6.8889011106279456e-06
8509,6.328830175540936e-06
8510,5.2490258657423415e-06
8511,4.699401353883077e-06
8512,4.440077918690171e-06
8513,4.1733162892277846e-06
8514,3.929898144135655e-06
8515,3.6318013930442193e-06
8516,3.336849307278365e-06
8517,3.199327446674361e-06
8518,2.6522081057019598e-06
8519,2.86537089142629e-06
8520,4.74620404066071e-06
8521,5.950030425213124e-06
8522,4.294247896862179e-06
8523,4.035638081396599e-06
8524,3.6508765621387774e-06
8525,4.499473047658584e-06
8526,6.290333274377135e-06
8527,7.616861332896826e-06
8528,7.078342425606222e-06
8529,5.623284187789859e-06
8530,5.608851063198845e-06
8531,5.69025607964178e-06
8532,5.6557247128401734e-06
8533,6.2924600803463386e-06
8534,5.599270908330834e-06
8535,5.301315880482292e-06
8536,4.862330337838476e-06
8537,5.398282123158751e-06
8538,4.317758847425412e-06
8539,3.717030997298435e-06
8540,4.125564525879841e-06
8541,3.8786120452078365e-06
8542,3.558559873033825e-06
8543,3.892524228921351e-06
8544,5.703133179356878e-06
8545,4.733606075041382e-06
8546,5.465156153145581e-06
8547,5.925657731349677e-06
8548,5.3370245085048455e-06
8549,4.07890363951365e-06
8550,3.786835582904013e-06
8551,3.3430276052399976e-06
8552,3.273133565779944e-06
8553,3.270281143362014e-06
8554,3.7880175318861787e-06
8555,3.782189012287405e-06
8556,3.2475096341014854e-06
8557,2.701988646688898e-06
8558,2.415754734380857e-06
8559,3.3373912268038382e-06
8560,3.739563708196066e-06
8561,4.50608221672305e-06
8562,5.6479736287491985e-06
8563,6.8605986487448666e-06
8564,6.294407949300774e-06
8565,6.236385049297803e-06
8566,6.656529572820254e-06
8567,6.556511612605361e-06
8568,8.960521137339998e-06
8569,1.0641252361177943e-05
8570,1.0072915929055644e-05
8571,9.162719925683441e-06
8572,7.713200854349853e-06
8573,6.519449562910096e-06
8574,7.661130171404302e-06
8575,8.003239272191596e-06
8576,6.247072193100989e-06
8577,5.9418717868619345e-06
8578,8.881149331144313e-06
8579,9.482546067640831e-06
8580,1.175351266153272e-05
8581,1.0096473051406907e-05
8582,6.855578315429396e-06
8583,9.861738715938544e-06
8584,1.1891614790627846e-05
8585,1.1666341952437748e-05
8586,1.070253310701771e-05
8587,1.1616518521443798e-05
8588,1.0830052672324957e-05
8589,1.2026069036049956e-05
8590,1.550219089122068e-05
8591,1.5013571169930724e-05
8592,1.3936066746379867e-05
8593,1.6719223211604443e-05
8594,1.5005156333435797e-05
8595,1.3318581501089114e-05
8596,1.4314381839988053e-05
8597,1.4588072085071366e-05
8598,1.1306542794460142e-05
8599,1.0739363650877018e-05
8600,1.0457750454176422e-05
8601,1.3088005926101919e-05
8602,2.384925490550132e-05
8603,2.6346892106500137e-05
8604,2.5072643184756943e-05
8605,1.8985128054978495e-05
8606,1.5575458311820162e-05
8607,1.2983774995405323e-05
8608,1.2589624488418765e-05
8609,1.5597749132512005e-05
8610,2.2226464083544692e-05
8611,2.1681911967305842e-05
8612,1.9231314006591853e-05
8613,1.3558194436374083e-05
8614,1.2376632826712071e-05
8615,1.0938214435701803e-05
8616,1.1466572641906524e-05
8617,1.0195303725305836e-05
8618,1.0703642005848736e-05
8619,9.932378346537677e-06
8620,1.3545617653742918e-05
8621,1.6879113916599128e-05
8622,1.3853682543345886e-05
8623,1.8892710655022264e-05
8624,2.41167660408542e-05
8625,2.367420731847159e-05
8626,2.296640615741599e-05
8627,1.8726653102828383e-05
8628,2.0808461348612804e-05
8629,1.9074343807406512e-05
8630,1.5583018173850198e-05
8631,1.2200822826285323e-05
8632,9.182428427010412e-06
8633,1.082539752953723e-05
8634,8.600956060605472e-06
8635,9.413394674600516e-06
8636,1.1430039874078681e-05
8637,1.170715711054587e-05
8638,9.592232329235666e-06
8639,6.60198430971292e-06
8640,5.889724574415408e-06
8641,5.442655619959454e-06
8642,5.753573398051685e-06
8643,5.989351882137045e-06
8644,5.395839829089254e-06
8645,4.861731670889894e-06
8646,5.144970122995241e-06
8647,4.430363261415152e-06
8648,4.1170198660999545e-06
8649,4.86658246327643e-06
8650,4.646394295842775e-06
8651,5.385088042511416e-06
8652,5.09444437143129e-06
8653,4.018821802370159e-06
8654,3.441946817164368e-06
8655,3.229399671268812e-06
8656,3.2662111099583616e-06
8657,2.696796128809983e-06
8658,2.914145113877179e-06
8659,2.7527006346249565e-06
8660,2.2021819843112445e-06
8661,2.3671471016407832e-06
8662,2.3239348335366482e-06
8663,2.420618916722514e-06
8664,2.2971611106086037e-06
8665,2.7620986822281533e-06
8666,2.5277619606548948e-06
8667,2.1969769111639497e-06
8668,2.346293049250634e-06
8669,2.517923423738736e-06
8670,3.011117125055969e-06
8671,3.277162834594168e-06
8672,4.082912201094161e-06
8673,4.296499415955923e-06
8674,3.8463598356113395e-06
8675,4.010493387054244e-06
8676,3.5120498174576284e-06
8677,3.954584819867211e-06
8678,4.628655686953419e-06
8679,4.419283016322288e-06
8680,3.180141280737538e-06
8681,3.817521502020414e-06
8682,3.7780277473827124e-06
8683,3.5334293419411742e-06
8684,2.891823319245573e-06
8685,2.481800174444195e-06
8686,2.3226900932598856e-06
8687,2.001679470307507e-06
8688,2.5365556545830245e-06
8689,2.977337503470217e-06
8690,4.125277969289525e-06
8691,3.863472472884376e-06
8692,4.319241802007773e-06
8693,4.730459397232076e-06
8694,4.871920815836059e-06
8695,4.3595838741092125e-06
8696,3.7991126680137948e-06
8697,5.663837222440277e-06
8698,6.469677757518002e-06
8699,7.391343028881947e-06
8700,7.803603502342665e-06
8701,6.8504473049674905e-06
8702,7.430349473499053e-06
8703,1.1478039884348014e-05
8704,1.2778567532067191e-05
8705,1.3791338201012569e-05
8706,1.631892146036415e-05
8707,1.4381261082554896e-05
8708,1.558563903404068e-05
8709,2.473156432002242e-05
8710,2.4706080217780562e-05
8711,2.331914092231946e-05
8712,2.0959159057458103e-05
8713,2.0292276372688808e-05
8714,1.8268234583936747e-05
8715,1.6019881531095472e-05
8716,1.2787954603310803e-05
8717,1.6287980023487725e-05
8718,1.8270393500316037e-05
8719,1.4654305226473357e-05
8720,1.1152812598392835e-05
8721,9.033038154794043e-06
8722,9.146073622318843e-06
8723,1.0445258100094037e-05
8724,9.820138360862377e-06
8725,9.349300740310659e-06
8726,1.0938732550310716e-05
8727,8.553018554603357e-06
8728,8.43189915205237e-06
8729,8.595878315406265e-06
8730,7.1930665389579275e-06
8731,6.125377967532834e-06
8732,5.8390604950467055e-06
8733,6.724027518325927e-06
8734,6.702324872544317e-06
8735,4.7882822312443275e-06
8736,5.621910561521769e-06
8737,6.713687416528336e-06
8738,6.274726808390066e-06
8739,6.224109264690322e-06
8740,6.629687441427889e-06
8741,6.2684229386160005e-06
8742,5.04830667746326e-06
8743,4.414670724167988e-06
8744,4.345699467263447e-06
8745,4.11542137640319e-06
8746,4.963221854307891e-06
8747,6.906550107467837e-06
8748,6.299959093779661e-06
8749,6.050368924580824e-06
8750,6.300511645526523e-06
8751,5.733367742162025e-06
8752,5.01971266038043e-06
8753,5.5462741909643245e-06
8754,4.134554057421619e-06
8755,4.295986960278094e-06
8756,3.961558740541252e-06
8757,3.706835570798818e-06
8758,4.020554656508784e-06
8759,4.146715972246073e-06
8760,4.20813607511186e-06
8761,5.566644464792969e-06
8762,6.113753017248806e-06
8763,6.079937621572452e-06
8764,5.5975293030801194e-06
8765,6.777001313641452e-06
8766,6.096546861532812e-06
8767,4.897344871619298e-06
8768,4.7846890816370355e-06
8769,4.57679848433673e-06
8770,5.516465356353875e-06
8771,6.746934455467249e-06
8772,5.5752518982581795e-06
8773,7.910844822123032e-06
8774,7.3008781193886295e-06
8775,6.878033019738974e-06
8776,5.06381216860544e-06
8777,5.534633173050723e-06
8778,6.592820971527094e-06
8779,4.674381845879692e-06
8780,5.200151528492812e-06
8781,5.199808871022583e-06
8782,6.117677843227734e-06
8783,6.843623111523686e-06
8784,7.200477083388101e-06
8785,6.3784080098857715e-06
8786,6.3402257750411835e-06
8787,6.051080691669408e-06
8788,7.514175532901876e-06
8789,7.695011567683431e-06
8790,6.8617310379877155e-06
8791,7.182084161277778e-06
8792,6.351945411162929e-06
8793,5.600641141075482e-06
8794,4.081401491920169e-06
8795,4.857961837189985e-06
8796,5.059112067954812e-06
8797,5.1307814010474904e-06
8798,7.0276024880236525e-06
8799,7.561267429673077e-06
8800,6.3517536406079285e-06
8801,6.8545481827145585e-06
8802,6.652964939899734e-06
8803,7.775069736007167e-06
8804,9.725335041602005e-06
8805,9.081906108414559e-06
8806,1.0719182922886599e-05
8807,1.156921284276983e-05
8808,1.1498509515348118e-05
8809,1.1171700417872974e-05
8810,1.2980482383503536e-05
8811,1.3103326239790968e-05
8812,1.4058246734753353e-05
8813,1.707227985722867e-05
8814,2.1918407598195436e-05
8815,2.0597231380143045e-05
8816,1.7137368095756877e-05
8817,1.6702994992536656e-05
8818,1.6300805102790154e-05
8819,1.966506659860291e-05
8820,1.9477703907322533e-05
8821,2.3075862964182757e-05
8822,2.267176156044962e-05
8823,2.077191694445559e-05
8824,1.5973808319888336e-05
8825,1.0908009187741587e-05
8826,1.2539340500135862e-05
8827,1.2080373796915908e-05
8828,1.2798177053461473e-05
8829,1.2131660506340197e-05
8830,1.3428036452577057e-05
8831,1.271231584450669e-05
8832,1.633350602443834e-05
8833,1.5896126066162922e-05
8834,1.464364551699487e-05
8835,1.4644661670834957e-05
8836,1.0745449025242325e-05
8837,1.1853604252114441e-05
8838,8.62841169130794e-06
8839,7.5254764617110954e-06
8840,7.440184401642969e-06
8841,5.608521651775261e-06
8842,4.472431202314976e-06
8843,5.071065947401865e-06
8844,4.952341757159964e-06
8845,4.471974183434464e-06
8846,4.8033888593930825e-06
8847,5.384935333926086e-06
8848,5.776251054463164e-06
8849,6.2384053660125535e-06
8850,7.146886869470208e-06
8851,6.0667795666250975e-06
8852,5.507044813619741e-06
8853,4.624780169648552e-06
8854,5.061560660581517e-06
8855,5.483365999481802e-06
8856,5.767693759834965e-06
8857,5.2328649843389525e-06
8858,5.605076288638545e-06
8859,5.1545195533022184e-06
8860,5.07743276857035e-06
8861,5.065501655859206e-06
8862,4.623373417709314e-06
8863,5.9404031701087575e-06
8864,7.053456336999503e-06
8865,6.522275280603032e-06
8866,6.885546539625258e-06
8867,8.175260306716355e-06
8868,1.048423674468003e-05
8869,1.2776613802354996e-05
8870,1.4543402613334037e-05
8871,1.57580124159554e-05
8872,1.5105490509681695e-05
8873,9.535480109532206e-06
8874,1.1129027929108992e-05
8875,1.0938515817051848e-05
8876,1.2512801563131465e-05
8877,1.5381728829788094e-05
8878,1.3706759244072336e-05
8879,1.5327553005566697e-05
8880,1.3914922584215412e-05
8881,9.426216478386765e-06
8882,7.995167136945377e-06
8883,9.165313453370432e-06
8884,1.0026131300274656e-05
8885,1.1318699181029265e-05
8886,9.959246944265964e-06
8887,8.106548107071584e-06
8888,7.084642499482397e-06
8889,7.84142050791772e-06
8890,9.011694683035067e-06
8891,9.951195710867305e-06
8892,8.017017840528218e-06
8893,6.767479430036687e-06
8894,6.786946861292642e-06
8895,6.365132825094532e-06
8896,6.4142609994634035e-06
8897,6.770515489824855e-06
8898,6.313367834423665e-06
8899,4.890235730288526e-06
8900,5.150808558362798e-06
8901,4.946331600933803e-06
8902,5.467383277133544e-06
8903,5.95848189321602e-06
8904,5.912137557851299e-06
8905,5.74195978272099e-06
8906,5.948545471847728e-06
8907,5.445437167860231e-06
8908,5.249257155645055e-06
8909,4.860836276670867e-06
8910,3.6387317864644518e-06
8911,4.1900393270715876e-06
8912,4.050434355899135e-06
8913,4.593927453376243e-06
8914,4.691769661299328e-06
8915,4.8244745284565364e-06
8916,5.1882519828036365e-06
8917,4.049611987312252e-06
8918,4.065752689624122e-06
8919,4.3402071444322655e-06
8920,4.349493004157788e-06
8921,4.2290609308837885e-06
8922,3.593204817895042e-06
8923,3.390980015463627e-06
8924,3.498526342205554e-06
8925,5.3597730107944365e-06
8926,6.785271778067616e-06
8927,5.822560151738439e-06
8928,6.100954042062365e-06
8929,7.646039938149204e-06
8930,1.1422763272157409e-05
8931,1.0985944869291402e-05
8932,9.449990827426491e-06
8933,1.0075381295846602e-05
8934,1.0552734705148016e-05
8935,1.1109362502066398e-05
8936,1.2186565369617814e-05
8937,1.4326530060646783e-05
8938,1.5365471164694814e-05
8939,1.588588166862213e-05
8940,1.505155120930695e-05
8941,1.954294029369241e-05
8942,2.4031093795621326e-05
8943,2.017111110502342e-05
8944,2.0069086295085722e-05
8945,1.4455705372823791e-05
8946,1.1822698566978616e-05
8947,1.2352155954619247e-05
8948,1.3190452744890325e-05
8949,1.7073580335412894e-05
8950,1.7665968964641984e-05
8951,1.886373612133284e-05
8952,1.391901584683505e-05
8953,1.3790528622534953e-05
8954,1.34835884106852e-05
8955,1.0652466805074327e-05
8956,8.52371805514531e-06
8957,9.96260661069028e-06
8958,9.070882133012798e-06
8959,9.4149408593403e-06
8960,8.729658416905472e-06
8961,9.843328846051982e-06
8962,1.0071387321812116e-05
8963,8.54362298161487e-06
8964,9.2384989275251e-06
8965,9.405638535827175e-06
8966,8.288297945705365e-06
8967,6.474409349962246e-06
8968,7.336842991567948e-06
8969,8.849864673446345e-06
8970,1.141489766502628e-05
8971,7.831143761168971e-06
8972,9.715376139326589e-06
8973,9.929244086264914e-06
8974,9.247242323962577e-06
8975,6.921316045669212e-06
8976,7.269033418072532e-06
8977,7.750535763337919e-06
8978,7.009864581274639e-06
8979,7.0125986154969705e-06
8980,6.239460264675374e-06
8981,6.094318352888902e-06
8982,5.766413514821874e-06
8983,5.953041118855542e-06
8984,7.749710258233293e-06
8985,8.007883581973194e-06
8986,8.950623730622927e-06
8987,9.854550666227422e-06
8988,7.344010864372993e-06
8989,6.739030485744256e-06
8990,6.18817812750868e-06
8991,5.887938919932236e-06
8992,6.633116360173035e-06
8993,1.0394842942231896e-05
8994,8.375324059985428e-06
8995,8.337155909332414e-06
8996,7.307854303008207e-06
8997,8.085810724049668e-06
8998,6.600846210485701e-06
8999,6.827339123590572e-06
9000,6.169650168444722e-06
9001,6.082628543961684e-06
9002,5.795117032362835e-06
9003,4.540246038124687e-06
9004,4.706184927684106e-06
9005,4.80942475648436e-06
9006,3.865203012468609e-06
9007,4.1572257151413715e-06
9008,4.724455637928984e-06
9009,5.4185364965175085e-06
9010,6.7577734416021375e-06
9011,5.7250263920627e-06
9012,5.233707882397834e-06
9013,4.420198338005849e-06
9014,4.846808509571175e-06
9015,5.763198480909241e-06
9016,5.738629395244903e-06
9017,5.600938606013505e-06
9018,5.647926126550784e-06
9019,4.525915463054841e-06
9020,4.065659877863071e-06
9021,3.8391584018864376e-06
9022,4.3227487257455946e-06
9023,4.810726420981261e-06
9024,4.170662990774691e-06
9025,3.7357505966756958e-06
9026,3.1582439047022984e-06
9027,3.688716168303862e-06
9028,3.0063730709105355e-06
9029,2.920730812406829e-06
9030,2.726798135087153e-06
9031,2.6285781356544597e-06
9032,2.6215088504374658e-06
9033,2.60630773922924e-06
9034,3.1800069015726366e-06
9035,3.92890817339657e-06
9036,3.7346055118615604e-06
9037,5.719057998928131e-06
9038,7.846341572816251e-06
9039,1.1560338687860792e-05
9040,9.332254606094167e-06
9041,7.539953032322326e-06
9042,6.233959653963483e-06
9043,9.149665835197292e-06
9044,1.4304606502744007e-05
9045,1.6659492849306604e-05
9046,2.3927147333649858e-05
9047,3.18824834820325e-05
9048,3.2005108211324e-05
9049,2.782584423491818e-05
9050,1.61047849572186e-05
9051,1.1559306114585332e-05
9052,8.746442467274565e-06
9053,1.1399748323339445e-05
9054,1.3276568976882488e-05
9055,1.461626105190779e-05
9056,1.8353521705139096e-05
9057,3.02281623430188e-05
9058,3.574353767402729e-05
9059,3.185125078335914e-05
9060,2.4855078888868042e-05
9061,2.0625456615441374e-05
9062,2.024027676069334e-05
9063,1.5885122975997035e-05
9064,1.3952605530452126e-05
9065,1.1114390557652427e-05
9066,9.616462213505682e-06
9067,9.268013700231967e-06
9068,8.142023313696037e-06
9069,8.740105238455072e-06
9070,9.687451999791515e-06
9071,1.2824599262853754e-05
9072,1.6158350077377924e-05
9073,1.2804097922685468e-05
9074,1.3510790245885308e-05
9075,1.4066314200999798e-05
9076,1.1775687039549709e-05
9077,1.2214816301573205e-05
9078,1.0638076266566105e-05
9079,1.0006531656180669e-05
9080,1.0197365465332433e-05
9081,9.888372584452302e-06
9082,9.577682347342994e-06
9083,7.193087619464824e-06
9084,9.026569769752132e-06
9085,1.137659156513702e-05
9086,8.704308591947907e-06
9087,7.95323149341416e-06
9088,6.173200316060377e-06
9089,5.014710066084101e-06
9090,5.2311660928035355e-06
9091,4.086676054533074e-06
9092,3.4109996680901524e-06
9093,3.0203716315878362e-06
9094,3.676844742722243e-06
9095,3.862562131607889e-06
9096,3.2062795962848773e-06
9097,2.8896162780152553e-06
9098,2.8264644880544688e-06
9099,3.153094390879747e-06
9100,2.907026674912016e-06
9101,2.7015815533515526e-06
9102,2.8878184980450377e-06
9103,3.109247997210368e-06
9104,3.0855254659355097e-06
9105,3.6148615027903294e-06
9106,3.791845491128952e-06
9107,3.615039780137927e-06
9108,2.595899717105624e-06
9109,3.0392759567967796e-06
9110,2.532804230478628e-06
9111,2.4665881208349495e-06
9112,2.7916677267315166e-06
9113,2.778444035659061e-06
9114,2.6551122301935317e-06
9115,3.1833472791063435e-06
9116,3.17027448516366e-06
9117,2.7881719865996685e-06
9118,2.7935495818494074e-06
9119,3.2314387675878513e-06
9120,3.822797161373087e-06
9121,4.58915830259505e-06
9122,4.36129670386967e-06
9123,4.079740347481479e-06
9124,3.6480767321207917e-06
9125,3.5124185856417376e-06
9126,3.0493270828768493e-06
9127,3.0840745452859788e-06
9128,3.0838312304273967e-06
9129,3.1016008089680397e-06
9130,3.1476318745077793e-06
9131,3.041514952027273e-06
9132,3.835859863764616e-06
9133,5.116184650161292e-06
9134,5.378450242415619e-06
9135,4.645433200568658e-06
9136,4.8899650163604234e-06
9137,4.283020005186141e-06
9138,3.935157105219505e-06
9139,4.189681655511196e-06
9140,3.5963861290321974e-06
9141,3.8004930067053825e-06
9142,5.327408704038777e-06
9143,6.057585224093842e-06
9144,5.493217446451314e-06
9145,3.78095624386531e-06
9146,3.7460757922463835e-06
9147,3.975639619218974e-06
9148,4.050557897929626e-06
9149,4.7531107585642405e-06
9150,5.6021029286270015e-06
9151,6.932663642254834e-06
9152,7.618318091516889e-06
9153,7.632530654246425e-06
9154,7.281533375863289e-06
9155,8.208163285108276e-06
9156,8.71433105196158e-06
9157,8.906232758330356e-06
9158,9.021000728923599e-06
9159,8.338426608800846e-06
9160,9.239696010639169e-06
9161,9.493643637432733e-06
9162,1.0459675481491841e-05
9163,1.0496783918769199e-05
9164,1.072345760992105e-05
9165,1.1656713819133063e-05
9166,2.204902713110922e-05
9167,1.7807489476559488e-05
9168,1.5910159431339843e-05
9169,1.877109751471411e-05
9170,1.755608962738173e-05
9171,2.075731489848845e-05
9172,2.065472996930815e-05
9173,1.7718990471143463e-05
9174,1.6830650898456793e-05
9175,1.8870629283060276e-05
9176,1.9166776447694838e-05
9177,1.5328282582986595e-05
9178,1.2101078184363841e-05
9179,1.4262474292863019e-05
9180,1.9018071269294692e-05
9181,2.3416049406087234e-05
9182,2.2833791662508246e-05
9183,1.7031717630120798e-05
9184,1.4853529191166761e-05
9185,1.6141944583823343e-05
9186,1.6288983271147257e-05
9187,1.4529650561165676e-05
9188,1.214932601814943e-05
9189,1.279045411256936e-05
9190,1.440748239134008e-05
9191,1.3704057892776949e-05
9192,1.1024318567768985e-05
9193,9.124795513004758e-06
9194,8.937412117133608e-06
9195,7.932139049445092e-06
9196,7.112926774006297e-06
9197,7.213386827092363e-06
9198,6.8833245729300706e-06
9199,5.225316663554966e-06
9200,5.337164125779119e-06
9201,6.317802612933215e-06
9202,6.061721397125956e-06
9203,5.4016340025496545e-06
9204,5.060797172195203e-06
9205,4.4368494242972266e-06
9206,4.618042763254508e-06
9207,6.713698588529365e-06
9208,7.005016126011498e-06
9209,7.630259608361457e-06
9210,9.637015136136742e-06
9211,1.0491764311219498e-05
9212,9.900779660742934e-06
9213,1.0330754522583875e-05
9214,8.834623700300723e-06
9215,8.852416229646994e-06
9216,9.214080891047783e-06
9217,7.279559206377061e-06
9218,4.937498829131922e-06
9219,4.78773268655115e-06
9220,6.0760843894988534e-06
9221,6.5725234984996525e-06
9222,5.917887294554744e-06
9223,6.9954871083527134e-06
9224,6.26928105573502e-06
9225,6.403047361208251e-06
9226,7.994237151205984e-06
9227,6.822768624495888e-06
9228,8.156678753153361e-06
9229,6.983288876148853e-06
9230,7.549937974873251e-06
9231,7.371520251649633e-06
9232,8.78739601763888e-06
9233,8.81523885254865e-06
9234,1.0622717345994128e-05
9235,1.603398493555766e-05
9236,1.2335424186105852e-05
9237,1.5246336128250412e-05
9238,1.3722940859966601e-05
9239,1.3019766387786537e-05
9240,1.106175678128808e-05
9241,1.0590780826181722e-05
9242,8.541597885081874e-06
9243,6.581356286128193e-06
9244,6.005298918758113e-06
9245,5.059735822917774e-06
9246,4.98665484105661e-06
9247,4.4385629329467626e-06
9248,4.373465183307499e-06
9249,5.742354341259969e-06
9250,5.7836151109706514e-06
9251,5.023135575434417e-06
9252,5.284894755292587e-06
9253,6.296807596319927e-06
9254,4.763868322032405e-06
9255,5.096805576760503e-06
9256,4.518194320011367e-06
9257,4.22449600243181e-06
9258,4.390879733647682e-06
9259,3.966525192103153e-06
9260,4.297787508630358e-06
9261,4.304566074332974e-06
9262,3.735592034187253e-06
9263,3.2439728987835893e-06
9264,3.3246546196084097e-06
9265,3.5508737739174487e-06
9266,3.080596536137709e-06
9267,3.81071517299655e-06
9268,3.242642762498655e-06
9269,3.2763048298832973e-06
9270,4.953041527927888e-06
9271,4.13292791780153e-06
9272,4.245864231230012e-06
9273,4.136609898371049e-06
9274,4.035858584974135e-06
9275,3.6689409007247937e-06
9276,3.8108486971301237e-06
9277,3.3540981220060177e-06
9278,3.451123517528071e-06
9279,3.980256887767348e-06
9280,3.7915502985025533e-06
9281,3.913835422677659e-06
9282,5.1011537387954724e-06
9283,8.648981629803804e-06
9284,7.790537500456956e-06
9285,6.213426096347035e-06
9286,5.092363190382451e-06
9287,5.2139427612310365e-06
9288,5.885020134636686e-06
9289,5.242218620217618e-06
9290,4.822195996825739e-06
9291,4.757039055247068e-06
9292,4.623979907067083e-06
9293,4.822421909536881e-06
9294,4.19428954324933e-06
9295,4.601453324475282e-06
9296,7.5178694596007445e-06
9297,6.122517359843904e-06
9298,5.022432815391811e-06
9299,5.953504813351709e-06
9300,5.29392044222016e-06
9301,6.228164699136266e-06
9302,5.476485196356788e-06
9303,6.099953655903106e-06
9304,8.118858168139141e-06
9305,8.79678286048457e-06
9306,9.530668398814432e-06
9307,1.1691447719000444e-05
9308,1.0234853715331425e-05
9309,1.0124451122212037e-05
9310,1.0402615053411647e-05
9311,1.0965803342673812e-05
9312,9.71326883373002e-06
9313,7.594970784025266e-06
9314,1.0677271052428825e-05
9315,1.1406807942964077e-05
9316,1.1194289393349524e-05
9317,1.185447387884161e-05
9318,7.512473973562116e-06
9319,6.753195415679191e-06
9320,9.7014498755184e-06
9321,7.031704978856542e-06
9322,6.0430166564058515e-06
9323,6.613404243206037e-06
9324,6.5511514954648025e-06
9325,7.381364622713618e-06
9326,9.93565234091901e-06
9327,8.163538884420337e-06
9328,1.132825059739919e-05
9329,1.4807638290240889e-05
9330,1.3736525242786199e-05
9331,9.261052565869863e-06
9332,1.1962566092946599e-05
9333,1.7545555992089644e-05
9334,2.3493096688712477e-05
9335,2.6401476387020852e-05
9336,2.4577050789020794e-05
9337,2.0641046564637855e-05
9338,1.7862514957417673e-05
9339,1.7109161993624774e-05
9340,2.1517105383149944e-05
9341,3.542516133763092e-05
9342,3.434891910182376e-05
9343,2.614388158574455e-05
9344,3.0557793321315736e-05
9345,4.409570578833269e-05
9346,4.274765612909555e-05
9347,2.9673848480126828e-05
9348,2.4670186488204097e-05
9349,1.7775860025664046e-05
9350,1.8471147472817486e-05
9351,1.7574728157553484e-05
9352,1.959535499806869e-05
9353,1.2770817575351085e-05
9354,1.0999615946549691e-05
9355,9.44617280300504e-06
9356,8.177832039164771e-06
9357,7.187829647581129e-06
9358,7.094106924104829e-06
9359,5.991845805140482e-06
9360,5.281928064381108e-06
9361,5.622594239884973e-06
9362,6.43000672477768e-06
9363,6.06503549803976e-06
9364,5.585537873140943e-06
9365,6.148145589816027e-06
9366,6.671960444680732e-06
9367,7.025471040171838e-06
9368,5.067434241382808e-06
9369,4.858442513532677e-06
9370,5.208512990229636e-06
9371,5.948349231727397e-06
9372,5.06999942684955e-06
9373,5.456254113273011e-06
9374,5.72727528544827e-06
9375,5.965171689264274e-06
9376,4.408148910493635e-06
9377,3.886738236264334e-06
9378,3.760283239478854e-06
9379,3.6563689792390933e-06
9380,3.4443206078503433e-06
9381,3.75336420803605e-06
9382,3.0511379758286126e-06
9383,3.200933784223657e-06
9384,3.5263294619043814e-06
9385,4.0506377894693625e-06
9386,4.209144369883058e-06
9387,4.082692487714441e-06
9388,3.703629951708496e-06
9389,3.2751505355723836e-06
9390,2.9625083205813828e-06
9391,2.7778968275470843e-06
9392,3.4151322974400936e-06
9393,3.23818859554098e-06
9394,3.3425150493386684e-06
9395,3.0864904130792385e-06
9396,3.1674441436023265e-06
9397,3.2584407505130655e-06
9398,3.760551725558438e-06
9399,3.730711187714424e-06
9400,2.8875120017592254e-06
9401,2.0379409588038425e-06
9402,2.408484713032837e-06
9403,2.8101084307815415e-06
9404,3.3038453295392915e-06
9405,2.734123103113185e-06
9406,2.3620020422629254e-06
9407,2.7635974964161836e-06
9408,2.805662123606546e-06
9409,2.5369035912976586e-06
9410,2.596188184751389e-06
9411,2.9544414167154675e-06
9412,2.8259520882929044e-06
9413,2.932335896557951e-06
9414,3.0847026243278467e-06
9415,3.0706645023406956e-06
9416,2.5680752176615478e-06
9417,2.3017184542442264e-06
9418,1.975602225001521e-06
9419,1.8598275226743573e-06
9420,2.0687635657318063e-06
9421,1.9698883411795243e-06
9422,2.2826110469693687e-06
9423,3.077163621770277e-06
9424,2.875959537527153e-06
9425,2.231977740829073e-06
9426,2.7308863612348453e-06
9427,3.3592717090037828e-06
9428,3.278842115570273e-06
9429,3.5752277423860955e-06
9430,4.098315439376376e-06
9431,4.4835865340380955e-06
9432,4.07042699922133e-06
9433,3.850600436066546e-06
9434,3.684107766889327e-06
9435,3.873845845127037e-06
9436,3.9716536182075905e-06
9437,3.848737266947779e-06
9438,3.781358854279348e-06
9439,3.2847364848363623e-06
9440,3.506060790558566e-06
9441,3.7601675122435807e-06
9442,3.590778395954089e-06
9443,3.3502884838203562e-06
9444,3.398316158036347e-06
9445,3.2326286549161235e-06
9446,4.973007384274358e-06
9447,4.690603755339817e-06
9448,4.852953677316358e-06
9449,4.3131427743461915e-06
9450,3.0859641586628575e-06
9451,3.879468138374167e-06
9452,3.99610950424723e-06
9453,4.345078300214212e-06
9454,6.2704035773818855e-06
9455,9.802287909748168e-06
9456,8.437386968282347e-06
9457,8.31369451372848e-06
9458,1.3331939044627139e-05
9459,1.4435049818200993e-05
9460,1.6833785552677614e-05
9461,2.1798827740591957e-05
9462,2.040759364118978e-05
9463,1.9290509003392664e-05
9464,1.7115687875504287e-05
9465,1.427892221368354e-05
9466,1.0417595102625583e-05
9467,1.0396035809577088e-05
9468,9.440358701690988e-06
9469,8.879021069355119e-06
9470,1.3826499210181598e-05
9471,1.197602781256185e-05
9472,1.3136862790057163e-05
9473,1.0986113424698312e-05
9474,1.0714222020978423e-05
9475,1.394207221243743e-05
9476,1.0688682087357388e-05
9477,1.5347886416327838e-05
9478,2.098947685550984e-05
9479,1.7192391621314253e-05
9480,1.3142705329797915e-05
9481,1.0487385796308089e-05
9482,1.0100933479865385e-05
9483,1.736412626865414e-05
9484,1.6962607386371512e-05
9485,1.1417803104578851e-05
9486,1.1329975616263005e-05
9487,1.1683357611624585e-05
9488,9.33267645794633e-06
9489,7.72382758938672e-06
9490,7.315816766776657e-06
9491,6.258202203617048e-06
9492,5.929835183846741e-06
9493,4.078261126890209e-06
9494,3.35810466878453e-06
9495,3.5604532129235845e-06
9496,4.4499573959106454e-06
9497,6.042882554856203e-06
9498,6.923681072796097e-06
9499,9.140288454156534e-06
9500,8.654278153013411e-06
9501,5.561325798663772e-06
9502,4.8233441618175906e-06
9503,4.031892637302205e-06
9504,5.7261334309333825e-06
9505,5.520385636346437e-06
9506,4.420561387538517e-06
9507,3.4747670451147043e-06
9508,3.890324556362095e-06
9509,4.622907959132948e-06
9510,5.4796017575213585e-06
9511,5.642102929437928e-06
9512,5.6644410406401275e-06
9513,4.900475351250696e-06
9514,5.716623268002959e-06
9515,5.2472947115830514e-06
9516,4.631999907815241e-06
9517,4.370310868954968e-06
9518,5.842840019565676e-06
9519,5.426434265721509e-06
9520,5.5764370349068e-06
9521,6.0999989558739455e-06
9522,5.937008823045656e-06
9523,4.731231751078133e-06
9524,6.055647908740248e-06
9525,6.750481141701172e-06
9526,8.123412104519968e-06
9527,7.499550845033953e-06
9528,1.0085890220153733e-05
9529,1.2475338081913906e-05
9530,1.0114861931494243e-05
9531,9.458613419341069e-06
9532,8.638221487951904e-06
9533,9.291817299938701e-06
9534,7.744652087804051e-06
9535,7.199608437367893e-06
9536,7.937124173235576e-06
9537,9.156635198638703e-06
9538,9.153832954651625e-06
9539,9.02680172013505e-06
9540,7.325482886670055e-06
9541,7.540694794815362e-06
9542,8.208070421667838e-06
9543,8.775678029083303e-06
9544,8.392353573448879e-06
9545,1.068674639223784e-05
9546,1.3987395720586706e-05
9547,1.2858170128457998e-05
9548,1.2587679108600024e-05
9549,1.1816970956853845e-05
9550,1.074288317235891e-05
9551,9.387770964967782e-06
9552,8.015305222805276e-06
9553,6.366313010879014e-06
9554,6.484145006577643e-06
9555,5.516058085101579e-06
9556,5.347391997364112e-06
9557,5.156031475015393e-06
9558,5.778819622620152e-06
9559,6.614475539913521e-06
9560,6.106030945070841e-06
9561,5.524668560590009e-06
9562,4.060048728222923e-06
9563,3.830751908712802e-06
9564,4.8856815999495175e-06
9565,4.041201560098576e-06
9566,4.3405524081220555e-06
9567,5.644024105393175e-06
9568,7.079061192952722e-06
9569,7.876635443885965e-06
9570,9.526828933766314e-06
9571,1.1020880269940632e-05
9572,8.597759053724808e-06
9573,1.0570175114361134e-05
9574,9.88164198867295e-06
9575,8.17889780407985e-06
9576,6.231486822341353e-06
9577,7.016098119768788e-06
9578,7.593829323306075e-06
9579,6.032557685346112e-06
9580,6.579318899226407e-06
9581,7.533070375619104e-06
9582,7.942901201934062e-06
9583,8.333583914379813e-06
9584,8.268376146315663e-06
9585,1.020827812332985e-05
9586,8.652014178487062e-06
9587,7.97311485567715e-06
9588,8.745003742659152e-06
9589,8.844165511212395e-06
9590,7.124936051009912e-06
9591,7.487858734825392e-06
9592,8.373882710879298e-06
9593,8.270900539158413e-06
9594,7.723680244610056e-06
9595,1.0873256308209363e-05
9596,1.3218653166041396e-05
9597,1.424472183586477e-05
9598,1.1275952394534175e-05
9599,1.2473125012343516e-05
9600,1.3688901515639435e-05
9601,1.2447405531702865e-05
9602,1.124694566506616e-05
9603,7.96708032198251e-06
9604,7.351198481878144e-06
9605,7.51034074952864e-06
9606,7.894645972881102e-06
9607,1.019462842321522e-05
9608,1.2845982211347591e-05
9609,9.995517418908241e-06
9610,8.022278192621514e-06
9611,7.387601567889685e-06
9612,6.288192035599077e-06
9613,5.8199272643245625e-06
9614,5.997139782748148e-06
9615,7.13381924116214e-06
9616,6.068880671455189e-06
9617,7.142984075576338e-06
9618,6.9894906165389014e-06
9619,7.288513250592349e-06
9620,7.2427093688281435e-06
9621,7.348147399322434e-06
9622,6.837824139394835e-06
9623,7.195399313841282e-06
9624,5.199039393660077e-06
9625,5.376452528827715e-06
9626,5.05597426177916e-06
9627,4.762302251201077e-06
9628,4.353850332012803e-06
9629,5.282720673427287e-06
9630,4.662716732427735e-06
9631,3.3320937877250147e-06
9632,3.6920029657137113e-06
9633,4.466664179899982e-06
9634,4.675289789886053e-06
9635,5.006146579042968e-06
9636,5.268243961612947e-06
9637,5.326674287218868e-06
9638,4.8917912241851706e-06
9639,4.709443640416419e-06
9640,5.263471491080283e-06
9641,5.139157533427124e-06
9642,4.385218505825679e-06
9643,3.7110152949013815e-06
9644,4.0545908704126645e-06
9645,5.098126995192608e-06
9646,4.497641820581322e-06
9647,4.531105242519557e-06
9648,5.20128886381967e-06
9649,5.464019797177307e-06
9650,7.88421515456088e-06
9651,7.534255874299654e-06
9652,9.185444139059078e-06
9653,1.0095082824068432e-05
9654,8.88123481558148e-06
9655,8.505781263515239e-06
9656,7.822330515564716e-06
9657,7.519988502513459e-06
9658,6.659098626334441e-06
9659,7.603168847229888e-06
9660,9.238987345779514e-06
9661,1.0366673052090097e-05
9662,1.037865460047114e-05
9663,1.0094256353098892e-05
9664,1.1245546463779216e-05
9665,1.1265062414276636e-05
9666,9.76995766121549e-06
9667,1.0102708003151772e-05
9668,9.291512602076713e-06
9669,9.317498368761767e-06
9670,1.0092238862866617e-05
9671,1.0653022686416196e-05
9672,1.046090043460105e-05
9673,1.1940477649783725e-05
9674,1.274510708354266e-05
9675,1.781072784316132e-05
9676,1.852102879928117e-05
9677,1.830482070168457e-05
9678,1.9601566810884904e-05
9679,1.908973388134087e-05
9680,1.8095231463752237e-05
9681,1.6851009895013755e-05
9682,1.5024458164481603e-05
9683,1.2469541167553028e-05
9684,1.478383533000185e-05
9685,1.366084156936058e-05
9686,1.260811472264496e-05
9687,1.2594971164263576e-05
9688,1.9152896471805927e-05
9689,2.0187844477253935e-05
9690,2.051867837745239e-05
9691,1.2796933937641962e-05
9692,1.2508347746498997e-05
9693,1.2640682573916445e-05
9694,1.1175545504976884e-05
9695,1.0176605978851822e-05
9696,1.0003824836434157e-05
9697,1.0778136807440779e-05
9698,9.086276657344763e-06
9699,7.076273986465548e-06
9700,7.843239360709558e-06
9701,7.265966321157966e-06
9702,7.478489904440581e-06
9703,8.53801771445896e-06
9704,7.079574333475061e-06
9705,6.482190460378238e-06
9706,6.190847404836057e-06
9707,6.259212300278903e-06
9708,7.347237636270478e-06
9709,7.5319703232734265e-06
9710,5.758118847156539e-06
9711,4.950396388244661e-06
9712,8.82942556434109e-06
9713,9.625216614793114e-06
9714,5.561608328404551e-06
9715,4.605832169931728e-06
9716,4.9613625633591355e-06
9717,5.646916620880646e-06
9718,5.2108188146379505e-06
9719,5.652185180292786e-06
9720,7.2688720246964205e-06
9721,8.048381847967283e-06
9722,6.533799374778113e-06
9723,4.610655151933825e-06
9724,4.534448705739462e-06
9725,3.4571426567742233e-06
9726,3.3102254274969806e-06
9727,4.027246386786059e-06
9728,3.6260820137392224e-06
9729,3.439235582065843e-06
9730,4.049968296211772e-06
9731,3.729450056708204e-06
9732,3.659808671684666e-06
9733,3.7404726656838832e-06
9734,6.7836844189294535e-06
9735,8.571531063537348e-06
9736,1.1190246930139328e-05
9737,1.2813907779919581e-05
9738,1.4044582205006695e-05
9739,1.4659542586747841e-05
9740,9.090881325553015e-06
9741,9.085397297714339e-06
9742,9.695827388135408e-06
9743,8.949017106138314e-06
9744,1.1146221448206826e-05
9745,8.160445980594965e-06
9746,6.7723601309841995e-06
9747,8.432924172833208e-06
9748,8.598902587639321e-06
9749,7.156884152533978e-06
9750,5.147573328681088e-06
9751,4.38647634515114e-06
9752,4.983402636809823e-06
9753,5.406877664749043e-06
9754,4.838821533369655e-06
9755,4.854884135659726e-06
9756,4.905842667943525e-06
9757,5.935940901339805e-06
9758,8.494435186203461e-06
9759,8.11882215823718e-06
9760,7.409923053754192e-06
9761,6.899626835317487e-06
9762,6.623486328076614e-06
9763,5.963240142324686e-06
9764,4.823682384650733e-06
9765,6.4555803791339275e-06
9766,5.932873281354604e-06
9767,6.984318843637268e-06
9768,8.350763783624296e-06
9769,8.95675466871158e-06
9770,9.609376148052957e-06
9771,7.29283799472028e-06
9772,8.7487020129824e-06
9773,1.2366880785238515e-05
9774,1.8077178796440435e-05
9775,1.7814442980297764e-05
9776,1.470206405853157e-05
9777,1.57870612176654e-05
9778,1.6811565521507206e-05
9779,1.3997896031863293e-05
9780,1.4891705334297682e-05
9781,1.628746669038743e-05
9782,1.9999579310748785e-05
9783,1.6593550030193563e-05
9784,1.4207180931575867e-05
9785,9.415794684781827e-06
9786,6.941450638746617e-06
9787,5.009429897790493e-06
9788,4.590583485497702e-06
9789,3.9897423284191e-06
9790,3.6216216475210816e-06
9791,4.608641718232543e-06
9792,5.156896511809276e-06
9793,3.955592639549071e-06
9794,3.4372386430263237e-06
9795,2.987783073142582e-06
9796,3.0047374204650664e-06
9797,2.9875013584583882e-06
9798,2.680515384051071e-06
9799,2.753469938224889e-06
9800,2.8837418189592948e-06
9801,3.4584412660429363e-06
9802,3.808281424453102e-06
9803,5.719493801195708e-06
9804,5.3917115591673005e-06
9805,6.3337571916421125e-06
9806,6.807495580049408e-06
9807,5.7902238409897725e-06
9808,4.880424152270077e-06
9809,3.947628189104987e-06
9810,2.958670042000069e-06
9811,2.9184279048481606e-06
9812,2.8537082352806557e-06
9813,2.8652247353571567e-06
9814,3.228052940817971e-06
9815,2.9920227736355816e-06
9816,2.6107793091522947e-06
9817,2.5380582865670856e-06
9818,2.3453896052006463e-06
9819,2.5079760362124344e-06
9820,2.308383084565648e-06
9821,2.013205830902657e-06
9822,2.2128376450896875e-06
9823,2.684081063214417e-06
9824,2.5162171566684095e-06
9825,2.5712716814685858e-06
9826,2.797574434093219e-06
9827,3.2842532119623665e-06
9828,3.0635787674684456e-06
9829,2.8972592465672596e-06
9830,3.023760235479931e-06
9831,3.5446872661544064e-06
9832,4.0781290636939835e-06
9833,5.838773791081874e-06
9834,8.619117233796996e-06
9835,6.98966797374673e-06
9836,6.047113214736809e-06
9837,5.2071802334904165e-06
9838,5.804980306606638e-06
9839,5.639895735617313e-06
9840,5.881108551439929e-06
9841,3.973392351671895e-06
9842,4.361011178530948e-06
9843,3.98038281993561e-06
9844,4.288117357448021e-06
9845,4.018444631253929e-06
9846,3.2686641401540652e-06
9847,3.2389129446865854e-06
9848,3.5238702810707886e-06
9849,3.001003582408177e-06
9850,3.7885011812323307e-06
9851,4.082475189643783e-06
9852,4.576611054839667e-06
9853,4.473634617104253e-06
9854,5.882558958039823e-06
9855,4.736410581413753e-06
9856,4.470262616413296e-06
9857,3.809873725867138e-06
9858,4.802216010068462e-06
9859,4.147435054387321e-06
9860,4.3821486204194665e-06
9861,5.0446819332490545e-06
9862,6.088052918768285e-06
9863,5.295412552578866e-06
9864,5.838687988883864e-06
9865,6.953046744217683e-06
9866,7.307611235750875e-06
9867,8.854639105319573e-06
9868,7.9327011301214e-06
9869,9.111611614849649e-06
9870,7.356187818956003e-06
9871,7.124234609295058e-06
9872,6.880233282744713e-06
9873,7.688494743629496e-06
9874,9.897155017922698e-06
9875,1.0934436618776982e-05
9876,1.303940058431686e-05
9877,1.1287191560304744e-05
9878,1.2016046129677838e-05
9879,1.1041448572292122e-05
9880,7.86611930806636e-06
9881,7.524397305810197e-06
9882,8.349740143422492e-06
9883,9.998995685659862e-06
9884,8.914812223269814e-06
9885,8.821927237424143e-06
9886,8.442202529155273e-06
9887,7.301798693537521e-06
9888,8.216116076159424e-06
9889,8.717851760340788e-06
9890,1.069122221145072e-05
9891,1.3600635296308522e-05
9892,1.2503186963914333e-05
9893,1.1182970977063258e-05
9894,9.281521934488496e-06
9895,9.824643758172852e-06
9896,8.34864253721165e-06
9897,7.3492783961748505e-06
9898,8.954723682486591e-06
9899,1.0160591973927066e-05
9900,1.0367110876847628e-05
9901,8.941964909598018e-06
9902,1.0198333938319823e-05
9903,9.48604842882522e-06
9904,8.919288852777879e-06
9905,9.642571793800703e-06
9906,6.463214422360054e-06
9907,6.453774475765167e-06
9908,1.3422498341103226e-05
9909,1.264461637501727e-05
9910,1.3801415120880923e-05
9911,1.521139411545868e-05
9912,1.3596042224420392e-05
9913,1.8401001991995336e-05
9914,1.7373132437949406e-05
9915,1.589636859110823e-05
9916,1.1730097904998625e-05
9917,8.060111959838218e-06
9918,8.412357455838438e-06
9919,8.483882363889568e-06
9920,9.140470593732592e-06
9921,6.967281969291628e-06
9922,6.4195322352715014e-06
9923,5.844922342914534e-06
9924,4.6397799886945745e-06
9925,4.200009328338765e-06
9926,4.012865388971705e-06
9927,4.2572631718877145e-06
9928,4.4594951847635965e-06
9929,4.714521696345515e-06
9930,4.710028122281883e-06
9931,4.398332845021373e-06
9932,5.302510906517344e-06
9933,6.3830841224196656e-06
9934,8.819548658990642e-06
9935,8.416560936237899e-06
9936,8.734924604850397e-06
9937,9.14654584206594e-06
9938,1.1814141156914119e-05
9939,1.1867633712863345e-05
9940,1.1310673909333316e-05
9941,1.350750025747739e-05
9942,7.5681087853439695e-06
9943,5.97776350310529e-06
9944,6.29041858052157e-06
9945,7.109287545863667e-06
9946,7.06104142802955e-06
9947,6.251690201295514e-06
9948,8.955564268199369e-06
9949,8.343674792558439e-06
9950,9.470057470680391e-06
9951,9.877732784905933e-06
9952,7.576025758972875e-06
9953,6.889722881641682e-06
9954,6.176596874152152e-06
9955,5.702559556544435e-06
9956,4.618625201525821e-06
9957,4.082828293544455e-06
9958,4.1496804836084906e-06
9959,3.966799831781244e-06
9960,4.439220964649688e-06
9961,4.131530961812745e-06
9962,4.737554155635524e-06
9963,4.060054019018224e-06
9964,5.334379686567711e-06
9965,6.043640491658533e-06
9966,6.756289059121874e-06
9967,7.352251771728711e-06
9968,6.766946923787153e-06
9969,4.89798827861492e-06
9970,3.931842011662776e-06
9971,3.859109473905312e-06
9972,4.00641879942515e-06
9973,5.472818117287812e-06
9974,6.960010102208688e-06
9975,8.712663367683908e-06
9976,8.607764784593069e-06
9977,9.959654807325711e-06
9978,1.1686380247843594e-05
9979,1.0854233504614729e-05
9980,1.3712471499458478e-05
9981,1.0983164659919464e-05
9982,9.848842900060465e-06
9983,8.490042007927984e-06
9984,7.993253040378017e-06
9985,7.040640795610445e-06
9986,5.8299084341952485e-06
9987,4.505715399948052e-06
9988,4.7691657292573495e-06
9989,5.210720571126834e-06
9990,4.7661238458618865e-06
9991,4.839015209786749e-06
9992,5.301312645348613e-06
9993,6.048618821375646e-06
9994,5.194610470068363e-06
9995,4.997952612223859e-06
9996,4.003686779030912e-06
9997,3.474085328726828e-06
9998,2.8137062281249166e-06
9999,2.9185149741451272e-06
