,0
0,5471.2255859375
1,4997.3372802734375
2,4485.666687011719
3,3969.4054565429688
4,3475.2037353515625
5,3041.1368713378906
6,2674.123504638672
7,2328.4290466308594
8,2034.2750244140625
9,1787.4988250732422
10,1584.1171569824219
11,1422.2592468261719
12,1305.5827941894531
13,1238.3724060058594
14,1197.9091491699219
15,1136.6554870605469
16,1070.0558471679688
17,998.484245300293
18,936.2985610961914
19,877.9219284057617
20,826.5829238891602
21,786.0494384765625
22,774.3739471435547
23,740.7726898193359
24,702.1463928222656
25,684.69775390625
26,643.4571380615234
27,609.6170120239258
28,578.8887252807617
29,550.6416320800781
30,523.9512481689453
31,500.0171089172363
32,774.6751747131348
33,811.0519104003906
34,734.3277587890625
35,663.9274063110352
36,603.0632476806641
37,575.7349395751953
38,558.3528594970703
39,540.1590423583984
40,550.871940612793
41,519.9043121337891
42,573.8033142089844
43,812.0198364257812
44,635.3910751342773
45,581.4156723022461
46,552.0076522827148
47,524.8569030761719
48,500.5682258605957
49,478.1954040527344
50,456.40739822387695
51,435.24996185302734
52,414.22237396240234
53,392.31212615966797
54,368.4273109436035
55,340.743106842041
56,319.1082878112793
57,291.36312103271484
58,269.4727439880371
59,246.05364418029785
60,229.8486499786377
61,217.43719863891602
62,206.94756507873535
63,198.0450553894043
64,190.6294460296631
65,183.1413230895996
66,176.22262001037598
67,170.05806922912598
68,164.01621055603027
69,158.15196418762207
70,152.20197868347168
71,147.84409141540527
72,143.73266410827637
73,137.3971004486084
74,133.08706665039062
75,127.84839534759521
76,122.72006702423096
77,117.80605888366699
78,113.98456001281738
79,108.78999042510986
80,104.64514541625977
81,100.66207218170166
82,96.77165412902832
83,93.37234592437744
84,89.70866203308105
85,86.25846290588379
86,82.4663896560669
87,78.98611068725586
88,75.71868515014648
89,73.15439701080322
90,70.28032875061035
91,67.14118480682373
92,67.67149305343628
93,72.39840698242188
94,75.94283676147461
95,62.86787223815918
96,57.593313217163086
97,53.5517578125
98,50.259995460510254
99,47.79052114486694
100,45.53026723861694
101,43.47275924682617
102,41.329331398010254
103,39.39914321899414
104,37.63159799575806
105,35.98540925979614
106,34.36789560317993
107,32.78387379646301
108,31.117746114730835
109,29.77127766609192
110,28.33344292640686
111,27.164465188980103
112,26.17475652694702
113,24.720940351486206
114,23.60144543647766
115,22.438639163970947
116,21.37265110015869
117,20.33613157272339
118,19.363449811935425
119,18.548949241638184
120,17.581594586372375
121,16.95491635799408
122,16.3707754611969
123,15.999340653419495
124,14.773168444633484
125,14.003758072853088
126,13.286263823509216
127,12.616567373275757
128,11.915260553359985
129,11.451148867607117
130,10.907076478004456
131,10.353169798851013
132,9.929987967014313
133,9.360221087932587
134,8.938208878040314
135,8.483413815498352
136,8.17962908744812
137,7.729958772659302
138,7.414562284946442
139,7.083962559700012
140,6.849018692970276
141,6.462188184261322
142,6.18657511472702
143,5.918377637863159
144,5.590051651000977
145,5.330321788787842
146,5.095570266246796
147,4.855451434850693
148,4.594230562448502
149,4.445876985788345
150,4.264322578907013
151,4.066318690776825
152,3.9005391001701355
153,3.7162730991840363
154,3.554753929376602
155,3.3674542903900146
156,3.245322108268738
157,3.081947237253189
158,2.931109696626663
159,2.822112515568733
160,2.7320395708084106
161,2.607505425810814
162,2.5134179294109344
163,2.488941863179207
164,2.381975904107094
165,2.2418321818113327
166,2.149293914437294
167,2.1547301709651947
168,2.003132849931717
169,1.9026354104280472
170,1.8014181703329086
171,1.7617484778165817
172,1.6638452634215355
173,1.5790994092822075
174,1.5324070751667023
175,1.5033411383628845
176,1.5123909711837769
177,1.4893669039011002
178,1.364311344921589
179,1.3321627378463745
180,1.240391418337822
181,1.1987959444522858
182,1.1389787197113037
183,1.1043162196874619
184,1.0309060215950012
185,1.0211005583405495
186,0.9536269754171371
187,0.9332702234387398
188,0.890851367264986
189,0.8769921585917473
190,0.8191579692065716
191,0.8019273392856121
192,0.7951228655874729
193,0.7329443991184235
194,0.7028514742851257
195,0.6756761111319065
196,0.6463160812854767
197,0.625885646790266
198,0.6089366413652897
199,0.6008617430925369
200,0.5962069500237703
201,0.5586788207292557
202,0.5524660758674145
203,0.5421143304556608
204,0.5221817623823881
205,0.49190817028284073
206,0.47702163830399513
207,0.47525436617434025
208,0.4557304438203573
209,0.4202635306864977
210,0.42181869596242905
211,0.398484630510211
212,0.38710067234933376
213,0.3670111168175936
214,0.35665259696543217
215,0.344632288441062
216,0.32852017506957054
217,0.32194588147103786
218,0.30908603500574827
219,0.29691262915730476
220,0.29098404198884964
221,0.28634365275502205
222,0.28475822787731886
223,0.2859593713656068
224,0.2704854318872094
225,0.25949886348098516
226,0.2413344383239746
227,0.23681826796382666
228,0.22248485404998064
229,0.21796910744160414
230,0.21781080588698387
231,0.20948177948594093
232,0.2004189919680357
233,0.19349949806928635
234,0.19034760212525725
235,0.1887512058019638
236,0.18392485473304987
237,0.19839149992913008
238,0.1672846870496869
239,0.16651778295636177
240,0.15475507266819477
241,0.14999650232493877
242,0.14295634161680937
243,0.14135542511940002
244,0.1395619148388505
245,0.1629651221446693
246,0.14367283042520285
247,0.13568299915641546
248,0.13375034648925066
249,0.12243544263765216
250,0.12413498759269714
251,0.1206741826608777
252,0.11247205687686801
253,0.10827841376885772
254,0.10068873688578606
255,0.10486869933083653
256,0.09737449744716287
257,0.08994652889668941
258,0.08651299169287086
259,0.08742242399603128
260,0.0815233001485467
261,0.09016208769753575
262,0.08689278876408935
263,0.09258812386542559
264,0.08976434171199799
265,0.08489175885915756
266,0.0773708769120276
267,0.07518580509349704
268,0.07875167159363627
269,0.06845358246937394
270,0.07787559647113085
271,0.07303422037512064
272,0.07350423978641629
273,0.06704409653320909
274,0.062463147565722466
275,0.06217550323344767
276,0.062001494225114584
277,0.05735044414177537
278,0.056657261680811644
279,0.05298684840090573
280,0.06683178502134979
281,0.07794340793043375
282,0.062164639588445425
283,0.06378751760348678
284,0.0673709474503994
285,0.05765844928100705
286,0.05469376617111266
287,0.059000724693760276
288,0.05083442013710737
289,0.049881413811817765
290,0.0487158817704767
291,0.04726656898856163
292,0.04880683752708137
293,0.05010866234079003
294,0.04419900034554303
295,0.04484153864905238
296,0.053257696563377976
297,0.11918255500495434
298,0.0746280369348824
299,0.05774545017629862
300,0.05280430498532951
301,0.04910479160025716
302,0.041887903586030006
303,0.04295668751001358
304,0.03647386212833226
305,0.036093335365876555
306,0.0365134667372331
307,0.036664384650066495
308,0.03462957730516791
309,0.03557583247311413
310,0.03102504415437579
311,0.03878234070725739
312,0.02962290681898594
313,0.02990316809155047
314,0.030391530832275748
315,0.03061175683978945
316,0.03144612186588347
317,0.03166481456719339
318,0.031396062462590635
319,0.030336040072143078
320,0.026935038156807423
321,0.0271102407714352
322,0.026437407359480858
323,0.029666743706911802
324,0.027408402413129807
325,0.026100031565874815
326,0.02593947248533368
327,0.025974706863053143
328,0.025499918032437563
329,0.028660524054430425
330,0.025343929533846676
331,0.030723827658221126
332,0.030438788002356887
333,0.02468762279022485
334,0.029456879943609238
335,0.03723461215849966
336,0.034621684229932725
337,0.0310204669367522
338,0.03227663366124034
339,0.03429069742560387
340,0.02641133381985128
341,0.023546162992715836
342,0.023249362828209996
343,0.023655175464227796
344,0.018739396706223488
345,0.02405326592270285
346,0.019337641424499452
347,0.024690311984159052
348,0.02622287650592625
349,0.02193937578704208
350,0.020496593904681504
351,0.021127455751411617
352,0.020006701233796775
353,0.021380458027124405
354,0.023969219881109893
355,0.019561980618163943
356,0.03213570057414472
357,0.020869656465947628
358,0.019672094145789742
359,0.018414138699881732
360,0.02453360182698816
361,0.04445811186451465
362,0.070930739864707
363,0.054212799994274974
364,0.04395892331376672
365,0.04221032653003931
366,0.04076432064175606
367,0.04342702589929104
368,0.043959493981674314
369,0.04101356212049723
370,0.026628880063071847
371,0.032787604024633765
372,0.024490568903274834
373,0.03809070750139654
374,0.032193958410061896
375,0.039112393045797944
376,0.028301751939579844
377,0.023098727921023965
378,0.020873908884823322
379,0.023690893431194127
380,0.021176988491788507
381,0.01859046588651836
382,0.01771784492302686
383,0.020700128749012947
384,0.020457730046473444
385,0.01892599498387426
386,0.019391743815504014
387,0.01906484563369304
388,0.016855904133990407
389,0.015997716691344976
390,0.01586528425104916
391,0.01655364769976586
392,0.018726348411291838
393,0.01712932321242988
394,0.021144978469237685
395,0.02110616280697286
396,0.015866156783886254
397,0.02005790511611849
398,0.018330213148146868
399,0.018594635534100235
400,0.020127623109146953
401,0.01749353448394686
402,0.017532168771140277
403,0.019406508305110037
404,0.014732765383087099
405,0.016420525149442255
406,0.016720568062737584
407,0.018974556936882436
408,0.017405965481884778
409,0.026883473619818687
410,0.020563789061270654
411,0.01638770883437246
412,0.014602856361307204
413,0.019087612978182733
414,0.015492386184632778
415,0.019370817113667727
416,0.0188065676484257
417,0.016837211092934012
418,0.013470348319970071
419,0.019799941102974117
420,0.016973418300040066
421,0.015258945059031248
422,0.01629722851794213
423,0.015571664553135633
424,0.015326665830798447
425,0.018568304367363453
426,0.01842637127265334
427,0.020436546066775918
428,0.01808374241227284
429,0.016389497788622975
430,0.014118882827460766
431,0.01826954446732998
432,0.018497869954444468
433,0.016150361858308315
434,0.013491233345121145
435,0.010928185773082078
436,0.011177878885064274
437,0.011552754323929548
438,0.013080791337415576
439,0.014224629907403141
440,0.012630979414097965
441,0.011962879681959748
442,0.011824394518043846
443,0.011948802799452096
444,0.013394647103268653
445,0.010036241554189473
446,0.014159184705931693
447,0.014760532299987972
448,0.013776249485090375
449,0.01159928971901536
450,0.01177021092735231
451,0.01154431962640956
452,0.011667905491776764
453,0.01195767370518297
454,0.011935522430576384
455,0.012949353200383484
456,0.012818236369639635
457,0.01669805875280872
458,0.015708858147263527
459,0.018064641044475138
460,0.014294599066488445
461,0.017990317079238594
462,0.027419558027759194
463,0.022873850539326668
464,0.025486201629973948
465,0.02180591376964003
466,0.020209234906360507
467,0.017147404025308788
468,0.018604638753458858
469,0.01881164382211864
470,0.014403145643882453
471,0.017320834565907717
472,0.026926314458251
473,0.019580089603550732
474,0.015891946386545897
475,0.01488883187994361
476,0.018805747269652784
477,0.016458675148896873
478,0.014658021507784724
479,0.015167956124059856
480,0.01398405886720866
481,0.011205483577214181
482,0.012679233856033534
483,0.011501502944156528
484,0.012399780447594821
485,0.011390532366931438
486,0.012258932692930102
487,0.01616973988711834
488,0.012631513236556202
489,0.01908808294683695
490,0.023403842002153397
491,0.01570448331767693
492,0.01611735427286476
493,0.015503623988479376
494,0.01321535522583872
495,0.012486677034758031
496,0.01271922152955085
497,0.01135392184369266
498,0.011290934169664979
499,0.010119576356373727
500,0.010651174234226346
501,0.010773173999041319
502,0.01101306895725429
503,0.01233463641256094
504,0.01643476914614439
505,0.01318163622636348
506,0.012899786583147943
507,0.013062292360700667
508,0.013136769062839448
509,0.011242623208090663
510,0.014738513971678913
511,0.014789326814934611
512,0.014137525111436844
513,0.015412773587740958
514,0.011830530362203717
515,0.012968147289939225
516,0.011097609996795654
517,0.011081452365033329
518,0.016009555547498167
519,0.020194755750708282
520,0.019947090186178684
521,0.018806332489475608
522,0.022611501859501004
523,0.022721974877640605
524,0.02166234643664211
525,0.019110531080514193
526,0.02214762184303254
527,0.01921341847628355
528,0.018190527916885912
529,0.017668655840680003
530,0.016810562927275896
531,0.018943935283459723
532,0.020012547029182315
533,0.01598975365050137
534,0.015242126770317554
535,0.01560959976632148
536,0.016636247746646404
537,0.020192143158055842
538,0.0176444974495098
539,0.024474985082633793
540,0.027433065581135452
541,0.02698517474345863
542,0.022134747239761055
543,0.024116474436596036
544,0.021762710064649582
545,0.022037404356524348
546,0.02542094513773918
547,0.030023054452612996
548,0.02544639224652201
549,0.0239496654830873
550,0.02823230787180364
551,0.022834322415292263
552,0.01975855545606464
553,0.01745802431832999
554,0.017574925790540874
555,0.019074991228990257
556,0.023615717771463096
557,0.027756780269555748
558,0.0278046514140442
559,0.027601034147664905
560,0.028339267009869218
561,0.02824861800763756
562,0.022414835169911385
563,0.031024483032524586
564,0.030460773967206478
565,0.03252032632008195
566,0.0256537152454257
567,0.028522022534161806
568,0.030981308431364596
569,0.03487651306204498
570,0.028453183127567172
571,0.03312447085045278
572,0.036659431643784046
573,0.03247841959819198
574,0.029208361520431936
575,0.02627372241113335
576,0.029347088187932968
577,0.0439984742552042
578,0.036791483173146844
579,0.027898011961951852
580,0.025648520793765783
581,0.02852352149784565
582,0.026909482665359974
583,0.028493327321484685
584,0.02903662994503975
585,0.025242528412491083
586,0.024656349793076515
587,0.02251327456906438
588,0.02432968933135271
589,0.03026540740393102
590,0.04767487524077296
591,0.0472853877581656
592,0.03946332051418722
593,0.05254794028587639
594,0.055112002650275826
595,0.04180635279044509
596,0.04282022872939706
597,0.06747139967046678
598,0.042182627599686384
599,0.0396972659509629
600,0.04010934033431113
601,0.042270148172974586
602,0.0433383584022522
603,0.0554891771171242
604,0.056737301871180534
605,0.064686912111938
606,0.07300533447414637
607,0.06766731338575482
608,0.07137201074510813
609,0.0656587709672749
610,0.06734000565484166
611,0.06070628250017762
612,0.07041487749665976
613,0.061551233287900686
614,0.0921610496006906
615,0.128575277980417
616,0.15410808706656098
617,0.11902303155511618
618,0.12312268326058984
619,0.10417193546891212
620,0.11253015883266926
621,0.10146705433726311
622,0.09774467814713717
623,0.09088623570278287
624,0.10823994362726808
625,0.1147594777867198
626,0.1203170781955123
627,0.11112022399902344
628,0.1061279377900064
629,0.10848965123295784
630,0.1134100304916501
631,0.1195155717432499
632,0.12765411660075188
633,0.1369839757680893
634,0.14870658610016108
635,0.15055287815630436
636,0.16816776990890503
637,0.19028450176119804
638,0.1478940797969699
639,0.14396922290325165
640,0.15287500992417336
641,0.13166600838303566
642,0.13138742931187153
643,0.15499687660485506
644,0.14264906384050846
645,0.15739750303328037
646,0.18244751542806625
647,0.1828834731131792
648,0.2148403599858284
649,0.20924763567745686
650,0.2052068542689085
651,0.20608101598918438
652,0.18733600340783596
653,0.23305612057447433
654,0.22247835621237755
655,0.27816906571388245
656,0.25204051099717617
657,0.24475684203207493
658,0.2681899257004261
659,0.2592701520770788
660,0.25808519311249256
661,0.30826148204505444
662,0.24595673941075802
663,0.3053585309535265
664,0.3153178710490465
665,0.3102870974689722
666,0.32590242475271225
667,0.33511000126600266
668,0.33559941686689854
669,0.41066361777484417
670,0.43564063124358654
671,0.42965611815452576
672,0.4490346387028694
673,0.4255191273987293
674,0.4549429155886173
675,0.5123942270874977
676,0.5368106849491596
677,0.5831215791404247
678,0.5304742902517319
679,0.4581530876457691
680,0.41069597750902176
681,0.5203966684639454
682,0.489290289580822
683,0.506414495408535
684,0.5054687410593033
685,0.4936494119465351
686,0.497077789157629
687,0.5143372602760792
688,0.48652274906635284
689,0.5033742375671864
690,0.4542711712419987
691,0.4173326827585697
692,0.37433655373752117
693,0.33294052816927433
694,0.27846723422408104
695,0.29729062877595425
696,0.290866257622838
697,0.3386098723858595
698,0.30164686776697636
699,0.3086597938090563
700,0.39138757809996605
701,0.39296985417604446
702,0.38412120193243027
703,0.41412789188325405
704,0.4529494009912014
705,0.41386815905570984
706,0.329384395852685
707,0.32607927918434143
708,0.2771456688642502
709,0.32996005192399025
710,0.330393573269248
711,0.24959096871316433
712,0.271154073998332
713,0.2680359520018101
714,0.3241588696837425
715,0.3525558337569237
716,0.3103292044252157
717,0.3862658590078354
718,0.48097845166921616
719,0.46345573477447033
720,0.4629333019256592
721,0.5602792352437973
722,0.5027711726725101
723,0.5417840220034122
724,0.5921959280967712
725,0.5114143565297127
726,0.579979907721281
727,0.6010800637304783
728,0.5302193462848663
729,0.6148066744208336
730,0.6348389200866222
731,0.7359666377305984
732,0.6940822079777718
733,0.7692339569330215
734,0.6861297264695168
735,0.8246518634259701
736,0.6770613789558411
737,0.7291156128048897
738,0.650389663875103
739,0.5642226934432983
740,0.518980085849762
741,0.624567061662674
742,0.5528061836957932
743,0.550221398472786
744,0.5030262656509876
745,0.38936494663357735
746,0.39987638406455517
747,0.3941834308207035
748,0.4302408769726753
749,0.46291982010006905
750,0.44376398250460625
751,0.5206103473901749
752,0.5487860329449177
753,0.5687798634171486
754,0.4953761547803879
755,0.559949230402708
756,0.500043373554945
757,0.49596794322133064
758,0.454415462911129
759,0.5394013747572899
760,0.526446994394064
761,0.481908455491066
762,0.4482494369149208
763,0.4519437178969383
764,0.4804893136024475
765,0.5409664921462536
766,0.4879598058760166
767,0.5911247357726097
768,0.4173026382923126
769,0.5868055745959282
770,0.6203504502773285
771,0.576197974383831
772,0.5524558536708355
773,0.5284985098987818
774,0.5198086574673653
775,0.5098758824169636
776,0.5617324486374855
777,0.5432765521109104
778,0.5329559482634068
779,0.5328419990837574
780,0.5677404664456844
781,0.6286171972751617
782,0.667171273380518
783,0.6454456523060799
784,0.5387894287705421
785,0.46368827670812607
786,0.4814264066517353
787,0.40405479446053505
788,0.4293670244514942
789,0.3621531594544649
790,0.3585860878229141
791,0.31044309958815575
792,0.28542836755514145
793,0.2641493193805218
794,0.27035187650471926
795,0.2684974614530802
796,0.2676761858165264
797,0.2567534428089857
798,0.22984851244837046
799,0.23639507964253426
800,0.21869644057005644
801,0.22679828200489283
802,0.20436164177954197
803,0.18759749457240105
804,0.1437462456524372
805,0.14230686984956264
806,0.13679468724876642
807,0.11884444393217564
808,0.12750643445178866
809,0.11096529010683298
810,0.1011591530404985
811,0.11802595667541027
812,0.12742119003087282
813,0.14446327183395624
814,0.1658829404041171
815,0.16034394595772028
816,0.17791066225618124
817,0.1474826280027628
818,0.1633326467126608
819,0.14699574187397957
820,0.13214581552892923
821,0.15947365667670965
822,0.14557716809213161
823,0.13580995751544833
824,0.1813732273876667
825,0.16090335743501782
826,0.13075417280197144
827,0.12319271359592676
828,0.16291440278291702
829,0.17196823004633188
830,0.17593776993453503
831,0.18486356176435947
832,0.19049997627735138
833,0.143740420229733
834,0.1546054696664214
835,0.17295949812978506
836,0.22918754536658525
837,0.2324333544820547
838,0.19089329661801457
839,0.21994701121002436
840,0.2613728968426585
841,0.24634386040270329
842,0.3334198333323002
843,0.2723598796874285
844,0.2836949899792671
845,0.3264407739043236
846,0.36511155776679516
847,0.47573679126799107
848,0.5420610122382641
849,0.43451735377311707
850,0.3947492241859436
851,0.4801242742687464
852,0.4264819100499153
853,0.5045125186443329
854,0.48168768733739853
855,0.46908021718263626
856,0.49495363235473633
857,0.5380817539989948
858,0.5823734141886234
859,0.7969212383031845
860,0.8222064822912216
861,0.8839127793908119
862,0.8097040578722954
863,0.9650782197713852
864,1.0551477149128914
865,1.1036023870110512
866,0.9479637295007706
867,1.063742756843567
868,1.1427059546113014
869,1.121684469282627
870,0.9798240140080452
871,1.0606207251548767
872,1.2416706308722496
873,1.3161573559045792
874,1.3106906041502953
875,1.4562075734138489
876,1.2265609800815582
877,1.2262161523103714
878,1.1010234355926514
879,1.020431563258171
880,1.0186484679579735
881,1.1158140301704407
882,1.0171007812023163
883,1.0046721994876862
884,0.8580904975533485
885,0.7923688404262066
886,0.6980865225195885
887,0.6696610078215599
888,0.6541827991604805
889,0.5851188525557518
890,0.6278986372053623
891,0.7778483480215073
892,0.7990241944789886
893,0.8265192285180092
894,0.8376625552773476
895,0.8904477432370186
896,0.9481307044625282
897,0.984152153134346
898,0.9067318625748158
899,0.7493140213191509
900,0.8511706851422787
901,0.76646563783288
902,0.7144181951880455
903,0.5682064145803452
904,0.5121158249676228
905,0.5043765194714069
906,0.4648687206208706
907,0.4905642680823803
908,0.4150578435510397
909,0.4094072598963976
910,0.5008499268442392
911,0.44518972747027874
912,0.4076118841767311
913,0.3864976316690445
914,0.4169131703674793
915,0.4057353977113962
916,0.4443555846810341
917,0.40828409418463707
918,0.4391174130141735
919,0.47237617895007133
920,0.4484569765627384
921,0.4344653654843569
922,0.36090613901615143
923,0.32859038189053535
924,0.3229884020984173
925,0.3289379347115755
926,0.41802598908543587
927,0.3266350030899048
928,0.3214385248720646
929,0.3363190311938524
930,0.27380774542689323
931,0.302407817915082
932,0.28817698918282986
933,0.26755406614392996
934,0.22959556244313717
935,0.20764918252825737
936,0.18326458614319563
937,0.2362109012901783
938,0.2432494107633829
939,0.24415340181440115
940,0.21450035274028778
941,0.21709754038602114
942,0.21018343046307564
943,0.2752337846904993
944,0.20322683453559875
945,0.1792725706472993
946,0.21309365797787905
947,0.23997247405350208
948,0.27138091437518597
949,0.2537701930850744
950,0.2770950309932232
951,0.2946362439543009
952,0.2963809035718441
953,0.2543504433706403
954,0.32760199159383774
955,0.20382215827703476
956,0.20025520119816065
957,0.24371244385838509
958,0.24315871112048626
959,0.24608464539051056
960,0.23112708888947964
961,0.24409170169383287
962,0.25993651151657104
963,0.31590941175818443
964,0.3510016296058893
965,0.38639938086271286
966,0.38029155880212784
967,0.4284193739295006
968,0.5328403804451227
969,0.5027110874652863
970,0.47919099405407906
971,0.6610898971557617
972,0.6954457834362984
973,0.5861376635730267
974,0.6246264353394508
975,0.5823734775185585
976,0.6669366359710693
977,0.6770628094673157
978,0.6408131420612335
979,0.6061361581087112
980,0.6466450653970242
981,0.6469025835394859
982,0.6072949022054672
983,0.49670206010341644
984,0.5448909997940063
985,0.4325144775211811
986,0.455736443400383
987,0.5338942855596542
988,0.43282730504870415
989,0.49933750554919243
990,0.4966884106397629
991,0.5077743604779243
992,0.5014104209840298
993,0.415148239582777
994,0.3837365750223398
995,0.37074160762131214
996,0.3868392836302519
997,0.38572010956704617
998,0.44065042585134506
999,0.3922404572367668
1000,0.34495557099580765
1001,0.32633648440241814
1002,0.3133034761995077
1003,0.34332992509007454
1004,0.40394747629761696
1005,0.40055769123136997
1006,0.3988186623901129
1007,0.4639844633638859
1008,0.46379292011260986
1009,0.48585115373134613
1010,0.5216974951326847
1011,0.5245800167322159
1012,0.5900367759168148
1013,0.5787600260227919
1014,0.4901066720485687
1015,0.8654140569269657
1016,0.6669659651815891
1017,0.7317779548466206
1018,0.7660290449857712
1019,0.7644593752920628
1020,0.6743952371180058
1021,0.6517491713166237
1022,0.6310485079884529
1023,0.6500590816140175
1024,0.5750893205404282
1025,0.7001891434192657
1026,0.7755988165736198
1027,0.8960750624537468
1028,0.8899594210088253
1029,0.8479492962360382
1030,0.8284931555390358
1031,0.7945453822612762
1032,0.6293545924127102
1033,0.6541480161249638
1034,0.545705035328865
1035,0.542106531560421
1036,0.5909232962876558
1037,0.5034774430096149
1038,0.5326774269342422
1039,0.48745229840278625
1040,0.5023986026644707
1041,0.39476948231458664
1042,0.33918727561831474
1043,0.34224895760416985
1044,0.3595370315015316
1045,0.36398597806692123
1046,0.3747042790055275
1047,0.35334422439336777
1048,0.3704521432518959
1049,0.3279472328722477
1050,0.2795041613280773
1051,0.34804466366767883
1052,0.31086021196097136
1053,0.2624943498522043
1054,0.2686361148953438
1055,0.2596603073179722
1056,0.2630860172212124
1057,0.2424101922661066
1058,0.223382281139493
1059,0.26135153882205486
1060,0.2720473501831293
1061,0.24906652607023716
1062,0.26296356227248907
1063,0.28861899860203266
1064,0.22982944548130035
1065,0.20216841623187065
1066,0.23641933873295784
1067,0.1711254557594657
1068,0.2081622490659356
1069,0.18660842906683683
1070,0.21167333610355854
1071,0.25412630289793015
1072,0.270444193854928
1073,0.23779441229999065
1074,0.30547115951776505
1075,0.297535153105855
1076,0.32282416336238384
1077,0.30891251377761364
1078,0.4212399385869503
1079,0.4661809168756008
1080,0.45940178260207176
1081,0.5011422671377659
1082,0.5825398378074169
1083,0.48884792998433113
1084,0.6755217835307121
1085,0.6068306639790535
1086,0.6299317665398121
1087,0.631652045994997
1088,0.6355047151446342
1089,0.722473680973053
1090,0.6702415831387043
1091,0.6330518946051598
1092,0.6876029223203659
1093,0.6900407485663891
1094,0.5872387625277042
1095,0.5071218106895685
1096,0.5052699707448483
1097,0.5889928787946701
1098,0.6202679239213467
1099,0.5231784395873547
1100,0.6319496780633926
1101,0.6408619694411755
1102,0.729611624032259
1103,0.7368278726935387
1104,0.6420704498887062
1105,0.6352912113070488
1106,0.6175542585551739
1107,0.5787118934094906
1108,0.6212234199047089
1109,0.5448392666876316
1110,0.5430246368050575
1111,0.6106918044388294
1112,0.5470101349055767
1113,0.5607385635375977
1114,0.5598081760108471
1115,0.5194990783929825
1116,0.5208032205700874
1117,0.5689056739211082
1118,0.6429487355053425
1119,0.6499485224485397
1120,0.6169091910123825
1121,0.6107736006379128
1122,0.6468742601573467
1123,0.7717517800629139
1124,0.7329899594187737
1125,0.722231075167656
1126,0.7355485633015633
1127,0.7540516741573811
1128,0.8029637783765793
1129,0.7584720477461815
1130,0.8305584937334061
1131,0.9005094468593597
1132,0.834103487432003
1133,0.728812001645565
1134,0.8429580181837082
1135,0.7993980124592781
1136,0.8658033721148968
1137,0.8779738545417786
1138,0.7227708473801613
1139,0.654122568666935
1140,0.5491219609975815
1141,0.550663411617279
1142,0.4764411486685276
1143,0.4011460915207863
1144,0.38115084171295166
1145,0.3870451506227255
1146,0.42566675692796707
1147,0.4238397777080536
1148,0.3978924881666899
1149,0.36754742451012135
1150,0.33244367875158787
1151,0.3263012357056141
1152,0.30310169979929924
1153,0.35228018648922443
1154,0.3019086252897978
1155,0.29216622933745384
1156,0.2817123271524906
1157,0.3435990549623966
1158,0.29679341055452824
1159,0.27092367224395275
1160,0.2502297945320606
1161,0.2230574730783701
1162,0.24895409122109413
1163,0.26370080187916756
1164,0.2923569791018963
1165,0.2550569213926792
1166,0.23685629107058048
1167,0.25893815979361534
1168,0.2535628192126751
1169,0.3122296426445246
1170,0.3034302406013012
1171,0.2452087067067623
1172,0.30324193462729454
1173,0.23624656535685062
1174,0.3409707136452198
1175,0.3029681649059057
1176,0.33779432624578476
1177,0.26058224961161613
1178,0.24430508445948362
1179,0.25373731926083565
1180,0.26510302256792784
1181,0.22041509114205837
1182,0.25900476425886154
1183,0.2780308183282614
1184,0.3838202804327011
1185,0.3338338490575552
1186,0.2904254402965307
1187,0.27347482927143574
1188,0.259869109839201
1189,0.28747341595590115
1190,0.27062623761594296
1191,0.2662081439048052
1192,0.2605094350874424
1193,0.3495537042617798
1194,0.8331225961446762
1195,1.2821213379502296
1196,1.3644004315137863
1197,1.3365707099437714
1198,1.5367780327796936
1199,1.472483366727829
1200,1.5274782925844193
1201,6.129201106727123
1202,1.581474095582962
1203,1.9758661985397339
1204,1.9643593430519104
1205,1.8168605118989944
1206,1.701542854309082
1207,1.342310681939125
1208,1.304837204515934
1209,1.1693425998091698
1210,1.0742789879441261
1211,1.0109819248318672
1212,0.9363859072327614
1213,0.8345829844474792
1214,0.7161612585186958
1215,0.7702896110713482
1216,0.7479167729616165
1217,0.7252909541130066
1218,0.6093840077519417
1219,0.5759178884327412
1220,0.5027373656630516
1221,0.45366157218813896
1222,0.5071343220770359
1223,0.39468928799033165
1224,0.3474353514611721
1225,0.4400021731853485
1226,0.3582479879260063
1227,0.43033796921372414
1228,0.41371220350265503
1229,0.397848978638649
1230,0.3591097705066204
1231,0.425411444157362
1232,0.3906021900475025
1233,0.4340581111609936
1234,0.3653482235968113
1235,0.3718583472073078
1236,0.35768973641097546
1237,0.39228775911033154
1238,0.3560894764959812
1239,0.37475983425974846
1240,0.4069416280835867
1241,0.3385630436241627
1242,0.30770261585712433
1243,0.29346561059355736
1244,0.2283382760360837
1245,0.22098223119974136
1246,0.23803540877997875
1247,0.24103938974440098
1248,0.21085532009601593
1249,0.17560036946088076
1250,0.19996680784970522
1251,0.17791216634213924
1252,0.16456635855138302
1253,0.15752866119146347
1254,0.13599262479692698
1255,0.13093200977891684
1256,0.1274542473256588
1257,0.15350330295041203
1258,0.1322386497631669
1259,0.08790183439850807
1260,0.08576879231259227
1261,0.1008961689658463
1262,0.1090565100312233
1263,0.10587420407682657
1264,0.16923469677567482
1265,0.18795604724436998
1266,0.1570550026372075
1267,0.1365585010498762
1268,0.11726486310362816
1269,0.18132049962878227
1270,0.18117943406105042
1271,0.17965982109308243
1272,0.14562834706157446
1273,0.12602139357477427
1274,0.1263935212045908
1275,0.13074896577745676
1276,0.1627254458144307
1277,0.1604453157633543
1278,0.1498050196096301
1279,0.15587246045470238
1280,0.15137187112122774
1281,0.1529511334374547
1282,0.15368223190307617
1283,0.1750133177265525
1284,0.17347271647304296
1285,0.2306112628430128
1286,0.20202184095978737
1287,0.36720919236540794
1288,0.3233194947242737
1289,0.3344623129814863
1290,0.2365215104073286
1291,0.24574279226362705
1292,0.2945778835564852
1293,0.3281308766454458
1294,0.30507466569542885
1295,0.3018415030092001
1296,0.34072868898510933
1297,0.3534321542829275
1298,0.4126715585589409
1299,0.40831908769905567
1300,0.3950134851038456
1301,0.46912774071097374
1302,0.4826440066099167
1303,0.5290845260024071
1304,0.4109408054500818
1305,0.4259869921952486
1306,0.4203149676322937
1307,0.38941071927547455
1308,0.36193985119462013
1309,0.3930623047053814
1310,0.42961818166077137
1311,0.4663848616182804
1312,0.47404365986585617
1313,0.4981982447206974
1314,0.4866201803088188
1315,0.44325805455446243
1316,0.44878527894616127
1317,0.4795546755194664
1318,0.4875115528702736
1319,0.44300223886966705
1320,0.5042338594794273
1321,0.49259328842163086
1322,0.5650418326258659
1323,0.5749496277421713
1324,0.6224506869912148
1325,0.6956102102994919
1326,0.6405837014317513
1327,0.6797281801700592
1328,0.8306820541620255
1329,0.7794184908270836
1330,0.8622623160481453
1331,0.9794999733567238
1332,0.9157490283250809
1333,0.9945214837789536
1334,1.0113705843687057
1335,0.9216339290142059
1336,0.9212207868695259
1337,1.1126352846622467
1338,1.016227513551712
1339,0.973440945148468
1340,0.8968136981129646
1341,0.7904837280511856
1342,0.8414274007081985
1343,0.7879586890339851
1344,0.6925615482032299
1345,0.6000686138868332
1346,0.5979040693491697
1347,0.5872347392141819
1348,0.43731405958533287
1349,0.4475634954869747
1350,0.4106225147843361
1351,0.4347527138888836
1352,0.46906603500247
1353,0.4644070193171501
1354,0.47993360832333565
1355,0.4749269485473633
1356,0.4280184246599674
1357,0.40027462877333164
1358,0.40352701023221016
1359,0.3242959827184677
1360,0.31580743566155434
1361,0.3280576057732105
1362,0.3113727755844593
1363,0.3074118196964264
1364,0.31498362123966217
1365,0.35422674752771854
1366,0.396213810890913
1367,0.37305703945457935
1368,0.4109548442065716
1369,0.4844876676797867
1370,0.5097940936684608
1371,0.6414971947669983
1372,0.732627771794796
1373,0.696095809340477
1374,0.5852429606020451
1375,0.5557166896760464
1376,0.6197721064090729
1377,0.6101837567985058
1378,0.5175991654396057
1379,0.4721835218369961
1380,0.45762966573238373
1381,0.48690876364707947
1382,0.4121459908783436
1383,0.4505206272006035
1384,0.406216936185956
1385,0.4542800486087799
1386,0.4363204389810562
1387,0.402150709182024
1388,0.3780732788145542
1389,0.3466317430138588
1390,0.3833133094012737
1391,0.3420178946107626
1392,0.3575457204133272
1393,0.4024120755493641
1394,0.3510142769664526
1395,0.32080247066915035
1396,0.332799319177866
1397,0.34043800458312035
1398,0.34428696893155575
1399,0.4050394631922245
1400,0.5006013065576553
1401,0.4593125656247139
1402,0.45112963020801544
1403,0.4007481038570404
1404,0.4274690058082342
1405,0.38711338490247726
1406,0.3769516497850418
1407,0.3695859834551811
1408,0.38544568605720997
1409,0.40017634630203247
1410,0.35460831690579653
1411,0.32614895328879356
1412,0.32186303846538067
1413,0.2915029190480709
1414,0.25663549825549126
1415,0.2157044019550085
1416,0.24924590811133385
1417,0.28222413267940283
1418,0.2995310667902231
1419,0.33205370604991913
1420,0.40336279943585396
1421,0.32795422710478306
1422,0.30227017775177956
1423,0.30971119180321693
1424,0.30894325859844685
1425,0.2838252820074558
1426,0.28045177459716797
1427,0.30588529258966446
1428,0.2523028925061226
1429,0.21777481213212013
1430,0.24190722964704037
1431,0.2597224432975054
1432,0.25251791067421436
1433,0.27154182456433773
1434,0.2647019336000085
1435,0.27412509731948376
1436,0.248954763635993
1437,0.3282724544405937
1438,0.3811999186873436
1439,0.40023750998079777
1440,0.43087010085582733
1441,0.418367363512516
1442,0.39932164177298546
1443,0.36599868908524513
1444,0.35211503505706787
1445,0.4523356594145298
1446,0.626846045255661
1447,0.5895373225212097
1448,0.6766575276851654
1449,0.6815679743885994
1450,0.6210412755608559
1451,0.6585196480154991
1452,0.5870363898575306
1453,0.5403950177133083
1454,0.530234145000577
1455,0.5651970505714417
1456,0.5143123529851437
1457,0.5672128535807133
1458,0.5338976159691811
1459,0.4905758798122406
1460,0.5215724557638168
1461,0.5070842653512955
1462,0.506101168692112
1463,0.5227861739695072
1464,0.6098590902984142
1465,0.5705817379057407
1466,0.6535317488014698
1467,0.7410336770117283
1468,0.799446165561676
1469,0.6697103828191757
1470,0.602845773100853
1471,0.5564349368214607
1472,0.599929828196764
1473,0.45999136567115784
1474,0.48007960617542267
1475,0.4729597494006157
1476,0.43139239586889744
1477,0.4516569320112467
1478,0.4559568800032139
1479,0.5385341309010983
1480,0.46821358799934387
1481,0.4747597947716713
1482,0.41704919189214706
1483,0.35299533046782017
1484,0.4322998374700546
1485,0.41718773916363716
1486,0.41467098519206047
1487,0.4385833330452442
1488,0.4627530910074711
1489,0.5005315989255905
1490,0.467309657484293
1491,0.42235945351421833
1492,0.48118260130286217
1493,0.5183627083897591
1494,0.6082046031951904
1495,0.6653064712882042
1496,1.0856025367975235
1497,1.2967354655265808
1498,1.243594154715538
1499,1.1290318071842194
1500,1.0513280108571053
1501,1.0040202885866165
1502,0.9128511771559715
1503,0.7327985540032387
1504,0.5808114856481552
1505,0.6059400327503681
1506,0.5588687844574451
1507,0.5881399996578693
1508,0.476972371339798
1509,0.369033869355917
1510,0.3553427681326866
1511,0.317980632185936
1512,0.3667114209383726
1513,0.314062487334013
1514,0.3023476880043745
1515,0.27143887616693974
1516,0.26586698926985264
1517,0.3201038222759962
1518,0.30350015312433243
1519,0.29575328528881073
1520,0.24533426761627197
1521,0.2576192207634449
1522,0.2136974073946476
1523,0.22281541116535664
1524,0.18163854535669088
1525,0.16020698100328445
1526,0.1479125702753663
1527,0.1499645821750164
1528,0.15534632932394743
1529,0.15251297689974308
1530,0.10889723896980286
1531,0.11951192654669285
1532,0.1160234808921814
1533,0.1390812313184142
1534,0.11345058446750045
1535,0.12870457395911217
1536,0.11632798053324223
1537,0.11015394981950521
1538,0.12629617471247911
1539,0.11573658557608724
1540,0.15785932634025812
1541,0.12410957552492619
1542,0.1340487003326416
1543,0.10911746975034475
1544,0.09656874183565378
1545,0.10405705031007528
1546,0.10068694269284606
1547,0.13506480772048235
1548,0.12137001752853394
1549,0.13446353934705257
1550,0.12604328617453575
1551,0.1280105891637504
1552,0.11725446861237288
1553,0.12072828318923712
1554,0.15000269189476967
1555,0.15661465330049396
1556,0.16900430712848902
1557,0.17120813205838203
1558,0.18351935036480427
1559,0.18555082380771637
1560,0.17234062124043703
1561,0.16006058640778065
1562,0.1845346912741661
1563,0.18192744255065918
1564,0.19203860685229301
1565,0.19288058672100306
1566,0.21630968153476715
1567,0.21155066043138504
1568,0.2514465022832155
1569,0.2391770165413618
1570,0.34136574529111385
1571,0.3105678837746382
1572,0.3256586492061615
1573,0.31001946702599525
1574,0.3605932164937258
1575,0.37648899480700493
1576,0.44252609461545944
1577,0.4278768040239811
1578,0.46164852380752563
1579,0.5288842581212521
1580,0.54574029520154
1581,0.6021992526948452
1582,0.6779265329241753
1583,0.8126295991241932
1584,0.786120668053627
1585,1.051128901541233
1586,0.9868620932102203
1587,0.8778694495558739
1588,1.0037095919251442
1589,1.1584096997976303
1590,1.318209856748581
1591,1.7294954359531403
1592,1.8108844012022018
1593,2.1975546777248383
1594,2.013267397880554
1595,2.0422880351543427
1596,1.716546043753624
1597,1.537577971816063
1598,1.3879961520433426
1599,1.1523562222719193
1600,1.121352031826973
1601,0.9050846248865128
1602,0.8366111665964127
1603,0.7087254524230957
1604,0.5977020040154457
1605,0.5719276294112206
1606,0.589597798883915
1607,0.5596582852303982
1608,0.5569469481706619
1609,0.5058087110519409
1610,0.45897964760661125
1611,0.4205539748072624
1612,0.40955765545368195
1613,0.3790762424468994
1614,0.4092146437615156
1615,0.38674718141555786
1616,0.4302118197083473
1617,0.3542674891650677
1618,0.31933976151049137
1619,0.2832937818020582
1620,0.2587749920785427
1621,0.2527084667235613
1622,0.2084825010970235
1623,0.2139209294691682
1624,0.17029238678514957
1625,0.16950061824172735
1626,0.1591849233955145
1627,0.14436001610010862
1628,0.13694230653345585
1629,0.11898773442953825
1630,0.11294310260564089
1631,0.12123064696788788
1632,0.1408238811418414
1633,0.16081938799470663
1634,0.13539577461779118
1635,0.1393061950802803
1636,0.1771536460146308
1637,0.18820996023714542
1638,0.19633165281265974
1639,0.1650847801938653
1640,0.1414113799110055
1641,0.13699341285973787
1642,0.1058133002370596
1643,0.11757784150540829
1644,0.11009083827957511
1645,0.10088160634040833
1646,0.10050640301778913
1647,0.11009531933814287
1648,0.09084803285077214
1649,0.08419016376137733
1650,0.08153035677969456
1651,0.08818301279097795
1652,0.08889592764899135
1653,0.08963206456974149
1654,0.09595358092337847
1655,0.08829675987362862
1656,0.08651299402117729
1657,0.09722221130505204
1658,0.09950835350900888
1659,0.09288788307458162
1660,0.0842677797190845
1661,0.09165222197771072
1662,0.0954695325344801
1663,0.08951946627348661
1664,0.08381434995681047
1665,0.09024605294689536
1666,0.08621800411492586
1667,0.07766126142814755
1668,0.0931590418331325
1669,0.12110007088631392
1670,0.1390555864199996
1671,0.12108715018257499
1672,0.13682442717254162
1673,0.18758856505155563
1674,0.20586375799030066
1675,0.2255562674254179
1676,0.19915260933339596
1677,0.18781003449112177
1678,0.2831367217004299
1679,0.2880429495126009
1680,0.2743986714631319
1681,0.2639607563614845
1682,0.21200358867645264
1683,0.27087760530412197
1684,0.3513527363538742
1685,0.48019779846072197
1686,0.4559871591627598
1687,0.4638967625796795
1688,0.43807123973965645
1689,0.43647613003849983
1690,0.4445628635585308
1691,0.4673447720706463
1692,0.44083428755402565
1693,0.4545998238027096
1694,0.4432343691587448
1695,0.4140923246741295
1696,0.49639448896050453
1697,0.45813118666410446
1698,0.46252426877617836
1699,0.507765494287014
1700,0.518657736480236
1701,0.4959694854915142
1702,0.5428589433431625
1703,0.5883184745907784
1704,0.5738825798034668
1705,0.5661257691681385
1706,0.5644700340926647
1707,0.5760273113846779
1708,0.6102630794048309
1709,0.545836802572012
1710,0.513464979827404
1711,0.5314986743032932
1712,0.5760157704353333
1713,0.6154263652861118
1714,0.674213420599699
1715,0.7142749764025211
1716,0.9939655512571335
1717,1.1487626284360886
1718,1.323781669139862
1719,45.88292954862118
1720,11.960727632045746
1721,11.291643619537354
1722,8.636414051055908
1723,6.5528178215026855
1724,5.141415596008301
1725,32.7814317047596
1726,8.163261950016022
1727,5.2973591685295105
1728,4.829337686300278
1729,3.7644490003585815
1730,2.744606837630272
1731,3.014346033334732
1732,1.4596111550927162
1733,1.2721031606197357
1734,18.02824879437685
1735,5801.017715454102
1736,2988.10888671875
1737,1999.390853881836
1738,1404.8069458007812
1739,1290.5735321044922
1740,1208.207504272461
1741,1158.210708618164
1742,1132.1066589355469
1743,1111.6114654541016
1744,1098.880630493164
1745,1087.6329650878906
1746,1079.7283782958984
1747,1072.639663696289
1748,1067.5552825927734
1749,1063.315902709961
1750,1059.7634735107422
1751,1056.4153289794922
1752,1052.9600067138672
1753,1050.153564453125
1754,1048.167594909668
1755,1046.762451171875
1756,1044.2706298828125
1757,1042.2604522705078
1758,1040.4063873291016
1759,1039.004981994629
1760,1036.6431427001953
1761,1035.567153930664
1762,1033.8648147583008
1763,1032.3495635986328
1764,1031.3684005737305
1765,1030.159034729004
1766,1028.7208633422852
1767,1028.1271133422852
1768,1027.3735046386719
1769,1026.0520858764648
1770,1025.0643615722656
1771,1024.3241348266602
1772,1023.1955108642578
1773,1022.4689712524414
1774,1021.8044891357422
1775,1021.346435546875
1776,1020.4891815185547
1777,1020.2144317626953
1778,1019.6736297607422
1779,1019.6104507446289
1780,1018.1470184326172
1781,1017.6959838867188
1782,1017.5073623657227
1783,1017.6650772094727
1784,1016.8133697509766
1785,1016.0774917602539
1786,1015.8988952636719
1787,1015.4522323608398
1788,1014.7514801025391
1789,1014.4016571044922
1790,1013.8862152099609
1791,1013.9241027832031
1792,1013.2613067626953
1793,1013.280029296875
1794,1012.6844635009766
1795,1012.3785781860352
1796,1012.2614669799805
1797,1012.2053070068359
1798,1012.1413269042969
1799,1011.9958038330078
1800,1011.6696395874023
1801,1011.951904296875
1802,1011.6891021728516
1803,1011.6396484375
1804,1011.630126953125
1805,1011.2172546386719
1806,1011.8365631103516
1807,1011.4497756958008
1808,1010.8068771362305
1809,1010.664924621582
1810,1010.6847305297852
1811,1010.7145385742188
1812,1010.7748565673828
1813,1010.590934753418
1814,1011.4690399169922
1815,1010.6742401123047
1816,1010.424186706543
1817,1009.8868408203125
1818,1010.1320419311523
1819,1010.0889663696289
1820,1010.307861328125
1821,1010.1936950683594
1822,1010.2564926147461
1823,1010.228271484375
1824,1010.0665512084961
1825,1009.3861999511719
1826,1009.3475494384766
1827,1009.335807800293
1828,1009.9908142089844
1829,1009.6992340087891
1830,1009.0773849487305
1831,1009.0935745239258
1832,1008.5759048461914
1833,1008.9629135131836
1834,1009.0499725341797
1835,1008.9908981323242
1836,1008.8539505004883
1837,1008.4691314697266
1838,1008.5326690673828
1839,1008.7129821777344
1840,1009.4745941162109
1841,1008.9270629882812
1842,1008.6352767944336
1843,1008.4275665283203
1844,1008.0977783203125
1845,1008.2109832763672
1846,1008.1372680664062
1847,1007.9247589111328
1848,1007.7254943847656
1849,1007.7728805541992
1850,1007.3927917480469
1851,1007.3755798339844
1852,1007.7480087280273
1853,1007.1064453125
1854,1006.2087249755859
1855,1004.9916839599609
1856,1005.3433303833008
1857,1006.7240371704102
1858,1005.1623229980469
1859,1004.8833999633789
1860,1000.6447143554688
1861,997.708381652832
1862,992.0054702758789
1863,978.8123626708984
1864,946.1036148071289
1865,1004.3753433227539
1866,1000.0090637207031
1867,992.3063278198242
1868,976.8610916137695
1869,965.2106094360352
1870,963.548469543457
1871,953.5058212280273
1872,939.3483657836914
1873,921.7097091674805
1874,911.2234725952148
1875,893.5433197021484
1876,877.8994674682617
1877,865.655403137207
1878,862.599235534668
1879,864.6515808105469
1880,874.4047241210938
1881,866.3578720092773
1882,867.0308609008789
1883,867.6415252685547
1884,848.1638641357422
1885,836.3746337890625
1886,818.672966003418
1887,812.3212356567383
1888,802.9359130859375
1889,786.3318099975586
1890,777.1552810668945
1891,771.8962249755859
1892,774.6397933959961
1893,770.1323013305664
1894,758.0569076538086
1895,745.7931518554688
1896,741.6027603149414
1897,737.8680953979492
1898,738.3757553100586
1899,743.4288024902344
1900,735.0670776367188
1901,721.7194213867188
1902,710.5243225097656
1903,702.7224273681641
1904,702.3865051269531
1905,690.1328964233398
1906,694.7624282836914
1907,683.2915802001953
1908,675.6581878662109
1909,670.3625717163086
1910,659.7022018432617
1911,651.6923828125
1912,648.0647964477539
1913,639.5334167480469
1914,635.8315200805664
1915,640.1169891357422
1916,629.2781066894531
1917,620.4782562255859
1918,612.0368728637695
1919,606.4100189208984
1920,612.3132476806641
1921,602.9648208618164
1922,590.6009979248047
1923,584.2428817749023
1924,595.0976257324219
1925,580.6016845703125
1926,569.5675888061523
1927,568.2933502197266
1928,558.1103172302246
1929,554.0674171447754
1930,542.589973449707
1931,541.12744140625
1932,537.3317985534668
1933,540.9515190124512
1934,536.8696022033691
1935,526.0628471374512
1936,529.1646881103516
1937,527.6695671081543
1938,519.3122215270996
1939,511.1707077026367
1940,510.29293060302734
1941,495.51322174072266
1942,492.5667495727539
1943,488.77697372436523
1944,482.6125907897949
1945,483.8182792663574
1946,493.6456069946289
1947,481.865047454834
1948,479.7034149169922
1949,472.64274978637695
1950,468.28625106811523
1951,463.13459396362305
1952,460.3832321166992
1953,453.0887908935547
1954,455.8429069519043
1955,447.3648147583008
1956,447.5483169555664
1957,453.5875549316406
1958,446.2941207885742
1959,446.73266983032227
1960,454.2945327758789
1961,446.59492111206055
1962,451.6238594055176
1963,440.3153419494629
1964,437.3833236694336
1965,430.5083198547363
1966,428.4563331604004
1967,421.64387130737305
1968,417.9618835449219
1969,418.9935836791992
1970,407.75232315063477
1971,405.64537811279297
1972,401.95189666748047
1973,403.34852600097656
1974,399.0973205566406
1975,397.7274055480957
1976,392.57870864868164
1977,393.30801010131836
1978,394.65137481689453
1979,385.9277038574219
1980,396.81542587280273
1981,384.4891471862793
1982,395.81824111938477
1983,408.00127029418945
1984,442.38826751708984
1985,448.75313568115234
1986,412.5731201171875
1987,408.35960388183594
1988,401.8444137573242
1989,383.78366470336914
1990,379.14755630493164
1991,374.5453338623047
1992,363.41524505615234
1993,355.3407669067383
1994,354.54075622558594
1995,353.16516494750977
1996,351.92352294921875
1997,354.53713607788086
1998,359.11185455322266
1999,350.0785484313965
2000,345.717227935791
2001,337.6442413330078
2002,379.0821838378906
2003,370.6772918701172
2004,357.04281997680664
2005,343.87396240234375
2006,337.11486434936523
2007,343.6636199951172
2008,342.6487350463867
2009,327.6868133544922
2010,323.1522560119629
2011,382.1350288391113
2012,379.8784294128418
2013,375.9969062805176
2014,350.35229873657227
2015,350.8441848754883
2016,352.4351119995117
2017,348.1417541503906
2018,350.7222480773926
2019,337.6790008544922
2020,339.860538482666
2021,385.08240509033203
2022,395.18239974975586
2023,381.3700714111328
2024,373.0148277282715
2025,333.5073699951172
2026,304.2674140930176
2027,300.41181564331055
2028,296.0066566467285
2029,279.13117027282715
2030,280.0409736633301
2031,271.1793956756592
2032,276.28268241882324
2033,274.11332511901855
2034,267.25674629211426
2035,263.22275161743164
2036,258.51263427734375
2037,260.53309440612793
2038,256.2632656097412
2039,250.06122970581055
2040,245.89345741271973
2041,237.1551971435547
2042,239.4970760345459
2043,241.45359420776367
2044,256.6676616668701
2045,235.24210357666016
2046,243.23924255371094
2047,253.30127716064453
2048,250.49680519104004
2049,240.85613632202148
2050,234.83392715454102
2051,241.7803554534912
2052,223.7492275238037
2053,220.37434005737305
2054,217.56653785705566
2055,223.68591499328613
2056,221.8241901397705
2057,215.74686431884766
2058,218.55939483642578
2059,394.11595153808594
2060,722.2970809936523
2061,660.5320434570312
2062,544.0786437988281
2063,466.9774589538574
2064,405.86417388916016
2065,373.7076110839844
2066,371.5996780395508
2067,322.7744255065918
2068,321.4757385253906
2069,312.56048583984375
2070,301.6637077331543
2071,314.6385555267334
2072,275.42934226989746
2073,267.2833003997803
2074,274.68958473205566
2075,270.3034915924072
2076,273.1681079864502
2077,253.69811820983887
2078,248.7032585144043
2079,237.57569122314453
2080,231.01069450378418
2081,229.17998123168945
2082,219.14830780029297
2083,215.9791965484619
2084,210.08277130126953
2085,207.81257438659668
2086,203.24887084960938
2087,200.9925537109375
2088,211.78490829467773
2089,203.66804122924805
2090,204.72864723205566
2091,196.3251667022705
2092,194.8590965270996
2093,190.21878242492676
2094,236.2729721069336
2095,255.17896461486816
2096,252.1643180847168
2097,236.80319213867188
2098,233.1928939819336
2099,208.57057189941406
2100,209.41229629516602
2101,190.67388916015625
2102,185.90097427368164
2103,185.0057487487793
2104,187.75995445251465
2105,178.10750770568848
2106,181.65083503723145
2107,179.33095741271973
2108,188.5359592437744
2109,179.76429176330566
2110,195.0723762512207
2111,181.57083892822266
2112,179.83267974853516
2113,171.36465644836426
2114,155.80190467834473
2115,168.0593967437744
2116,173.95864868164062
2117,156.6142807006836
2118,150.99120712280273
2119,153.71662139892578
2120,151.42450046539307
2121,152.3365535736084
2122,139.21249198913574
2123,137.9568510055542
2124,133.82350063323975
2125,134.1763801574707
2126,136.94186782836914
2127,142.8080062866211
2128,148.7045726776123
2129,149.73040866851807
2130,147.3261594772339
2131,140.60399913787842
2132,146.7142210006714
2133,138.1878547668457
2134,138.85133743286133
2135,135.4498519897461
2136,132.81541538238525
2137,142.5914535522461
2138,135.47408485412598
2139,129.5811948776245
2140,128.08231353759766
2141,126.58018112182617
2142,124.72661304473877
2143,132.3320655822754
2144,132.07985019683838
2145,131.51996517181396
2146,121.22672271728516
2147,121.09138011932373
2148,121.92004013061523
2149,119.50675582885742
2150,117.73150539398193
2151,124.69843578338623
2152,119.21868896484375
2153,120.59772777557373
2154,114.52143859863281
2155,110.27954006195068
2156,103.50695705413818
2157,103.63241386413574
2158,101.69781398773193
2159,99.47715377807617
2160,98.27918243408203
2161,95.3760871887207
2162,94.46214199066162
2163,96.29975509643555
2164,91.74718379974365
2165,92.84177017211914
2166,94.4006462097168
2167,90.61069393157959
2168,102.51988983154297
2169,90.8292646408081
2170,90.51990604400635
2171,97.68757915496826
2172,107.40838813781738
2173,100.29468441009521
2174,103.4977159500122
2175,100.12338447570801
2176,96.7188720703125
2177,92.69856357574463
2178,155.8592348098755
2179,146.1907033920288
2180,142.69268131256104
2181,140.41665077209473
2182,127.08676242828369
2183,121.26231575012207
2184,102.58467674255371
2185,96.8316478729248
2186,96.69251918792725
2187,90.55629444122314
2188,97.90042686462402
2189,89.93526458740234
2190,90.24173641204834
2191,89.49607467651367
2192,104.95143604278564
2193,104.38668441772461
2194,105.42405796051025
2195,95.5649242401123
2196,91.33898258209229
2197,85.17664194107056
2198,81.53896236419678
2199,98.88600444793701
2200,107.38738346099854
2201,114.28536033630371
2202,105.15663433074951
2203,107.27177238464355
2204,97.63925266265869
2205,89.38960075378418
2206,92.97073936462402
2207,96.97852897644043
2208,90.99519538879395
2209,91.39150142669678
2210,85.01141834259033
2211,87.50396156311035
2212,94.09626007080078
2213,87.61839008331299
2214,109.2499361038208
2215,98.52447891235352
2216,105.48499488830566
2217,95.11472034454346
2218,89.32957363128662
2219,89.1817398071289
2220,94.43031406402588
2221,83.4756383895874
2222,83.37672710418701
2223,81.93426609039307
2224,76.58969783782959
2225,128.21988487243652
2226,134.2196569442749
2227,106.96431922912598
2228,137.73836612701416
2229,144.57755851745605
2230,199.11382865905762
2231,162.24653148651123
2232,139.5178861618042
2233,116.44436264038086
2234,101.347580909729
2235,93.09823703765869
2236,86.4363021850586
2237,80.29356670379639
2238,75.74741077423096
2239,74.16163682937622
2240,72.72135639190674
2241,69.40702867507935
2242,72.90194606781006
2243,69.27659034729004
2244,68.45298051834106
2245,68.99738359451294
2246,59.62421941757202
2247,59.66014528274536
2248,57.77975082397461
2249,57.979788303375244
2250,55.8021502494812
2251,60.80984354019165
2252,54.789037227630615
2253,53.71377658843994
2254,53.41921949386597
2255,51.75347661972046
2256,54.38679838180542
2257,53.734890937805176
2258,51.93278121948242
2259,48.70289468765259
2260,51.903717041015625
2261,49.70997476577759
2262,50.23085880279541
2263,52.08039903640747
2264,49.987224102020264
2265,50.34559774398804
2266,47.63034915924072
2267,45.07655334472656
2268,47.439995765686035
2269,52.173208713531494
2270,50.835054874420166
2271,47.17091417312622
2272,47.19544982910156
2273,41.31378793716431
2274,44.30636262893677
2275,45.396305084228516
2276,49.38624715805054
2277,53.19777965545654
2278,54.576035022735596
2279,51.88482856750488
2280,48.215455055236816
2281,46.62322187423706
2282,44.23451805114746
2283,43.0884051322937
2284,41.192811012268066
2285,40.45570755004883
2286,43.29125738143921
2287,40.435415506362915
2288,40.37727212905884
2289,39.96062612533569
2290,39.80954694747925
2291,40.523417949676514
2292,41.28077530860901
2293,39.85544443130493
2294,38.992021560668945
2295,38.13725805282593
2296,38.09806847572327
2297,37.08894681930542
2298,36.254311323165894
2299,37.887179374694824
2300,35.679325580596924
2301,35.68303465843201
2302,35.33949089050293
2303,37.756999015808105
2304,34.86650013923645
2305,33.044095277786255
2306,34.561965465545654
2307,34.025049448013306
2308,33.28732180595398
2309,32.01377749443054
2310,32.88961219787598
2311,33.89541530609131
2312,31.751072883605957
2313,36.170716762542725
2314,36.57260751724243
2315,35.310760498046875
2316,34.67136025428772
2317,34.67750883102417
2318,33.28699350357056
2319,31.325255393981934
2320,32.47888994216919
2321,31.297663688659668
2322,32.96673393249512
2323,31.195488929748535
2324,33.44663715362549
2325,32.36090135574341
2326,32.327664852142334
2327,32.126750230789185
2328,31.82679271697998
2329,30.797826290130615
2330,31.0599627494812
2331,30.730728149414062
2332,32.108372926712036
2333,31.849446773529053
2334,29.618748903274536
2335,29.390676498413086
2336,28.81417465209961
2337,27.739633798599243
2338,30.425609588623047
2339,38.79949879646301
2340,29.292949438095093
2341,28.849719762802124
2342,29.53719449043274
2343,28.877402782440186
2344,27.334551572799683
2345,28.540157079696655
2346,29.3416428565979
2347,26.781378984451294
2348,26.792853355407715
2349,26.790663957595825
2350,24.93524146080017
2351,24.39686942100525
2352,23.983638286590576
2353,24.044496774673462
2354,25.771374464035034
2355,27.007987022399902
2356,25.776411294937134
2357,24.47100806236267
2358,26.729795694351196
2359,25.433329105377197
2360,25.62797260284424
2361,25.173558473587036
2362,24.9804368019104
2363,24.343652486801147
2364,26.91495180130005
2365,27.318639755249023
2366,26.662832021713257
2367,25.73372745513916
2368,23.766453742980957
2369,22.997716903686523
2370,23.32465410232544
2371,23.065712213516235
2372,23.79349935054779
2373,23.55412197113037
2374,22.295544624328613
2375,23.10625982284546
2376,21.787797808647156
2377,22.667118787765503
2378,26.86669945716858
2379,30.49089288711548
2380,28.246302843093872
2381,29.522912740707397
2382,35.37233018875122
2383,31.868916273117065
2384,31.090044021606445
2385,29.02326011657715
2386,24.97585415840149
2387,27.900343656539917
2388,27.515276432037354
2389,28.675524711608887
2390,26.559840440750122
2391,25.597867965698242
2392,24.940720319747925
2393,23.590219259262085
2394,23.88144850730896
2395,22.996461629867554
2396,22.77846360206604
2397,21.7244131565094
2398,24.960148096084595
2399,20.61427628993988
2400,22.249184370040894
2401,21.002774834632874
2402,21.047499418258667
2403,19.825095534324646
2404,20.565884113311768
2405,20.358590602874756
2406,21.67980146408081
2407,20.39483153820038
2408,20.90089988708496
2409,20.306024312973022
2410,20.554030656814575
2411,19.23286199569702
2412,19.37651789188385
2413,19.287910103797913
2414,20.977506279945374
2415,19.645009398460388
2416,18.54691743850708
2417,18.080419659614563
2418,18.43695616722107
2419,18.13489842414856
2420,17.283557295799255
2421,18.70927143096924
2422,17.180885434150696
2423,16.96271252632141
2424,17.785489201545715
2425,17.43918800354004
2426,17.76194941997528
2427,17.808081030845642
2428,17.698582887649536
2429,18.731079578399658
2430,18.092772006988525
2431,19.527334570884705
2432,19.173781275749207
2433,17.552992463111877
2434,18.961586236953735
2435,18.766121745109558
2436,19.93234086036682
2437,17.465818881988525
2438,18.007073402404785
2439,20.299426555633545
2440,20.477783203125
2441,19.50762689113617
2442,17.984880328178406
2443,16.364280104637146
2444,16.87080478668213
2445,16.805028915405273
2446,33.815048694610596
2447,58.72701597213745
2448,53.949201583862305
2449,43.599729776382446
2450,44.37237882614136
2451,35.74650287628174
2452,33.529813289642334
2453,42.27890133857727
2454,34.8571195602417
2455,33.48952555656433
2456,32.069234132766724
2457,30.724223136901855
2458,28.362003087997437
2459,29.587644338607788
2460,30.46131443977356
2461,29.052377223968506
2462,30.14157271385193
2463,31.810981035232544
2464,30.099364042282104
2465,34.19542384147644
2466,30.336798429489136
2467,26.863187313079834
2468,25.48635458946228
2469,22.575013041496277
2470,21.723782539367676
2471,22.07085609436035
2472,20.544029712677002
2473,20.460021018981934
2474,19.32616686820984
2475,18.68531823158264
2476,17.718231678009033
2477,19.498322129249573
2478,16.985329747200012
2479,16.843712329864502
2480,16.246925830841064
2481,16.16674256324768
2482,16.810441732406616
2483,15.903379321098328
2484,16.37427830696106
2485,16.447579264640808
2486,16.154847621917725
2487,15.669403076171875
2488,15.056579232215881
2489,16.622155785560608
2490,15.622314453125
2491,14.899606108665466
2492,15.758067965507507
2493,18.014699935913086
2494,16.478638529777527
2495,18.750457882881165
2496,16.064632773399353
2497,16.23999834060669
2498,15.25174069404602
2499,16.29629361629486
2500,16.35019850730896
2501,14.724992513656616
2502,15.730688333511353
2503,16.287734746932983
2504,15.519263625144958
2505,14.8050297498703
2506,13.529012441635132
2507,13.68394160270691
2508,13.2877357006073
2509,14.120320200920105
2510,13.857218265533447
2511,13.097949922084808
2512,12.627967655658722
2513,12.693537473678589
2514,13.330030858516693
2515,13.01017940044403
2516,14.599513053894043
2517,14.445968508720398
2518,13.277647852897644
2519,13.955246210098267
2520,13.665085315704346
2521,12.825318574905396
2522,13.907208561897278
2523,14.642879843711853
2524,13.644301772117615
2525,16.85322880744934
2526,51.345213890075684
2527,46.0547137260437
2528,155.22550106048584
2529,103.09572792053223
2530,113.0131139755249
2531,94.66804790496826
2532,89.51261806488037
2533,60.25706672668457
2534,51.93324851989746
2535,49.460115909576416
2536,35.82724857330322
2537,28.728445768356323
2538,24.071971893310547
2539,23.02322292327881
2540,18.99983859062195
2541,17.703644156455994
2542,19.922791719436646
2543,16.961092352867126
2544,15.073108673095703
2545,14.1202791929245
2546,15.371938705444336
2547,13.710270166397095
2548,13.23361074924469
2549,13.1262047290802
2550,12.36277961730957
2551,13.773210048675537
2552,12.362244725227356
2553,12.821816146373749
2554,12.407309770584106
2555,12.15572702884674
2556,11.301123321056366
2557,12.044667303562164
2558,12.437856554985046
2559,13.063812971115112
2560,12.325607597827911
2561,11.39747303724289
2562,11.337443768978119
2563,11.724752128124237
2564,11.127305507659912
2565,10.646113097667694
2566,12.89708560705185
2567,10.883798122406006
2568,11.450948894023895
2569,12.299928903579712
2570,11.213155686855316
2571,11.087641716003418
2572,11.193892419338226
2573,11.167791247367859
2574,10.418340802192688
2575,10.927827179431915
2576,10.645976126194
2577,10.372836172580719
2578,10.354776978492737
2579,10.11068469285965
2580,9.991696953773499
2581,10.426621317863464
2582,10.102249145507812
2583,9.854183435440063
2584,9.848976016044617
2585,10.527310490608215
2586,10.092851042747498
2587,12.709863126277924
2588,10.842718601226807
2589,11.807401537895203
2590,11.092621386051178
2591,11.67871356010437
2592,10.207115709781647
2593,10.3879554271698
2594,11.116861045360565
2595,11.050921499729156
2596,10.62257969379425
2597,10.956548273563385
2598,10.740058362483978
2599,10.085911810398102
2600,9.65446537733078
2601,9.592361271381378
2602,10.84350711107254
2603,9.570306539535522
2604,9.540969908237457
2605,10.076942920684814
2606,9.164909899234772
2607,9.840887367725372
2608,8.80931442975998
2609,8.884414613246918
2610,9.027598440647125
2611,10.487771987915039
2612,11.009022533893585
2613,10.406609773635864
2614,10.304560959339142
2615,9.821162819862366
2616,9.173417091369629
2617,8.924135625362396
2618,8.767231941223145
2619,8.927570044994354
2620,9.120490074157715
2621,9.536871910095215
2622,9.801279664039612
2623,9.591358602046967
2624,9.761943101882935
2625,9.188916981220245
2626,9.365398108959198
2627,8.848054230213165
2628,9.412877559661865
2629,9.156005918979645
2630,8.732967853546143
2631,9.185654163360596
2632,9.243046462535858
2633,9.634741723537445
2634,9.531419694423676
2635,9.161557972431183
2636,9.512772023677826
2637,10.075511574745178
2638,9.90489375591278
2639,9.005224883556366
2640,8.93177580833435
2641,8.6436128616333
2642,8.558394253253937
2643,8.81460189819336
2644,8.472459137439728
2645,9.222178757190704
2646,8.075765073299408
2647,8.822027385234833
2648,8.082956671714783
2649,8.31460326910019
2650,8.14205551147461
2651,8.47611778974533
2652,8.29362678527832
2653,8.50622284412384
2654,8.499799311161041
2655,8.577427983283997
2656,8.825276136398315
2657,8.423692882061005
2658,8.470712304115295
2659,9.073577105998993
2660,8.33011770248413
2661,9.158945918083191
2662,8.968100905418396
2663,8.62019008398056
2664,8.601730644702911
2665,8.503342688083649
2666,9.083901941776276
2667,8.895486176013947
2668,8.38285580277443
2669,8.463455975055695
2670,8.417117834091187
2671,8.09437870979309
2672,9.050772666931152
2673,8.551417112350464
2674,8.796803653240204
2675,8.673873662948608
2676,8.025718450546265
2677,9.240898191928864
2678,8.97830069065094
2679,9.333113849163055
2680,8.742095828056335
2681,8.75423002243042
2682,9.07329797744751
2683,8.198361992835999
2684,8.47423940896988
2685,8.354921877384186
2686,8.390565931797028
2687,8.255170822143555
2688,7.923935115337372
2689,7.719520688056946
2690,7.814623177051544
2691,7.841013133525848
2692,8.510439693927765
2693,8.534475982189178
2694,8.44336873292923
2695,9.096539378166199
2696,8.53605991601944
2697,8.708800137043
2698,8.804970920085907
2699,8.761400163173676
2700,8.774683117866516
2701,8.978483438491821
2702,8.723066985607147
2703,9.017763912677765
2704,8.72390902042389
2705,8.674979627132416
2706,9.02979952096939
2707,8.875059843063354
2708,8.737009942531586
2709,14.168772041797638
2710,12.340456128120422
2711,11.548401534557343
2712,10.074082374572754
2713,11.128288865089417
2714,11.488442301750183
2715,10.856287181377411
2716,9.931822955608368
2717,9.657032907009125
2718,9.415334582328796
2719,9.281879305839539
2720,8.268780767917633
2721,8.015643894672394
2722,8.11862599849701
2723,8.084471344947815
2724,7.96294242143631
2725,7.7988205552101135
2726,7.509105384349823
2727,7.547687977552414
2728,7.622264593839645
2729,7.964034557342529
2730,8.083672553300858
2731,7.78296172618866
2732,8.552372872829437
2733,8.15705394744873
2734,8.36939823627472
2735,8.322649598121643
2736,8.137421995401382
2737,9.709899961948395
2738,8.284722685813904
2739,8.62440910935402
2740,8.391218721866608
2741,8.030794024467468
2742,8.293947249650955
2743,8.23176485300064
2744,8.521781742572784
2745,8.082401692867279
2746,8.497871220111847
2747,7.786192178726196
2748,7.684112131595612
2749,7.950058877468109
2750,7.70633602142334
2751,7.994619786739349
2752,7.921542167663574
2753,8.287127196788788
2754,7.597251772880554
2755,7.972451329231262
2756,7.671874225139618
2757,7.766210973262787
2758,8.586648762226105
2759,8.437072426080704
2760,8.04691967368126
2761,8.002853870391846
2762,7.913238286972046
2763,7.41363388299942
2764,7.2280047833919525
2765,7.389772802591324
2766,7.511030554771423
2767,7.582076668739319
2768,7.585051417350769
2769,7.419976592063904
2770,7.576239913702011
2771,8.017497658729553
2772,8.850561052560806
2773,9.599023997783661
2774,13.064020097255707
2775,11.35947984457016
2776,9.631225824356079
2777,9.630378305912018
2778,11.430060267448425
2779,13.411257326602936
2780,12.74780285358429
2781,12.356807708740234
2782,11.443949103355408
2783,10.647451877593994
2784,10.069638907909393
2785,10.092771291732788
2786,9.762062430381775
2787,10.825680136680603
2788,10.132053852081299
2789,9.3159721493721
2790,8.484242022037506
2791,9.32665753364563
2792,8.532373279333115
2793,8.521418690681458
2794,8.71614784002304
2795,8.8624626994133
2796,8.835130214691162
2797,8.93723338842392
2798,8.916462659835815
2799,9.07280421257019
2800,9.045174717903137
2801,8.860382199287415
2802,9.75149017572403
2803,9.94704121351242
2804,10.677549242973328
2805,11.041467308998108
2806,10.510873556137085
2807,10.098091065883636
2808,9.943756461143494
2809,10.707507252693176
2810,10.337122440338135
2811,10.729560494422913
2812,10.649414658546448
2813,9.858864605426788
2814,8.981299817562103
2815,8.978025913238525
2816,8.820427536964417
2817,9.064765632152557
2818,9.002878546714783
2819,8.982631146907806
2820,8.182442784309387
2821,9.321023166179657
2822,9.876551926136017
2823,9.652181148529053
2824,10.054701328277588
2825,11.104475855827332
2826,10.356631398200989
2827,10.284360885620117
2828,9.710065484046936
2829,9.003592848777771
2830,8.364363372325897
2831,8.003503441810608
2832,8.315144181251526
2833,8.707768440246582
2834,8.487600922584534
2835,8.403353363275528
2836,8.863223135471344
2837,8.568066716194153
2838,11.280191421508789
2839,10.916936337947845
2840,10.845906496047974
2841,11.833356380462646
2842,11.881165087223053
2843,10.14358788728714
2844,11.172087788581848
2845,11.526143670082092
2846,11.884302496910095
2847,11.507929801940918
2848,11.663753807544708
2849,10.809098064899445
2850,10.61943107843399
2851,10.441624939441681
2852,9.766583383083344
2853,10.238052904605865
2854,10.092372238636017
2855,9.823641121387482
2856,9.802224814891815
2857,10.79264384508133
2858,9.669474601745605
2859,10.435323655605316
2860,9.146032452583313
2861,9.15724116563797
2862,8.447380423545837
2863,8.60486376285553
2864,7.89986652135849
2865,8.401264071464539
2866,8.383632063865662
2867,8.416599869728088
2868,8.888842642307281
2869,7.682622253894806
2870,8.067748546600342
2871,7.648073673248291
2872,7.972068607807159
2873,7.491711407899857
2874,7.403991222381592
2875,7.3227458000183105
2876,7.304175287485123
2877,8.36061817407608
2878,9.458095252513885
2879,8.310999929904938
2880,8.05267071723938
2881,7.738278925418854
2882,7.294160485267639
2883,7.185177505016327
2884,7.124073714017868
2885,7.243128687143326
2886,6.878909349441528
2887,7.344737231731415
2888,7.939463496208191
2889,7.504720479249954
2890,7.808109223842621
2891,7.4539386332035065
2892,7.04896867275238
2893,6.505245387554169
2894,6.78633850812912
2895,6.607769727706909
2896,7.069076597690582
2897,7.217256724834442
2898,7.28095930814743
2899,7.56555500626564
2900,8.35587078332901
2901,7.591162323951721
2902,7.380458563566208
2903,7.091007173061371
2904,6.79119485616684
2905,6.552810251712799
2906,7.179638236761093
2907,7.250609248876572
2908,7.471339821815491
2909,7.183814346790314
2910,6.881993472576141
2911,6.9029035568237305
2912,6.611402660608292
2913,6.541581004858017
2914,7.25263774394989
2915,7.048932701349258
2916,6.849302053451538
2917,7.424094140529633
2918,6.456800729036331
2919,6.539926290512085
2920,6.402895003557205
2921,6.474782705307007
2922,6.724996834993362
2923,6.3510169088840485
2924,6.470577031373978
2925,6.044806241989136
2926,6.003442704677582
2927,5.93378284573555
2928,6.284253478050232
2929,6.787451803684235
2930,6.791438668966293
2931,7.0600568652153015
2932,6.535279035568237
2933,6.620511054992676
2934,6.570838421583176
2935,6.151547133922577
2936,6.259508311748505
2937,6.128942161798477
2938,6.0870183408260345
2939,5.98319748044014
2940,6.455421790480614
2941,6.911359637975693
2942,7.45813113451004
2943,7.613707005977631
2944,7.844280302524567
2945,7.39074581861496
2946,7.19318550825119
2947,6.753356397151947
2948,11.227842956781387
2949,7.789265036582947
2950,7.665300935506821
2951,7.87616965174675
2952,8.669200241565704
2953,8.861487030982971
2954,9.06636095046997
2955,9.279884159564972
2956,8.42341810464859
2957,8.1918084025383
2958,7.712819278240204
2959,7.745945155620575
2960,7.535737991333008
2961,7.009222656488419
2962,6.6773181557655334
2963,6.610836833715439
2964,6.404284477233887
2965,6.513685196638107
2966,6.487382739782333
2967,6.398252010345459
2968,5.816724240779877
2969,5.8449671268463135
2970,5.935964047908783
2971,6.229956209659576
2972,6.051962345838547
2973,6.171043515205383
2974,6.253750532865524
2975,6.687035650014877
2976,6.335923194885254
2977,6.764992654323578
2978,6.848063707351685
2979,6.523360520601273
2980,6.467856258153915
2981,6.276598244905472
2982,7.083662748336792
2983,7.029699862003326
2984,6.693739235401154
2985,6.678366392850876
2986,6.953086793422699
2987,6.723919838666916
2988,6.520618498325348
2989,6.500347167253494
2990,6.667726099491119
2991,7.2085897624492645
2992,12.942135035991669
2993,7.223590165376663
2994,7.343895733356476
2995,7.182796090841293
2996,7.601030230522156
2997,7.996358931064606
2998,8.262394666671753
2999,7.9493802189826965
3000,8.588575839996338
3001,8.336870193481445
3002,8.233522057533264
3003,8.248454242944717
3004,8.070392489433289
3005,7.3747575879096985
3006,7.28834342956543
3007,6.98136168718338
3008,7.112875252962112
3009,6.6999668180942535
3010,6.581418454647064
3011,7.155661433935165
3012,6.841869235038757
3013,6.629930377006531
3014,6.528997153043747
3015,6.067065238952637
3016,6.092709988355637
3017,6.124843031167984
3018,6.242404341697693
3019,6.521759927272797
3020,6.96070060133934
3021,6.760183811187744
3022,6.715975314378738
3023,6.555983394384384
3024,6.451196491718292
3025,7.183721601963043
3026,6.892973214387894
3027,6.8550825119018555
3028,6.798612028360367
3029,6.96369007229805
3030,6.91653710603714
3031,6.885701268911362
3032,6.834281355142593
3033,8.068302512168884
3034,7.792206555604935
3035,7.512700021266937
3036,7.55697762966156
3037,7.654827415943146
3038,7.233974993228912
3039,7.106966555118561
3040,7.0734924376010895
3041,6.724263310432434
3042,7.250142902135849
3043,7.2646560072898865
3044,7.410111308097839
3045,7.24162170290947
3046,7.063620775938034
3047,7.3964508175849915
3048,7.923595666885376
3049,7.746028125286102
3050,7.101269364356995
3051,7.048492670059204
3052,6.816500902175903
3053,6.697631537914276
3054,6.416951477527618
3055,6.145697265863419
3056,6.531003475189209
3057,6.433115482330322
3058,6.420210808515549
3059,6.184889405965805
3060,6.25225430727005
3061,6.644773304462433
3062,7.0023598074913025
3063,6.7968635857105255
3064,7.552764564752579
3065,8.08061307668686
3066,8.125080168247223
3067,8.168228268623352
3068,7.75223171710968
3069,7.322242587804794
3070,7.4291174709796906
3071,8.109940826892853
3072,7.479243695735931
3073,7.365360975265503
3074,7.240907251834869
3075,7.40836501121521
3076,6.905468016862869
3077,6.820683807134628
3078,6.653120756149292
3079,6.438163906335831
3080,6.209741085767746
3081,6.230353832244873
3082,6.268939286470413
3083,6.260015696287155
3084,6.357386618852615
3085,6.38208544254303
3086,5.993285745382309
3087,6.992141246795654
3088,6.45460245013237
3089,6.254480808973312
3090,6.533767879009247
3091,6.777610868215561
3092,6.283699333667755
3093,6.322411239147186
3094,6.56218346953392
3095,6.54061496257782
3096,6.58976337313652
3097,7.00548642873764
3098,6.183474153280258
3099,6.2055288553237915
3100,6.0997191071510315
3101,6.2499440014362335
3102,6.43782913684845
3103,6.1840400993824005
3104,6.409536689519882
3105,6.447121798992157
3106,6.516110122203827
3107,6.100052624940872
3108,5.922528028488159
3109,5.8412898778915405
3110,5.812714070081711
3111,5.891806870698929
3112,6.474335610866547
3113,6.433816641569138
3114,6.575740486383438
3115,6.523256361484528
3116,6.30803307890892
3117,6.072786897420883
3118,6.072636902332306
3119,6.227536916732788
3120,6.272412002086639
3121,6.4542001485824585
3122,6.552688509225845
3123,6.639812469482422
3124,6.374121338129044
3125,5.939143180847168
3126,5.67096620798111
3127,5.6146354377269745
3128,5.848802447319031
3129,5.712457746267319
3130,6.970413148403168
3131,7.63679039478302
3132,7.545241057872772
3133,7.633465200662613
3134,7.325909495353699
3135,7.2433488965034485
3136,7.362113803625107
3137,7.347918212413788
3138,6.94204768538475
3139,6.669406443834305
3140,6.6015894412994385
3141,6.566777765750885
3142,6.235078454017639
3143,6.494580090045929
3144,6.228481084108353
3145,6.274485558271408
3146,6.238917499780655
3147,6.1459227204322815
3148,5.868680983781815
3149,5.779410779476166
3150,5.864382565021515
3151,5.828101485967636
3152,6.264118820428848
3153,5.964569956064224
3154,5.889462947845459
3155,6.025770962238312
3156,5.976555585861206
3157,6.047515958547592
3158,6.17259293794632
3159,8.638060688972473
3160,7.585746645927429
3161,7.281212031841278
3162,7.505698889493942
3163,7.039775252342224
3164,6.4507065415382385
3165,6.36662682890892
3166,6.1680909395217896
3167,5.9410476088523865
3168,5.962390422821045
3169,5.829648494720459
3170,6.126693606376648
3171,6.063877046108246
3172,6.046942383050919
3173,6.222188621759415
3174,6.964441001415253
3175,6.457638740539551
3176,6.491110414266586
3177,6.969698399305344
3178,6.92118227481842
3179,6.596667796373367
3180,7.14870411157608
3181,6.551291108131409
3182,6.698614567518234
3183,6.622801810503006
3184,6.260604351758957
3185,6.3378236293792725
3186,6.0031192898750305
3187,6.28030201792717
3188,6.490293055772781
3189,6.2914794981479645
3190,6.568529486656189
3191,6.398206561803818
3192,6.544805616140366
3193,6.556527525186539
3194,6.856321543455124
3195,7.114056646823883
3196,7.025032550096512
3197,7.536537051200867
3198,7.499638080596924
3199,7.279276251792908
3200,6.879041433334351
3201,6.723923772573471
3202,6.672510176897049
3203,8.676157385110855
3204,7.021979719400406
3205,7.910502314567566
3206,7.476909339427948
3207,7.40840545296669
3208,7.097330808639526
3209,6.715855062007904
3210,6.514353096485138
3211,6.312379747629166
3212,6.4203872084617615
3213,6.361188501119614
3214,6.23862361907959
3215,6.337206423282623
3216,6.135948359966278
3217,6.304176479578018
3218,6.273093163967133
3219,6.118785709142685
3220,6.321411907672882
3221,6.189531564712524
3222,6.030256003141403
3223,6.102644860744476
3224,5.863675951957703
3225,5.72399765253067
3226,5.563692629337311
3227,7.745783418416977
3228,5.639502763748169
3229,5.824175298213959
3230,6.790128290653229
3231,7.0549136102199554
3232,8.532073467969894
3233,7.296086668968201
3234,7.143332242965698
3235,7.111118763685226
3236,7.689877510070801
3237,7.228470891714096
3238,6.659031838178635
3239,6.36431497335434
3240,6.202029913663864
3241,8.286470770835876
3242,6.280992120504379
3243,6.699811488389969
3244,6.378201603889465
3245,6.399358958005905
3246,6.412460774183273
3247,6.056507885456085
3248,6.83904093503952
3249,6.256708860397339
3250,6.55231636762619
3251,7.3642271757125854
3252,7.06104576587677
3253,7.668018221855164
3254,8.132908940315247
3255,8.115381449460983
3256,8.25646823644638
3257,8.51753032207489
3258,7.612725108861923
3259,7.1033755242824554
3260,6.90612855553627
3261,6.832815080881119
3262,6.599606961011887
3263,6.661273002624512
3264,6.984527170658112
3265,6.642779111862183
3266,6.819998741149902
3267,7.259480059146881
3268,6.411068439483643
3269,6.150861412286758
3270,5.817082047462463
3271,6.071171462535858
3272,5.984852910041809
3273,5.736872553825378
3274,5.942345291376114
3275,5.656373560428619
3276,5.833684027194977
3277,5.7736411690711975
3278,5.652855396270752
3279,7.953868359327316
3280,6.826686233282089
3281,6.548987686634064
3282,6.312470495700836
3283,6.079076796770096
3284,6.345519572496414
3285,5.939889699220657
3286,6.1681994795799255
3287,6.2826955914497375
3288,6.305793434381485
3289,6.513536959886551
3290,6.078896224498749
3291,5.881466895341873
3292,5.767834112048149
3293,5.771835535764694
3294,5.925650417804718
3295,5.756671220064163
3296,5.711984723806381
3297,5.604258805513382
3298,7.875369846820831
3299,5.89720419049263
3300,5.797190964221954
3301,5.880434095859528
3302,5.853665143251419
3303,6.314786821603775
3304,6.315897047519684
3305,6.257492423057556
3306,6.434349596500397
3307,6.419458240270615
3308,6.699020177125931
3309,6.5607152581214905
3310,6.4439495503902435
3311,6.514309942722321
3312,6.25132891535759
3313,7.016187965869904
3314,6.914953678846359
3315,6.495302885770798
3316,6.419150501489639
3317,6.376376837491989
3318,6.226273685693741
3319,6.431393653154373
3320,6.094661831855774
3321,6.042955428361893
3322,5.736575037240982
3323,5.640054672956467
3324,5.748926013708115
3325,5.821408420801163
3326,5.709668532013893
3327,5.662003695964813
3328,5.704589620232582
3329,5.57356333732605
3330,5.391354441642761
3331,5.299030244350433
3332,5.23143507540226
3333,5.526153668761253
3334,5.19925844669342
3335,5.126979768276215
3336,5.39660918712616
3337,5.272390455007553
3338,5.301554173231125
3339,5.136892408132553
3340,5.121359124779701
3341,5.149851739406586
3342,5.031435027718544
3343,4.946768417954445
3344,4.810882344841957
3345,4.903366237878799
3346,4.8362836837768555
3347,5.086500734090805
3348,5.061773627996445
3349,4.998168706893921
3350,5.153278008103371
3351,5.011269301176071
3352,5.040707364678383
3353,4.7519489377737045
3354,4.812811404466629
3355,4.9579004645347595
3356,5.296720176935196
3357,5.279768109321594
3358,5.0896624475717545
3359,7.732040733098984
3360,6.9115307331085205
3361,7.847021460533142
3362,8.843876540660858
3363,8.710618078708649
3364,9.497704684734344
3365,8.903680443763733
3366,9.42516827583313
3367,9.274923145771027
3368,9.262311220169067
3369,9.608013391494751
3370,9.483459711074829
3371,8.36885815858841
3372,7.589178621768951
3373,7.606644511222839
3374,7.397793471813202
3375,7.573691338300705
3376,7.080280780792236
3377,7.9233832359313965
3378,7.912054657936096
3379,8.233749747276306
3380,7.552588731050491
3381,7.763565808534622
3382,7.9540053606033325
3383,8.128773868083954
3384,7.710398465394974
3385,7.685216426849365
3386,7.7903455793857574
3387,8.111580461263657
3388,7.609074771404266
3389,6.966707825660706
3390,6.557750910520554
3391,6.540136396884918
3392,6.396060079336166
3393,6.355854481458664
3394,5.6989836394786835
3395,5.730315685272217
3396,5.389653533697128
3397,5.322994202375412
3398,5.295033290982246
3399,5.093785792589188
3400,5.31930410861969
3401,5.2474405616521835
3402,5.267388939857483
3403,5.167620897293091
3404,5.063966512680054
3405,5.167616903781891
3406,5.093830272555351
3407,5.177094504237175
3408,5.153417676687241
3409,5.111228168010712
3410,5.233657464385033
3411,9.88006591796875
3412,7.419597238302231
3413,7.184974789619446
3414,7.321738690137863
3415,7.045729160308838
3416,6.695245265960693
3417,6.9825732707977295
3418,6.751005232334137
3419,6.025494486093521
3420,6.067030131816864
3421,5.7403163611888885
3422,5.429678380489349
3423,5.099109038710594
3424,5.025306791067123
3425,4.82167811691761
3426,4.886086881160736
3427,4.841562137007713
3428,4.739768207073212
3429,4.8304542899131775
3430,4.789469763636589
3431,5.018677309155464
3432,5.048128068447113
3433,4.934234291315079
3434,4.843556970357895
3435,5.082511246204376
3436,7.558843687176704
3437,5.435547366738319
3438,5.640327990055084
3439,5.612424433231354
3440,5.399738401174545
3441,5.347073793411255
3442,5.347901359200478
3443,5.500243723392487
3444,5.512846380472183
3445,5.328214630484581
3446,5.459730237722397
3447,5.594874382019043
3448,5.783827424049377
3449,5.527476280927658
3450,5.726765662431717
3451,5.449749529361725
3452,5.243533790111542
3453,5.062293663620949
3454,4.954609662294388
3455,5.086822107434273
3456,5.091944381594658
3457,6.842144280672073
3458,5.104360580444336
3459,5.276094943284988
3460,5.120734810829163
3461,5.110492408275604
3462,4.985947489738464
3463,5.081512942910194
3464,4.965010836720467
3465,4.6617661267519
3466,4.542247503995895
3467,4.618101418018341
3468,4.680267110466957
3469,4.754182234406471
3470,4.721415102481842
3471,4.814023897051811
3472,4.9255571365356445
3473,4.871161192655563
3474,6.479231119155884
3475,4.965616539120674
3476,4.937810271978378
3477,4.902098134160042
3478,4.948418691754341
3479,5.122395306825638
3480,5.2478117197752
3481,5.14914046227932
3482,5.07797634601593
3483,5.195703789591789
3484,5.363325417041779
3485,5.364826485514641
3486,5.419714838266373
3487,5.5572346448898315
3488,5.421948686242104
3489,5.567197695374489
3490,5.710455417633057
3491,5.749406397342682
3492,5.820532649755478
3493,5.964788496494293
3494,6.305262804031372
3495,6.4126255214214325
3496,6.259737610816956
3497,6.209237605333328
3498,6.4157222509384155
3499,6.704601049423218
3500,6.631576389074326
3501,6.5902528166770935
3502,6.761403113603592
3503,6.725233316421509
3504,6.837815165519714
3505,6.759213209152222
3506,6.380327731370926
3507,6.365579843521118
3508,6.657699108123779
3509,6.605745613574982
3510,7.054352551698685
3511,6.4298915565013885
3512,6.370377063751221
3513,6.416877329349518
3514,6.404691815376282
3515,6.8713445365428925
3516,6.796949326992035
3517,6.496289849281311
3518,6.017208456993103
3519,5.966489732265472
3520,5.669207751750946
3521,5.882852375507355
3522,5.601177766919136
3523,5.286057770252228
3524,5.1828210055828094
3525,5.286080539226532
3526,5.164820224046707
3527,5.364197254180908
3528,5.371157169342041
3529,5.460572302341461
3530,5.407329514622688
3531,5.475623190402985
3532,5.5866782665252686
3533,5.662614390254021
3534,5.564448207616806
3535,5.397696942090988
3536,5.514694839715958
3537,5.241585075855255
3538,4.8309236317873
3539,4.7341006100177765
3540,4.531892746686935
3541,4.7039500921964645
3542,4.7705207616090775
3543,5.376163482666016
3544,5.304571092128754
3545,5.424327254295349
3546,5.608761936426163
3547,5.576921045780182
3548,5.730757266283035
3549,6.133139878511429
3550,6.452478319406509
3551,6.201019644737244
3552,8.5381118953228
3553,6.6062932908535
3554,6.562302500009537
3555,6.092435836791992
3556,6.674231112003326
3557,6.574078261852264
3558,13.810592412948608
3559,12.366659581661224
3560,14.38050401210785
3561,19.947585582733154
3562,32.40344941616058
3563,32.72657513618469
3564,35.02745962142944
3565,25.250011682510376
3566,25.613240718841553
3567,23.00326943397522
3568,20.725749015808105
3569,19.872962832450867
3570,17.920345306396484
3571,15.578234791755676
3572,13.83745539188385
3573,12.118008732795715
3574,10.59041440486908
3575,9.243226706981659
3576,8.674740850925446
3577,8.349005699157715
3578,8.42350023984909
3579,7.779087543487549
3580,6.912726640701294
3581,6.592431932687759
3582,6.2523795664310455
3583,5.844773858785629
3584,5.6148838847875595
3585,5.2543618977069855
3586,5.471390247344971
3587,5.1375662833452225
3588,5.201901793479919
3589,5.225919276475906
3590,5.153666570782661
3591,5.60394199192524
3592,5.465779811143875
3593,5.418317019939423
3594,5.4071651846170425
3595,5.39351761341095
3596,5.504183381795883
3597,5.70060607790947
3598,5.446515828371048
3599,5.231698170304298
3600,5.148933798074722
3601,5.291717007756233
3602,5.105325877666473
3603,5.057061657309532
3604,5.070418030023575
3605,5.06629803776741
3606,5.124655470252037
3607,5.7887260764837265
3608,5.800283133983612
3609,6.163046151399612
3610,6.797217041254044
3611,6.341616362333298
3612,6.501574367284775
3613,6.043503254652023
3614,5.7582361698150635
3615,5.739006400108337
3616,5.5993169248104095
3617,8.015642434358597
3618,14.182652533054352
3619,15.428254842758179
3620,15.234933614730835
3621,15.6807199716568
3622,14.903714776039124
3623,13.293576180934906
3624,11.566576778888702
3625,9.95668089389801
3626,8.780724227428436
3627,8.25731348991394
3628,7.233829617500305
3629,7.257664680480957
3630,10.953838437795639
3631,7.222153931856155
3632,6.909098237752914
3633,6.184897303581238
3634,6.333097040653229
3635,6.002179801464081
3636,5.401373088359833
3637,5.443646728992462
3638,5.188154518604279
3639,9.427543640136719
3640,4.806507766246796
3641,4.928259447216988
3642,4.945752382278442
3643,4.83538530766964
3644,4.648058205842972
3645,4.801699802279472
3646,4.76156584918499
3647,4.684917479753494
3648,4.609361410140991
3649,4.623054042458534
3650,4.563709706068039
3651,4.756981760263443
3652,7.853545680642128
3653,4.711712971329689
3654,4.507650434970856
3655,4.361547574400902
3656,4.418078117072582
3657,6.226965740323067
3658,5.923881322145462
3659,4.3464405462145805
3660,6.599142149090767
3661,8.133798837661743
3662,5.7019220888614655
3663,5.231996119022369
3664,7.565389424562454
3665,6.851181969046593
3666,4.944265425205231
3667,4.893172562122345
3668,4.852041348814964
3669,4.6884002685546875
3670,4.479045525193214
3671,4.5231229066848755
3672,4.446976736187935
3673,5.551902487874031
3674,6.216543406248093
3675,4.902829006314278
3676,4.800868853926659
3677,4.55864642560482
3678,5.084899589419365
3679,4.899633288383484
3680,5.388795420527458
3681,4.593049913644791
3682,5.316200777888298
3683,4.402961045503616
3684,4.431456819176674
3685,4.448346495628357
3686,4.353123709559441
3687,4.2149495631456375
3688,4.1886957958340645
3689,4.281781733036041
3690,4.377245053648949
3691,4.895970746874809
3692,4.379750356078148
3693,4.176674127578735
3694,4.285406030714512
3695,4.805026680231094
3696,4.573892846703529
3697,4.908942714333534
3698,5.180820539593697
3699,5.677442640066147
3700,4.9167355597019196
3701,4.819861933588982
3702,5.0733770579099655
3703,4.6236844807863235
3704,4.518000811338425
3705,4.36159060895443
3706,4.876162752509117
3707,4.582041822373867
3708,4.4851894080638885
3709,4.3290251940488815
3710,4.449495449662209
3711,4.42917837202549
3712,4.340574622154236
3713,4.44884580373764
3714,4.614789441227913
3715,4.5264290273189545
3716,4.537300571799278
3717,4.9689760357141495
3718,5.2215675711631775
3719,5.315801590681076
3720,5.157111346721649
3721,5.37545582652092
3722,5.292007267475128
3723,5.113985046744347
3724,7.669370204210281
3725,7.670418947935104
3726,8.372449517250061
3727,7.169881492853165
3728,6.967192232608795
3729,6.4874454736709595
3730,6.771254599094391
3731,6.73521614074707
3732,8.802330374717712
3733,8.102292656898499
3734,7.7439005970954895
3735,8.009032964706421
3736,7.650313973426819
3737,7.575299382209778
3738,7.445618271827698
3739,7.1677409410476685
3740,7.313947141170502
3741,7.016324549913406
3742,6.603894144296646
3743,6.952565222978592
3744,7.9951382875442505
3745,10.518109917640686
3746,26.50260841846466
3747,21.69267761707306
3748,33.621620655059814
3749,46.05558395385742
3750,45.22035026550293
3751,60.071489334106445
3752,51.177077770233154
3753,33.341063261032104
3754,30.471079111099243
3755,25.55579686164856
3756,22.420646905899048
3757,19.239076495170593
3758,14.440036177635193
3759,12.11180555820465
3760,12.592330396175385
3761,11.316668272018433
3762,10.44270795583725
3763,12.268074572086334
3764,11.62535011768341
3765,9.902847707271576
3766,7.606984883546829
3767,7.408252090215683
3768,7.710921555757523
3769,7.721359580755234
3770,8.137246787548065
3771,7.08837154507637
3772,6.674661159515381
3773,6.463075339794159
3774,6.2676727175712585
3775,5.564684480428696
3776,5.495376437902451
3777,5.543631434440613
3778,5.487869501113892
3779,5.770807594060898
3780,13.848407953977585
3781,31.54904556274414
3782,16.316463232040405
3783,14.179273128509521
3784,12.694892227649689
3785,10.805548965930939
3786,9.052241683006287
3787,8.37084436416626
3788,7.361135005950928
3789,6.599141895771027
3790,6.113748461008072
3791,6.048485100269318
3792,5.801942199468613
3793,5.566620618104935
3794,5.188724756240845
3795,5.061905711889267
3796,4.982678145170212
3797,4.749713957309723
3798,4.586717844009399
3799,4.590497136116028
3800,4.505916103720665
3801,4.513800472021103
3802,5.059770509600639
3803,4.841940090060234
3804,4.9099670350551605
3805,4.92212849855423
3806,37.087189853191376
3807,8.995486617088318
3808,8.77478089928627
3809,7.694630831480026
3810,6.492202162742615
3811,6.210960924625397
3812,6.0776490569114685
3813,5.979181855916977
3814,5.385537102818489
3815,4.876097187399864
3816,4.783368483185768
3817,4.671630546450615
3818,4.503965318202972
3819,4.684181839227676
3820,4.45990277826786
3821,4.5839453637599945
3822,4.554328605532646
3823,4.569776281714439
3824,4.517564848065376
3825,4.410918205976486
3826,4.868854597210884
3827,4.703482434153557
3828,4.463658809661865
3829,4.661467343568802
3830,4.576842740178108
3831,4.387003675103188
3832,4.37242303788662
3833,4.355255156755447
3834,4.348653629422188
3835,4.445575371384621
3836,4.2457913011312485
3837,4.263260021805763
3838,4.187681496143341
3839,4.3236424177885056
3840,4.643147945404053
3841,4.441663905978203
3842,4.475250624120235
3843,4.244516164064407
3844,4.216961443424225
3845,4.30799774825573
3846,4.180018961429596
3847,4.273449614644051
3848,4.203169479966164
3849,4.1140788570046425
3850,4.155940979719162
3851,4.1357303857803345
3852,3.9786767810583115
3853,4.112913198769093
3854,4.065854720771313
3855,4.050216466188431
3856,4.084920629858971
3857,4.126154139637947
3858,4.129901319742203
3859,4.282604292035103
3860,4.162959307432175
3861,4.140144690871239
3862,4.122426614165306
3863,4.276890337467194
3864,4.27866493165493
3865,4.091436572372913
3866,4.1817071586847305
3867,4.098435387015343
3868,4.073036819696426
3869,4.156176283955574
3870,4.26449254155159
3871,4.3966339230537415
3872,4.669707238674164
3873,4.5427398681640625
3874,4.284685462713242
3875,4.360210746526718
3876,4.397385969758034
3877,4.5500528216362
3878,4.42827270925045
3879,4.40145979821682
3880,4.436887159943581
3881,4.554552808403969
3882,4.599320739507675
3883,4.467612519860268
3884,4.349378973245621
3885,4.301419660449028
3886,4.263360723853111
3887,4.1396691501140594
3888,4.3215866684913635
3889,4.184763729572296
3890,4.373961508274078
3891,4.293313160538673
3892,4.2693112045526505
3893,4.082559585571289
3894,4.186909601092339
3895,4.098504386842251
3896,4.275962844491005
3897,4.275129079818726
3898,4.211419075727463
3899,4.18607659637928
3900,4.18329393863678
3901,4.240018978714943
3902,4.3109379559755325
3903,4.479517698287964
3904,4.497957944869995
3905,4.632650077342987
3906,4.339177578687668
3907,4.4568649381399155
3908,4.267788551747799
3909,4.310305699706078
3910,4.1243787705898285
3911,4.14632585644722
3912,4.11477766931057
3913,4.160199470818043
3914,4.152846321463585
3915,4.30555123090744
3916,4.279287964105606
3917,4.397310823202133
3918,4.506570726633072
3919,4.508800968527794
3920,7.115902125835419
3921,12.031449884176254
3922,10.166589677333832
3923,8.97322404384613
3924,8.199217796325684
3925,8.041488111019135
3926,11.048891723155975
3927,9.56554925441742
3928,10.350032687187195
3929,9.913258969783783
3930,11.314948379993439
3931,10.584621667861938
3932,8.950430572032928
3933,8.613318026065826
3934,8.014343023300171
3935,7.965982973575592
3936,7.287098824977875
3937,7.388536423444748
3938,6.52750825881958
3939,6.861246645450592
3940,6.637747347354889
3941,26.625861644744873
3942,9.439757585525513
3943,9.014369368553162
3944,8.785760819911957
3945,9.671504437923431
3946,8.666357934474945
3947,7.433519572019577
3948,7.0352922976017
3949,6.61422336101532
3950,6.160331130027771
3951,6.12636411190033
3952,6.23271182179451
3953,5.757348209619522
3954,5.486613690853119
3955,5.350880026817322
3956,5.237673208117485
3957,5.174628466367722
3958,5.2266359478235245
3959,5.162077814340591
3960,5.18237167596817
3961,5.072407633066177
3962,5.0129843056201935
3963,5.170537129044533
3964,4.939823746681213
3965,5.571452632546425
3966,4.858868807554245
3967,4.599544510245323
3968,4.631801649928093
3969,4.491744473576546
3970,4.595136314630508
3971,5.199740216135979
3972,4.574184417724609
3973,4.8047641813755035
3974,4.77968829870224
3975,4.62748421728611
3976,4.503095120191574
3977,4.603504687547684
3978,4.845727056264877
3979,4.618004873394966
3980,4.772975414991379
3981,4.649011343717575
3982,4.502773433923721
3983,4.680162042379379
3984,4.688631221652031
3985,4.5958996415138245
3986,4.517746463418007
3987,4.672509491443634
3988,4.617199942469597
3989,4.649281486868858
3990,4.634244471788406
3991,4.543719574809074
3992,4.600293233990669
3993,4.646132007241249
3994,4.509961470961571
3995,4.521284446120262
3996,4.477294474840164
3997,4.542360782623291
3998,4.831198289990425
3999,4.665958613157272
4000,4.83406987786293
4001,4.922759428620338
4002,5.2778961062431335
4003,5.482374355196953
4004,5.366815358400345
4005,5.117703020572662
4006,5.280714347958565
4007,4.9195475578308105
4008,4.753784626722336
4009,4.709378615021706
4010,4.685906141996384
4011,4.717706546187401
4012,4.605098113417625
4013,4.4795317351818085
4014,4.313022643327713
4015,4.443618178367615
4016,4.554047927260399
4017,4.5229553282260895
4018,4.469504684209824
4019,4.436491742730141
4020,4.359368547797203
4021,4.26143904030323
4022,4.162510171532631
4023,4.195002742111683
4024,4.201873563230038
4025,4.330806270241737
4026,4.290687590837479
4027,4.281486287713051
4028,4.678458526730537
4029,4.752672374248505
4030,4.83758544921875
4031,4.703682690858841
4032,4.747607991099358
4033,4.550090029835701
4034,4.4851914793252945
4035,8.467260152101517
4036,5.174600839614868
4037,5.2078856229782104
4038,5.272219598293304
4039,5.2878242284059525
4040,5.263115704059601
4041,5.227129012346268
4042,5.120673626661301
4043,4.892715781927109
4044,4.871641471982002
4045,4.474342793226242
4046,4.660916909575462
4047,4.505966916680336
4048,4.418855205178261
4049,4.455168828368187
4050,4.317980125546455
4051,4.398281529545784
4052,4.314108461141586
4053,4.589624926447868
4054,4.560253217816353
4055,4.737020924687386
4056,4.610011488199234
4057,4.455855518579483
4058,4.4235378205776215
4059,4.468506157398224
4060,4.426372691988945
4061,4.516704633831978
4062,4.553551122546196
4063,4.636505573987961
4064,4.573901787400246
4065,4.592277809977531
4066,4.996856167912483
4067,5.33480529487133
4068,5.273126468062401
4069,5.007713317871094
4070,17.376173436641693
4071,26.216073513031006
4072,20.332162976264954
4073,18.26412057876587
4074,16.45189881324768
4075,13.354631781578064
4076,11.963962852954865
4077,10.712034225463867
4078,10.29840898513794
4079,8.91751903295517
4080,8.204137921333313
4081,7.357210665941238
4082,6.978669345378876
4083,6.3917317390441895
4084,5.722397655248642
4085,5.448554068803787
4086,5.202883198857307
4087,4.964213028550148
4088,4.682382836937904
4089,7.98448745906353
4090,4.502156168222427
4091,4.609143644571304
4092,4.710705250501633
4093,4.663044422864914
4094,4.599318206310272
4095,4.489094495773315
4096,4.445948466658592
4097,5.301356196403503
4098,4.4639847576618195
4099,4.33784157037735
4100,4.231833532452583
4101,4.254425808787346
4102,4.195314779877663
4103,4.128124676644802
4104,4.382418937981129
4105,3.947287991642952
4106,3.9871399849653244
4107,3.948100931942463
4108,3.942065380513668
4109,9.13884712010622
4110,5.39490932226181
4111,5.25312727689743
4112,4.975320294499397
4113,4.951015427708626
4114,4.808814585208893
4115,4.428143680095673
4116,4.392427831888199
4117,4.2805293798446655
4118,4.2609937489032745
4119,4.341556251049042
4120,4.3670230358839035
4121,4.435919567942619
4122,4.356798559427261
4123,4.313859447836876
4124,4.548830360174179
4125,4.149690672755241
4126,4.232631675899029
4127,4.1876253336668015
4128,4.061682939529419
4129,4.125470742583275
4130,4.157166197896004
4131,4.208950623869896
4132,4.1719348430633545
4133,4.251045122742653
4134,4.161199331283569
4135,4.202782794833183
4136,4.177081294357777
4137,4.141252934932709
4138,4.166224956512451
4139,4.188230432569981
4140,4.116326034069061
4141,4.091698981821537
4142,4.152306959033012
4143,4.2557790875434875
4144,4.197809964418411
4145,4.34686104953289
4146,4.194781228899956
4147,4.2897641360759735
4148,4.18416815251112
4149,4.225306965410709
4150,4.232053726911545
4151,4.285369336605072
4152,4.431802064180374
4153,4.3828597366809845
4154,4.572515025734901
4155,4.581983223557472
4156,4.580750808119774
4157,4.722561851143837
4158,4.675178483128548
4159,4.641883939504623
4160,4.7504905462265015
4161,5.154439315199852
4162,4.647896870970726
4163,4.760786518454552
4164,4.815574452280998
4165,4.63466078042984
4166,4.784672066569328
4167,4.857960447669029
4168,4.920463368296623
4169,5.065245077013969
4170,4.728288680315018
4171,5.915717571973801
4172,5.015826910734177
4173,5.104594096541405
4174,4.790399208664894
4175,4.600791484117508
4176,4.54145373404026
4177,4.517712697386742
4178,4.487595081329346
4179,4.657909661531448
4180,4.501205742359161
4181,4.5024159997701645
4182,4.687375485897064
4183,4.627907112240791
4184,4.47924168407917
4185,4.486676245927811
4186,4.583598881959915
4187,4.519529953598976
4188,6.918804123997688
4189,5.288754731416702
4190,5.099964141845703
4191,5.166111558675766
4192,5.240030571818352
4193,5.018533959984779
4194,4.767093405127525
4195,4.613194584846497
4196,4.438045084476471
4197,4.510345488786697
4198,4.464706018567085
4199,4.467825293540955
4200,4.447059437632561
4201,5.974837452173233
4202,4.487588599324226
4203,4.52475705742836
4204,4.446841821074486
4205,4.918476909399033
4206,4.761204838752747
4207,5.1905588656663895
4208,4.591857686638832
4209,6.662630274891853
4210,4.3329847902059555
4211,5.017720580101013
4212,4.682646378874779
4213,4.507843524217606
4214,4.575038865208626
4215,4.495553195476532
4216,4.352012366056442
4217,4.315354719758034
4218,4.249095767736435
4219,4.413123831152916
4220,4.338623195886612
4221,4.225700944662094
4222,4.205306798219681
4223,4.14996825158596
4224,4.205293491482735
4225,4.156745113432407
4226,4.160666421055794
4227,4.181882217526436
4228,4.023560859262943
4229,4.156413830816746
4230,4.031600773334503
4231,4.133842200040817
4232,9.269234523177147
4233,22.642168760299683
4234,15.478065013885498
4235,16.57572901248932
4236,16.300485372543335
4237,15.710230112075806
4238,14.901514410972595
4239,14.684203147888184
4240,16.372159481048584
4241,21.87921416759491
4242,14.60745394229889
4243,14.995059490203857
4244,13.222764492034912
4245,12.194969773292542
4246,11.648509085178375
4247,9.90257352590561
4248,8.630719244480133
4249,7.878946900367737
4250,7.333162605762482
4251,6.736674010753632
4252,6.483051985502243
4253,6.029518008232117
4254,9.77206575870514
4255,5.398274779319763
4256,5.332034111022949
4257,5.0899577140808105
4258,4.791994243860245
4259,7.9841460436582565
4260,4.6123862862586975
4261,6.472722724080086
4262,5.735666841268539
4263,4.630501702427864
4264,5.635206386446953
4265,6.030183896422386
4266,4.79188397526741
4267,5.388440057635307
4268,4.41239470243454
4269,4.682309553027153
4270,5.347062736749649
4271,4.238320365548134
4272,4.312827005982399
4273,4.3944921642541885
4274,5.2147639989852905
4275,4.292693123221397
4276,4.970183908939362
4277,4.9420468509197235
4278,4.769631505012512
4279,4.737516440451145
4280,4.847719430923462
4281,4.281057372689247
4282,4.336586222052574
4283,4.238727927207947
4284,4.760932967066765
4285,4.397237852215767
4286,4.777786150574684
4287,4.472463950514793
4288,4.723232194781303
4289,4.134569399058819
4290,4.633730694651604
4291,4.1562889367341995
4292,4.802772596478462
4293,4.1191069930791855
4294,3.9108285009860992
4295,4.163462370634079
4296,4.114240616559982
4297,4.460135653614998
4298,4.291126877069473
4299,4.2224288284778595
4300,4.323606222867966
4301,4.546718828380108
4302,4.451133280992508
4303,4.198988005518913
4304,4.1079185754060745
4305,4.201163873076439
4306,4.227703481912613
4307,4.141830325126648
4308,4.109819799661636
4309,4.214119017124176
4310,4.062658347189426
4311,4.087099269032478
4312,4.039945408701897
4313,4.190918013453484
4314,4.267275542020798
4315,4.382133260369301
4316,4.248637780547142
4317,4.354625821113586
4318,4.238470196723938
4319,4.056946277618408
4320,4.112821288406849
4321,4.202584005892277
4322,4.955790251493454
4323,4.529402822256088
4324,5.004567533731461
4325,4.757864132523537
4326,4.699987575411797
4327,4.955809235572815
4328,4.731521725654602
4329,4.64992593228817
4330,4.604566276073456
4331,4.367184549570084
4332,4.389373987913132
4333,4.462202668190002
4334,4.5259741842746735
4335,4.346358194947243
4336,4.327155143022537
4337,4.333472847938538
4338,4.414408430457115
4339,4.44609571993351
4340,4.402830958366394
4341,4.461517035961151
4342,4.5438650995492935
4343,4.373770296573639
4344,4.38434125483036
4345,18.672986015677452
4346,13.80422854423523
4347,12.007668614387512
4348,11.473665058612823
4349,10.406595587730408
4350,9.039290368556976
4351,8.19420051574707
4352,7.207564651966095
4353,7.611418724060059
4354,7.250281512737274
4355,6.630695551633835
4356,6.221072643995285
4357,5.795071244239807
4358,5.364069312810898
4359,5.226375967264175
4360,5.099539548158646
4361,4.852182537317276
4362,4.58599990606308
4363,4.473664686083794
4364,4.299162402749062
4365,4.4700427651405334
4366,4.606221318244934
4367,4.328524738550186
4368,4.251373246312141
4369,4.175917766988277
4370,4.233966022729874
4371,4.2149650529026985
4372,4.261888846755028
4373,4.217642262578011
4374,4.207807458937168
4375,4.40761299431324
4376,4.248646520078182
4377,4.177702613174915
4378,4.166170462965965
4379,4.210330568253994
4380,4.084755912423134
4381,4.112419180572033
4382,4.031921826303005
4383,3.9197293892502785
4384,3.89135280251503
4385,3.846214659512043
4386,3.9526970237493515
4387,4.31697441637516
4388,4.141829930245876
4389,11.299821853637695
4390,10.751979351043701
4391,10.419598519802094
4392,9.388820469379425
4393,9.707081377506256
4394,8.689883768558502
4395,7.43892240524292
4396,11.805110782384872
4397,8.002531081438065
4398,7.6931039690971375
4399,6.9611305594444275
4400,6.486276268959045
4401,6.07790070772171
4402,16.654220163822174
4403,7.269028961658478
4404,6.426402300596237
4405,6.351348966360092
4406,5.856139212846756
4407,9.123897105455399
4408,7.331844061613083
4409,6.739136219024658
4410,5.958112448453903
4411,5.59581458568573
4412,5.339710474014282
4413,4.903663396835327
4414,4.736157581210136
4415,4.746578440070152
4416,4.688871994614601
4417,4.478692382574081
4418,4.509072497487068
4419,4.330305516719818
4420,4.1294911578297615
4421,4.20686374604702
4422,4.175380900502205
4423,4.1679918467998505
4424,4.076460547745228
4425,4.037818945944309
4426,3.980917826294899
4427,3.959501899778843
4428,4.023867689073086
4429,3.8777217119932175
4430,3.90959220379591
4431,3.824828028678894
4432,3.818167522549629
4433,3.862097069621086
4434,3.9039603918790817
4435,3.8890459164977074
4436,3.933349646627903
4437,3.8913146182894707
4438,3.85326386988163
4439,3.890363469719887
4440,3.970165476202965
4441,3.9459368214011192
4442,3.8940047919750214
4443,4.004273995757103
4444,3.950271748006344
4445,4.020240947604179
4446,3.9104670509696007
4447,3.997967928647995
4448,4.0433409214019775
4449,4.01612926274538
4450,3.962310642004013
4451,4.027388364076614
4452,4.166440278291702
4453,4.136469900608063
4454,4.073429487645626
4455,3.964405633509159
4456,3.974742278456688
4457,3.967342860996723
4458,3.9793842509388924
4459,3.958385929465294
4460,4.000248596072197
4461,3.994768351316452
4462,3.946635216474533
4463,3.906463399529457
4464,3.8579037934541702
4465,3.8992073014378548
4466,3.8562094792723656
4467,3.8621933087706566
4468,5.001319244503975
4469,3.9678341150283813
4470,4.0745087414979935
4471,4.084852293133736
4472,4.13020833581686
4473,4.333595111966133
4474,4.405640751123428
4475,4.336331591010094
4476,4.444935277104378
4477,4.264028318226337
4478,4.373121023178101
4479,4.306307151913643
4480,4.274407222867012
4481,4.277207866311073
4482,4.149531975388527
4483,4.2357854545116425
4484,4.232164524495602
4485,4.217948764562607
4486,4.265913501381874
4487,4.255710318684578
4488,4.25026074051857
4489,4.160662576556206
4490,4.109857827425003
4491,4.188465043902397
4492,4.100611850619316
4493,4.058420941233635
4494,4.159762144088745
4495,4.009500220417976
4496,4.133625037968159
4497,4.088174864649773
4498,4.1580290496349335
4499,4.093253046274185
4500,4.047850281000137
4501,4.036869406700134
4502,4.049169585108757
4503,4.034969091415405
4504,4.256706774234772
4505,4.221633478999138
4506,4.354907549917698
4507,4.321358278393745
4508,4.298317655920982
4509,4.201475061476231
4510,4.178207620978355
4511,4.230364426970482
4512,4.230704501271248
4513,4.973105430603027
4514,6.435597807168961
4515,6.339395344257355
4516,6.43180912733078
4517,6.701524913311005
4518,6.510670632123947
4519,6.484160304069519
4520,6.712138146162033
4521,6.511348694562912
4522,6.492260754108429
4523,6.478133261203766
4524,6.771439909934998
4525,6.6400008499622345
4526,6.167561918497086
4527,5.885769486427307
4528,5.5793196856975555
4529,5.41008922457695
4530,5.466878890991211
4531,5.321203798055649
4532,5.458220213651657
4533,5.5220228135585785
4534,5.405217811465263
4535,5.4234152883291245
4536,5.376403361558914
4537,5.23785325884819
4538,5.5139822363853455
4539,5.10444250702858
4540,5.155523091554642
4541,4.97696179151535
4542,5.107289806008339
4543,4.937915652990341
4544,4.789529800415039
4545,4.7056692987680435
4546,4.794933870434761
4547,4.800187289714813
4548,4.644150495529175
4549,4.673468112945557
4550,4.626487284898758
4551,4.387300789356232
4552,4.4960228353738785
4553,4.673992723226547
4554,4.736800864338875
4555,4.664738059043884
4556,4.378662928938866
4557,4.4611868262290955
4558,4.312597870826721
4559,4.183335214853287
4560,4.101842947304249
4561,4.084323860704899
4562,3.966417506337166
4563,4.117060534656048
4564,4.08836092799902
4565,4.080789029598236
4566,4.013015404343605
4567,3.9496074840426445
4568,3.969506397843361
4569,3.929058738052845
4570,3.9721730053424835
4571,3.8883543461561203
4572,3.8007140457630157
4573,3.767225831747055
4574,3.775608852505684
4575,3.7633346244692802
4576,3.753979578614235
4577,3.8466165885329247
4578,3.8494227901101112
4579,3.872437298297882
4580,3.996408589184284
4581,4.092365115880966
4582,3.9847440347075462
4583,3.964391365647316
4584,4.075694374740124
4585,4.032703399658203
4586,3.937799349427223
4587,3.974830523133278
4588,3.9605717584490776
4589,4.055440813302994
4590,4.022885978221893
4591,4.091728091239929
4592,4.016793519258499
4593,4.048102408647537
4594,4.01123271882534
4595,3.974668636918068
4596,4.070758745074272
4597,4.223148792982101
4598,4.150004640221596
4599,4.176957860589027
4600,4.191304534673691
4601,4.2192322909832
4602,4.294336408376694
4603,4.367026202380657
4604,4.485913068056107
4605,4.56547349691391
4606,4.464405402541161
4607,4.619567275047302
4608,4.678531154990196
4609,4.71241369843483
4610,4.695811957120895
4611,4.407225385308266
4612,4.453308045864105
4613,4.65169683098793
4614,4.681606814265251
4615,4.6446389853954315
4616,4.799735635519028
4617,4.775636777281761
4618,5.013912692666054
4619,5.143421143293381
4620,5.130352437496185
4621,4.989357426762581
4622,5.323958098888397
4623,5.362999230623245
4624,5.550754442811012
4625,5.373546630144119
4626,5.286145433783531
4627,5.342833250761032
4628,5.15158249437809
4629,5.2889231741428375
4630,5.374967932701111
4631,5.656426250934601
4632,5.499395847320557
4633,5.458951979875565
4634,5.371492087841034
4635,5.359716355800629
4636,5.2159750163555145
4637,5.498091891407967
4638,5.6880249083042145
4639,5.8203243017196655
4640,5.585917115211487
4641,5.528485223650932
4642,5.507233649492264
4643,5.610390990972519
4644,5.969715446233749
4645,6.028859525918961
4646,6.445358067750931
4647,6.600238472223282
4648,6.107583910226822
4649,5.924521118402481
4650,5.722522675991058
4651,5.8300401121377945
4652,5.485939711332321
4653,5.463941991329193
4654,5.258036226034164
4655,5.2231008261442184
4656,4.997930482029915
4657,4.950064182281494
4658,4.9083486050367355
4659,4.694418638944626
4660,4.507255628705025
4661,4.616013944149017
4662,4.645993530750275
4663,4.8498799949884415
4664,4.772409096360207
4665,4.785931333899498
4666,4.704758703708649
4667,4.757026389241219
4668,4.597237750887871
4669,4.440405607223511
4670,4.342686057090759
4671,4.371653392910957
4672,4.273869961500168
4673,4.177237614989281
4674,4.179022133350372
4675,4.098258018493652
4676,4.057501085102558
4677,3.9987590461969376
4678,4.023706398904324
4679,3.9657523408532143
4680,4.0139361172914505
4681,3.9067770317196846
4682,3.9085550010204315
4683,3.8710042238235474
4684,3.9451746940612793
4685,3.9898742586374283
4686,4.092661298811436
4687,3.970832236111164
4688,4.0617248341441154
4689,3.9295418709516525
4690,4.010539144277573
4691,3.9925018548965454
4692,3.969227895140648
4693,4.060987964272499
4694,4.265453979372978
4695,4.112206771969795
4696,4.121316097676754
4697,4.129674807190895
4698,3.9770263731479645
4699,3.9054308980703354
4700,3.923491172492504
4701,3.8323925882577896
4702,3.8795268908143044
4703,3.918210990726948
4704,3.8470352813601494
4705,3.897188387811184
4706,3.9422936365008354
4707,3.915378086268902
4708,3.94707490503788
4709,3.960953064262867
4710,4.065768226981163
4711,4.07394253462553
4712,4.190098166465759
4713,4.17657969892025
4714,4.223925843834877
4715,4.269227400422096
4716,4.3079666793346405
4717,4.270222693681717
4718,4.210690528154373
4719,4.110782593488693
4720,4.1568122655153275
4721,4.191635802388191
4722,4.1792256981134415
4723,4.128335773944855
4724,4.093106098473072
4725,4.210913889110088
4726,4.201933816075325
4727,4.28972752392292
4728,4.367880940437317
4729,4.334240511059761
4730,4.342618525028229
4731,4.310512438416481
4732,4.290297210216522
4733,4.498830571770668
4734,4.65272431075573
4735,4.6384928822517395
4736,4.514612898230553
4737,4.551967665553093
4738,4.601506277918816
4739,4.438816249370575
4740,4.445883244276047
4741,4.499610930681229
4742,4.366275668144226
4743,4.347927108407021
4744,4.358333423733711
4745,4.435863614082336
4746,4.507014386355877
4747,4.5411670953035355
4748,4.489185154438019
4749,4.6490111500024796
4750,4.450629070401192
4751,4.648469626903534
4752,4.664308398962021
4753,5.045771107077599
4754,4.95554792881012
4755,5.146721422672272
4756,5.108947798609734
4757,4.938354805111885
4758,4.874233439564705
4759,4.853798404335976
4760,4.890920907258987
4761,5.151293680071831
4762,5.160459667444229
4763,5.4407196044921875
4764,5.263336926698685
4765,5.41113243997097
4766,5.496519356966019
4767,5.559151291847229
4768,5.439621865749359
4769,5.549012541770935
4770,5.58978459239006
4771,5.439926236867905
4772,5.464951992034912
4773,5.895130157470703
4774,5.805496066808701
4775,5.5340686440467834
4776,5.519454598426819
4777,5.549490809440613
4778,5.564540892839432
4779,5.2590413093566895
4780,4.958328574895859
4781,4.951526910066605
4782,4.837940812110901
4783,4.633946821093559
4784,4.631698966026306
4785,4.505116879940033
4786,4.366660833358765
4787,4.4265061840415
4788,4.340738281607628
4789,4.270077228546143
4790,4.128282807767391
4791,4.189496710896492
4792,4.200795665383339
4793,3.995215058326721
4794,4.0672837048769
4795,4.163693070411682
4796,4.131931364536285
4797,4.1785160675644875
4798,4.242588996887207
4799,4.272387802600861
4800,4.344671756029129
4801,4.316105276346207
4802,4.1473977118730545
4803,4.121275462210178
4804,4.229970432817936
4805,4.251819849014282
4806,4.41791395097971
4807,4.389703184366226
4808,4.454131543636322
4809,4.50831826031208
4810,4.646080821752548
4811,4.497506663203239
4812,4.647043630480766
4813,4.707967773079872
4814,4.604988306760788
4815,4.644885793328285
4816,4.458617061376572
4817,4.508738592267036
4818,4.451711148023605
4819,4.384258478879929
4820,4.333240672945976
4821,4.273301362991333
4822,4.136450901627541
4823,4.098121948540211
4824,4.086914822459221
4825,4.152120724320412
4826,3.9755102694034576
4827,4.06659035384655
4828,3.8603865206241608
4829,4.017384022474289
4830,4.134122729301453
4831,4.048102512955666
4832,4.074465893208981
4833,4.1432376354932785
4834,4.083364233374596
4835,4.077263996005058
4836,4.008839137852192
4837,4.059328027069569
4838,4.010661214590073
4839,4.010568872094154
4840,3.9900191128253937
4841,3.8914658054709435
4842,3.8143807724118233
4843,3.785113148391247
4844,3.7741878926754
4845,3.6522280499339104
4846,3.7621748745441437
4847,3.8206633776426315
4848,3.8889809399843216
4849,3.9062614142894745
4850,3.9880909472703934
4851,4.089118212461472
4852,4.106634110212326
4853,4.1185033321380615
4854,4.23979452252388
4855,4.265378892421722
4856,4.11207090318203
4857,4.271819978952408
4858,4.385449051856995
4859,4.33604696393013
4860,4.386262074112892
4861,4.499496251344681
4862,4.5734497010707855
4863,4.584443539381027
4864,4.698645174503326
4865,4.704069018363953
4866,4.904002323746681
4867,4.636802926659584
4868,5.005475491285324
4869,5.09615021944046
4870,5.020523324608803
4871,4.918601289391518
4872,4.83189132809639
4873,4.9725020080804825
4874,4.7684174329042435
4875,4.802582174539566
4876,4.739757657051086
4877,4.824839800596237
4878,4.690086603164673
4879,4.7680394649505615
4880,4.672531574964523
4881,4.914850324392319
4882,4.754955738782883
4883,4.624018669128418
4884,4.4647224098443985
4885,4.493746489286423
4886,4.723299011588097
4887,4.653971806168556
4888,4.6970541179180145
4889,4.705818712711334
4890,4.721229359507561
4891,4.928588718175888
4892,4.931425288319588
4893,4.795102581381798
4894,4.943655773997307
4895,4.8819779753685
4896,4.830786943435669
4897,4.81099708378315
4898,4.693979799747467
4899,4.6256715059280396
4900,4.497955828905106
4901,4.5582796931266785
4902,4.606457352638245
4903,4.533400312066078
4904,4.327799737453461
4905,4.127891406416893
4906,4.076945200562477
4907,4.059126950800419
4908,4.138865202665329
4909,4.1209767162799835
4910,4.266085259616375
4911,4.201267302036285
4912,4.119869694113731
4913,4.162604883313179
4914,4.241864800453186
4915,4.1064004227519035
4916,4.019746899604797
4917,4.055749133229256
4918,4.172415003180504
4919,4.029608115553856
4920,4.005031459033489
4921,4.034052528440952
4922,4.034456446766853
4923,4.201471649110317
4924,4.181178152561188
4925,4.095877282321453
4926,4.164811432361603
4927,4.1945173144340515
4928,4.115639224648476
4929,4.076590359210968
4930,4.105770707130432
4931,4.069398000836372
4932,4.0329385176301
4933,3.995903991162777
4934,4.049289777874947
4935,4.0863384157419205
4936,4.086623191833496
4937,4.116658627986908
4938,4.087094582617283
4939,4.087601184844971
4940,4.079259172081947
4941,4.064013011753559
4942,3.9961639046669006
4943,4.00356824696064
4944,3.9623341113328934
4945,4.030924931168556
4946,4.095566526055336
4947,4.17736192047596
4948,4.187360733747482
4949,4.298809140920639
4950,4.317722603678703
4951,4.482033416628838
4952,4.399338886141777
4953,4.512366712093353
4954,4.6625150591135025
4955,4.839858412742615
4956,4.789590030908585
4957,5.0858762711286545
4958,4.987183183431625
4959,5.3281077444553375
4960,5.412311345338821
4961,5.5520221292972565
4962,5.395475655794144
4963,5.482631951570511
4964,5.414401948451996
4965,5.359944477677345
4966,5.1095587611198425
4967,5.003628224134445
4968,4.801994502544403
4969,4.774750784039497
4970,4.890720918774605
4971,4.813416615128517
4972,4.704329282045364
4973,4.644866064190865
4974,4.519824579358101
4975,4.612003713846207
4976,4.559247404336929
4977,4.444566905498505
4978,4.445838078856468
4979,4.6476159542799
4980,4.708843648433685
4981,4.618702128529549
4982,4.697463780641556
4983,4.614415302872658
4984,4.805802017450333
4985,4.76363205909729
4986,4.858797207474709
4987,5.0191163420677185
4988,5.038657754659653
4989,4.956569358706474
4990,5.223222434520721
4991,5.192010253667831
4992,5.181696534156799
4993,5.081359505653381
4994,5.254570513963699
4995,4.983075752854347
4996,5.006010085344315
4997,4.853731349110603
4998,5.0312280356884
4999,4.915289372205734
5000,5.05900277197361
5001,5.017474114894867
5002,5.018244042992592
5003,4.984194859862328
5004,5.237339407205582
5005,5.357242912054062
5006,5.36431410908699
5007,5.197704344987869
5008,5.244581758975983
5009,5.113810881972313
5010,5.017675653100014
5011,4.946492299437523
5012,4.89934279024601
5013,4.838595375418663
5014,4.769989609718323
5015,4.64334163069725
5016,4.606493830680847
5017,4.576595529913902
5018,4.442608684301376
5019,4.268820405006409
5020,4.327405638992786
5021,4.237370640039444
5022,4.259288653731346
5023,4.247563518583775
5024,4.218961849808693
5025,4.179270997643471
5026,4.0378094762563705
5027,3.9700299948453903
5028,3.8941232338547707
5029,3.8525469973683357
5030,3.8229685872793198
5031,3.757664993405342
5032,3.69907046854496
5033,3.7197177037596703
5034,3.642309732735157
5035,3.649544842541218
5036,3.6128941252827644
5037,3.6628310456871986
5038,3.7427476719021797
5039,3.8046944066882133
5040,3.914071336388588
5041,4.038070783019066
5042,4.045496627688408
5043,3.9135369807481766
5044,3.9489528983831406
5045,3.990804046392441
5046,4.073101989924908
5047,4.049074605107307
5048,4.041813932359219
5049,4.029376529157162
5050,7.29214870929718
5051,8.951240062713623
5052,9.052628576755524
5053,8.541255712509155
5054,8.38486784696579
5055,8.37910681962967
5056,8.247987627983093
5057,8.318810254335403
5058,8.308230221271515
5059,8.091539442539215
5060,7.529969125986099
5061,7.4504678547382355
5062,6.774692624807358
5063,6.528532803058624
5064,6.618799149990082
5065,6.493668556213379
5066,6.383224129676819
5067,6.607751101255417
5068,6.296583354473114
5069,10.465831071138382
5070,9.379168033599854
5071,9.382468432188034
5072,8.22391602396965
5073,7.984456032514572
5074,7.232365697622299
5075,6.908214509487152
5076,6.194237411022186
5077,5.689603507518768
5078,5.236098349094391
5079,4.775846466422081
5080,4.56467168033123
5081,4.428295448422432
5082,4.188887238502502
5083,4.118005581200123
5084,4.093310043215752
5085,3.9543770477175713
5086,3.8192568570375443
5087,3.7065819576382637
5088,3.622693069279194
5089,3.6547854989767075
5090,3.631676033139229
5091,3.5989104360342026
5092,3.590674962848425
5093,3.594861164689064
5094,3.521030865609646
5095,3.5528424084186554
5096,3.4844125285744667
5097,3.4884076565504074
5098,3.4807092025876045
5099,3.4548205509781837
5100,3.468351285904646
5101,3.5171692818403244
5102,3.503921363502741
5103,3.4598169438540936
5104,3.4491203166544437
5105,3.4379688650369644
5106,3.4995927326381207
5107,3.531814530491829
5108,3.4995598420500755
5109,3.4971335120499134
5110,3.5351845920085907
5111,3.488875988870859
5112,3.523206740617752
5113,3.566089428961277
5114,3.5444506779313087
5115,3.557330295443535
5116,3.642096593976021
5117,3.674705386161804
5118,3.707053057849407
5119,3.7395515218377113
5120,3.6799759194254875
5121,3.790084533393383
5122,3.9153705835342407
5123,3.963933251798153
5124,3.90019104629755
5125,3.8912246078252792
5126,3.966928131878376
5127,3.7957160472869873
5128,3.7965351715683937
5129,3.777056574821472
5130,3.800632879137993
5131,3.7643409594893456
5132,3.7044845297932625
5133,3.72068190574646
5134,3.7010923475027084
5135,3.7076483368873596
5136,3.6962062045931816
5137,3.6167874485254288
5138,3.607839487493038
5139,3.6994535997509956
5140,3.6922267004847527
5141,3.853588066995144
5142,3.815836973488331
5143,3.7462211698293686
5144,3.6966877803206444
5145,3.706485815346241
5146,3.6867611408233643
5147,3.701873615384102
5148,3.670385092496872
5149,3.708195596933365
5150,3.860336922109127
5151,3.756223998963833
5152,3.9192990213632584
5153,3.850147508084774
5154,3.9486030265688896
5155,3.8823432624340057
5156,3.8118692487478256
5157,3.8180716559290886
5158,3.7657829970121384
5159,3.7849837839603424
5160,3.743850313127041
5161,3.8332380205392838
5162,3.845782920718193
5163,3.7964963018894196
5164,3.6954941153526306
5165,3.685461290180683
5166,3.699067711830139
5167,3.752794399857521
5168,3.7513909935951233
5169,3.7319017201662064
5170,3.7420001067221165
5171,3.788388803601265
5172,3.711326874792576
5173,3.709643505513668
5174,3.7103044614195824
5175,3.764123138040304
5176,3.6898928210139275
5177,3.7662407979369164
5178,3.6739746779203415
5179,3.792173035442829
5180,3.7346451729536057
5181,3.7991376519203186
5182,3.8895890563726425
5183,3.9151597693562508
5184,3.9518172591924667
5185,3.9209698140621185
5186,3.959743060171604
5187,3.9974958673119545
5188,4.1728105545043945
5189,4.369647741317749
5190,4.511145815253258
5191,4.698429986834526
5192,4.5916082710027695
5193,4.631474390625954
5194,4.472360789775848
5195,4.655026167631149
5196,4.6577906012535095
5197,4.628444708883762
5198,4.4867823868989944
5199,4.549131065607071
5200,4.458928793668747
5201,4.448946505784988
5202,4.482521936297417
5203,4.764608949422836
5204,4.646090403199196
5205,4.795650213956833
5206,4.81559319794178
5207,4.871665194630623
5208,4.9969805628061295
5209,5.130255863070488
5210,5.357927590608597
5211,5.556952655315399
5212,5.74089503288269
5213,6.15161719918251
5214,6.609388709068298
5215,6.687305450439453
5216,6.674198418855667
5217,6.331387549638748
5218,6.4505477249622345
5219,6.391907185316086
5220,6.201870679855347
5221,6.0879046022892
5222,6.036598861217499
5223,6.011307716369629
5224,5.907553493976593
5225,5.767205744981766
5226,5.5634962022304535
5227,5.3657645881175995
5228,5.293795585632324
5229,5.199434816837311
5230,5.369703382253647
5231,4.866389960050583
5232,4.70013427734375
5233,4.700315177440643
5234,4.560428649187088
5235,4.588600337505341
5236,4.623044431209564
5237,4.7071229219436646
5238,4.409843787550926
5239,4.271078884601593
5240,4.075174115598202
5241,4.016220390796661
5242,3.9189378172159195
5243,3.80542204529047
5244,3.775574691593647
5245,3.753700166940689
5246,3.7173145189881325
5247,3.719035279005766
5248,3.6624572351574898
5249,3.72882379591465
5250,3.7031084671616554
5251,3.731104701757431
5252,3.6771168932318687
5253,3.6221377290785313
5254,3.6372482255101204
5255,3.6214549615979195
5256,3.591847565025091
5257,3.603969346731901
5258,3.6211956590414047
5259,3.6009576693177223
5260,3.600093327462673
5261,3.5835084840655327
5262,3.526022329926491
5263,3.5997392907738686
5264,3.521117515861988
5265,3.5343416444957256
5266,3.5856270007789135
5267,3.6556742042303085
5268,3.6169788241386414
5269,3.72381242364645
5270,3.637360669672489
5271,3.5950988605618477
5272,3.627687029540539
5273,3.675994485616684
5274,3.7469821497797966
5275,3.748199626803398
5276,3.746101938188076
5277,3.786155767738819
5278,3.74521217495203
5279,3.69251961261034
5280,3.6872817799448967
5281,3.845174416899681
5282,3.839304082095623
5283,3.750962123274803
5284,3.829647697508335
5285,3.8014575392007828
5286,3.8127255141735077
5287,3.7859990298748016
5288,3.7301667779684067
5289,3.7724820375442505
5290,3.798892728984356
5291,3.7925763204693794
5292,3.740017056465149
5293,3.7769515961408615
5294,3.7792477011680603
5295,3.7567354813218117
5296,3.8122480288147926
5297,3.814163438975811
5298,3.841271661221981
5299,3.9610725417733192
5300,3.917699307203293
5301,4.083064079284668
5302,4.093791499733925
5303,5.419103503227234
5304,10.319963902235031
5305,34.85967671871185
5306,26.12063431739807
5307,21.85934054851532
5308,20.33797335624695
5309,17.475348353385925
5310,17.33504843711853
5311,14.358251452445984
5312,12.286645293235779
5313,10.729073584079742
5314,9.619064092636108
5315,8.113998830318451
5316,8.191924542188644
5317,7.022151172161102
5318,6.722517937421799
5319,7.647770434617996
5320,6.584268480539322
5321,6.142646878957748
5322,5.674948036670685
5323,5.3475674241781235
5324,5.130004733800888
5325,4.728863313794136
5326,4.753002092242241
5327,4.641050472855568
5328,4.5561157166957855
5329,4.330935820937157
5330,4.224206618964672
5331,4.061361864209175
5332,3.985980376601219
5333,3.953528605401516
5334,3.7875332459807396
5335,3.858916752040386
5336,3.771388679742813
5337,3.755150943994522
5338,3.715168371796608
5339,3.7204025834798813
5340,3.6607213020324707
5341,3.723970778286457
5342,3.828553169965744
5343,3.7639333233237267
5344,3.7078262120485306
5345,3.8221076130867004
5346,3.8095390051603317
5347,3.8113709464669228
5348,3.7339094132184982
5349,3.658977285027504
5350,3.590084806084633
5351,3.6552546098828316
5352,3.5881193801760674
5353,3.5450058430433273
5354,3.487555146217346
5355,3.465755097568035
5356,3.4905622079968452
5357,3.531689375638962
5358,3.6192229837179184
5359,3.5889885053038597
5360,3.4505440443754196
5361,3.496713075786829
5362,3.609991878271103
5363,3.5220344439148903
5364,3.5517977215349674
5365,3.5414006635546684
5366,3.4874783903360367
5367,3.502721980214119
5368,3.5025282204151154
5369,3.469106923788786
5370,3.454693377017975
5371,3.4745356738567352
5372,3.5263217389583588
5373,3.750503718852997
5374,3.620632655918598
5375,3.62978108599782
5376,3.5847789123654366
5377,3.525601290166378
5378,3.6264191195368767
5379,3.61384504288435
5380,3.6697998456656933
5381,3.5986540652811527
5382,3.602307304739952
5383,3.703589543700218
5384,3.659146975725889
5385,3.561906009912491
5386,3.5459827184677124
5387,3.4808975756168365
5388,3.5389568619430065
5389,3.4698231481015682
5390,3.5094224363565445
5391,3.5026990175247192
5392,3.5371464863419533
5393,3.507094718515873
5394,3.4919412583112717
5395,3.492000050842762
5396,3.4816399812698364
5397,3.444294422864914
5398,3.45185948908329
5399,3.5018745437264442
5400,3.4187247343361378
5401,3.3939068354666233
5402,3.40316990762949
5403,3.4366085156798363
5404,3.4023171216249466
5405,3.4013888835906982
5406,3.4543862715363503
5407,3.4741711542010307
5408,3.497900389134884
5409,3.4944601841270924
5410,3.5338866524398327
5411,3.5854984670877457
5412,3.598991259932518
5413,3.5830967351794243
5414,3.519084919244051
5415,3.5537757575511932
5416,3.521878093481064
5417,3.586770974099636
5418,3.5450833179056644
5419,3.5818935967981815
5420,3.541212722659111
5421,3.5368714556097984
5422,3.475827917456627
5423,3.5506019070744514
5424,3.487760405987501
5425,3.5309488214552402
5426,3.5539161041378975
5427,3.5558634102344513
5428,3.5380102694034576
5429,3.605762965977192
5430,3.627619333565235
5431,3.644636422395706
5432,3.6529835760593414
5433,3.61542771756649
5434,3.6196371391415596
5435,3.5843017622828484
5436,3.590591222047806
5437,3.5877795331180096
5438,3.589346017688513
5439,3.5602928772568703
5440,3.5426715463399887
5441,3.580384761095047
5442,3.69775852560997
5443,3.688107542693615
5444,3.7992082238197327
5445,3.7572313621640205
5446,3.826205626130104
5447,3.8722824454307556
5448,3.875759370625019
5449,3.893640987575054
5450,3.9233288019895554
5451,3.913171850144863
5452,4.008524127304554
5453,4.04321001470089
5454,4.097543686628342
5455,3.9544743075966835
5456,4.100481279194355
5457,4.162174895405769
5458,4.32043769210577
5459,4.3412685841321945
5460,4.251525104045868
5461,4.245850421488285
5462,4.214020371437073
5463,4.156430259346962
5464,4.284725934267044
5465,4.461171001195908
5466,4.493355974555016
5467,4.541009828448296
5468,4.529978707432747
5469,4.5716289430856705
5470,4.568222194910049
5471,4.687142342329025
5472,4.956755295395851
5473,4.941345617175102
5474,5.002740353345871
5475,4.962842524051666
5476,4.950869798660278
5477,4.738384500145912
5478,4.899966016411781
5479,5.151330351829529
5480,5.237909436225891
5481,5.348658740520477
5482,5.396733969449997
5483,5.440134227275848
5484,5.575905814766884
5485,5.194982945919037
5486,5.172965541481972
5487,5.393703788518906
5488,5.0737092941999435
5489,5.104658454656601
5490,5.1422115713357925
5491,4.8602447509765625
5492,4.677608981728554
5493,4.606090486049652
5494,4.738293439149857
5495,4.49917171895504
5496,4.391093134880066
5497,4.331783413887024
5498,4.244933187961578
5499,4.359769269824028
5500,4.20152260363102
5501,4.1448517963290215
5502,4.0212318152189255
5503,3.988511800765991
5504,4.010361507534981
5505,3.835809923708439
5506,3.7996596917510033
5507,3.819620370864868
5508,3.7513496205210686
5509,4.643597528338432
5510,6.042802006006241
5511,6.002409353852272
5512,6.18792399764061
5513,6.364891290664673
5514,6.534374564886093
5515,5.9383940398693085
5516,5.552129536867142
5517,5.344007059931755
5518,5.274097204208374
5519,4.99515126645565
5520,4.787178784608841
5521,4.822895422577858
5522,4.568595826625824
5523,4.490148082375526
5524,4.481243401765823
5525,4.391497455537319
5526,4.413102202117443
5527,4.251519396901131
5528,4.062594048678875
5529,4.007007263600826
5530,3.967170014977455
5531,3.8697181046009064
5532,3.7767654806375504
5533,3.6772817373275757
5534,3.570983439683914
5535,3.5290265642106533
5536,3.5469904020428658
5537,3.5236501283943653
5538,3.5296080112457275
5539,3.525880992412567
5540,3.514574598520994
5541,3.4814146980643272
5542,3.474610436707735
5543,3.4212093092501163
5544,3.4835258424282074
5545,3.4965430684387684
5546,3.517120435833931
5547,3.5454319454729557
5548,3.4976888820528984
5549,3.5595493242144585
5550,3.5381280332803726
5551,3.5280615240335464
5552,3.5684902667999268
5553,3.5526457875967026
5554,3.4977286979556084
5555,3.559554673731327
5556,3.5560327880084515
5557,3.593252658843994
5558,3.5455672778189182
5559,3.552663203328848
5560,3.6015724055469036
5561,5.943727575242519
5562,5.053887993097305
5563,5.340655133128166
5564,5.409679993987083
5565,5.483376294374466
5566,5.234988689422607
5567,5.210908487439156
5568,5.288259208202362
5569,5.211471706628799
5570,5.00656358897686
5571,5.367463976144791
5572,5.15282130241394
5573,5.289375439286232
5574,5.119233429431915
5575,5.177745521068573
5576,5.1645209193229675
5577,4.995446681976318
5578,4.7715907245874405
5579,4.547378435730934
5580,4.428153842687607
5581,4.460499882698059
5582,4.3490180522203445
5583,4.4888024777174
5584,4.428123041987419
5585,4.492497846484184
5586,4.436128348112106
5587,4.433992579579353
5588,4.466236039996147
5589,4.467731773853302
5590,4.495003893971443
5591,4.289239823818207
5592,4.246329188346863
5593,4.351672284305096
5594,4.292961478233337
5595,4.188186302781105
5596,4.252015553414822
5597,4.042499773204327
5598,3.936657339334488
5599,3.9332770332694054
5600,3.8663143888115883
5601,3.8351635932922363
5602,3.8331229835748672
5603,3.7574116438627243
5604,3.7095402777194977
5605,3.7404152899980545
5606,3.718711145222187
5607,3.733392968773842
5608,3.795338585972786
5609,3.6809132248163223
5610,3.6853391230106354
5611,3.7270204685628414
5612,3.725225754082203
5613,3.7690150141716003
5614,3.7651573941111565
5615,3.7197971045970917
5616,3.664931945502758
5617,3.7514851689338684
5618,3.798683501780033
5619,3.710965096950531
5620,3.717107370495796
5621,3.7619310542941093
5622,3.734699197113514
5623,3.683444045484066
5624,3.669077590107918
5625,3.7461415454745293
5626,3.8122434988617897
5627,4.903100878000259
5628,7.63533154129982
5629,6.960556387901306
5630,7.148801147937775
5631,8.119475424289703
5632,9.284415304660797
5633,11.575490951538086
5634,10.388473808765411
5635,11.681396126747131
5636,10.53397649526596
5637,9.930966258049011
5638,9.451811611652374
5639,9.253301978111267
5640,8.37561845779419
5641,7.972526907920837
5642,7.635091185569763
5643,8.678710758686066
5644,7.511315077543259
5645,7.1263116002082825
5646,6.416690111160278
5647,5.882760941982269
5648,5.322139725089073
5649,5.2163801193237305
5650,4.808732658624649
5651,4.49711400270462
5652,4.2740940153598785
5653,4.0331306383013725
5654,3.9340852946043015
5655,3.816368319094181
5656,3.8551850765943527
5657,3.7002433612942696
5658,3.801571674644947
5659,3.600584577769041
5660,3.6032382026314735
5661,4.172415133565664
5662,4.092759124934673
5663,4.318431757390499
5664,3.9759283885359764
5665,3.7494839802384377
5666,3.67965330183506
5667,3.6812962144613266
5668,3.648677445948124
5669,3.5918968841433525
5670,3.6189757212996483
5671,3.519161619246006
5672,3.5745979957282543
5673,3.5712450370192528
5674,3.473584145307541
5675,3.451953951269388
5676,3.429628275334835
5677,3.430670417845249
5678,3.3814741112291813
5679,3.357535060495138
5680,3.3193489722907543
5681,3.3739530071616173
5682,3.4825933761894703
5683,3.4388534650206566
5684,3.3755975998938084
5685,3.403118573129177
5686,3.387907724827528
5687,3.485555335879326
5688,3.4335152842104435
5689,3.442966364324093
5690,3.420587696135044
5691,3.351330731064081
5692,3.341480530798435
5693,3.8184899240732193
5694,3.9726525023579597
5695,4.022157423198223
5696,3.7900190353393555
5697,3.60954886674881
5698,3.7539273127913475
5699,3.613569274544716
5700,3.5452312529087067
5701,3.4832226783037186
5702,3.456678442656994
5703,3.459614247083664
5704,3.4885621778666973
5705,3.5784670934081078
5706,3.5945159271359444
5707,3.6015671491622925
5708,3.5318460315465927
5709,3.509927123785019
5710,3.5792409032583237
5711,3.4724301174283028
5712,3.6518555507063866
5713,3.6761090755462646
5714,3.623319685459137
5715,3.7479018345475197
5716,3.6883819177746773
5717,3.698483496904373
5718,3.5895921885967255
5719,5.210898086428642
5720,4.88299286365509
5721,5.024652920663357
5722,4.680750168859959
5723,4.67143589258194
5724,4.658212795853615
5725,4.506095707416534
5726,4.4195351749658585
5727,4.274646505713463
5728,4.1995557844638824
5729,4.228360965847969
5730,4.15721096098423
5731,4.233862280845642
5732,4.316687181591988
5733,4.209954589605331
5734,4.189422860741615
5735,4.080799907445908
5736,4.071549147367477
5737,4.008048206567764
5738,4.234077975153923
5739,4.35591396689415
5740,4.240944802761078
5741,4.245632700622082
5742,3.923543520271778
5743,3.91383820772171
5744,4.069171115756035
5745,4.083221949636936
5746,4.017108798027039
5747,3.843909353017807
5748,3.8179288432002068
5749,3.686447888612747
5750,3.661129340529442
5751,3.7316687405109406
5752,4.269607312977314
5753,4.146159648895264
5754,4.232016742229462
5755,4.146738484501839
5756,4.086778044700623
5757,3.906025007367134
5758,3.981874443590641
5759,3.993583098053932
5760,4.1040103286504745
5761,4.08515664935112
5762,4.179455116391182
5763,4.042011842131615
5764,4.308823302388191
5765,4.10393388569355
5766,4.00429767370224
5767,3.7710433900356293
5768,3.9638938903808594
5769,3.8538705855607986
5770,4.098609536886215
5771,4.092971637845039
5772,3.9918301850557327
5773,4.109463095664978
5774,4.011783987283707
5775,3.9776690527796745
5776,4.309130147099495
5777,4.109311208128929
5778,4.017091631889343
5779,3.9539970010519028
5780,4.106088161468506
5781,4.061675488948822
5782,4.115509510040283
5783,4.12948802113533
5784,3.9962609112262726
5785,3.943820148706436
5786,3.811245173215866
5787,3.9199962615966797
5788,3.909513473510742
5789,3.7877679616212845
5790,3.8339071720838547
5791,3.749106705188751
5792,3.6600538939237595
5793,3.6058443039655685
5794,3.597522184252739
5795,3.439475394785404
5796,3.5011038780212402
5797,3.5230134204030037
5798,5.484507188200951
5799,3.534193694591522
5800,3.5949619114398956
5801,3.5232053846120834
5802,3.445269353687763
5803,3.4926671236753464
5804,3.353468030691147
5805,3.3859222382307053
5806,8.87840387225151
5807,5.950194627046585
5808,5.71879768371582
5809,5.485534265637398
5810,5.363276869058609
5811,4.8352228701114655
5812,4.8838417530059814
5813,4.557673767209053
5814,4.391159266233444
5815,3.9146456718444824
5816,3.942536234855652
5817,3.8188956826925278
5818,3.552536576986313
5819,3.47733037173748
5820,3.417979061603546
5821,3.3016128912568092
5822,3.155462607741356
5823,3.2544772773981094
5824,3.164016045629978
5825,4.980589807033539
5826,3.6842306181788445
5827,3.478581354022026
5828,3.3606892228126526
5829,4.38805366307497
5830,3.7966978400945663
5831,3.83554008603096
5832,3.5768747851252556
5833,3.562238536775112
5834,3.525817185640335
5835,3.617958940565586
5836,3.4058660119771957
5837,3.436389669775963
5838,3.326061375439167
5839,3.2175474986433983
5840,3.1954350396990776
5841,3.060207359492779
5842,3.213345043361187
5843,3.0551887452602386
5844,2.9326222613453865
5845,2.9968679547309875
5846,2.9251751974225044
5847,2.9509277418255806
5848,3.0581792816519737
5849,3.035110183060169
5850,3.1148827597498894
5851,2.999456249177456
5852,3.2530957013368607
5853,3.460894003510475
5854,3.2144337818026543
5855,3.1616739630699158
5856,4.900393605232239
5857,3.409984841942787
5858,3.298081636428833
5859,3.9980593398213387
5860,3.2678265124559402
5861,3.1443288549780846
5862,3.3852890133857727
5863,3.3620319217443466
5864,3.329271800816059
5865,3.5894359201192856
5866,3.5402310490608215
5867,3.8888086155056953
5868,4.972471356391907
5869,4.723092153668404
5870,5.132778197526932
5871,4.9062976241111755
5872,5.000873148441315
5873,5.111919641494751
5874,4.786867588758469
5875,4.77016881108284
5876,4.718267202377319
5877,4.53349643945694
5878,4.433158278465271
5879,4.584344744682312
5880,4.521937906742096
5881,4.65298168361187
5882,5.637435749173164
5883,4.766391903162003
5884,4.865573048591614
5885,4.720229208469391
5886,4.760790750384331
5887,4.640971511602402
5888,5.906439110636711
5889,5.290574073791504
5890,4.783035039901733
5891,4.990425080060959
5892,5.104953318834305
5893,4.602251157164574
5894,4.483886674046516
5895,4.2163564413785934
5896,4.156504780054092
5897,3.931929886341095
5898,4.022281169891357
5899,3.8570116758346558
5900,3.7493268102407455
5901,3.719336658716202
5902,3.498865880072117
5903,3.507946699857712
5904,4.9538461565971375
5905,3.5596460849046707
5906,3.5320065319538116
5907,3.7322819605469704
5908,3.5287627577781677
5909,3.6421361714601517
5910,3.512601301074028
5911,3.429564893245697
5912,3.567854143679142
5913,3.329450860619545
5914,3.335361808538437
5915,3.1534788459539413
5916,3.103565976023674
5917,3.0902035906910896
5918,2.9944259226322174
5919,3.0132861211895943
5920,3.0195002257823944
5921,2.9988633319735527
5922,3.078388389199972
5923,3.07428065687418
5924,3.087468333542347
5925,3.0853359922766685
5926,3.0159159153699875
5927,3.0587619468569756
5928,3.6770866438746452
5929,3.3935226276516914
5930,3.4229864478111267
5931,3.263488106429577
5932,3.2760168612003326
5933,3.1333837434649467
5934,3.1531188935041428
5935,3.229082904756069
5936,3.1025609970092773
5937,9.760335877537727
5938,3.9664540961384773
5939,4.516668930649757
5940,4.111821837723255
5941,3.8930149227380753
5942,3.6927586495876312
5943,3.563429296016693
5944,3.3847865015268326
5945,3.367596186697483
5946,3.2401257678866386
5947,3.2324781864881516
5948,3.1405391693115234
5949,3.8099620193243027
5950,3.037756733596325
5951,3.1690907776355743
5952,3.1057314425706863
5953,3.1547367572784424
5954,3.025174096226692
5955,3.6122986376285553
5956,2.9270884841680527
5957,3.781479436904192
5958,3.704313013702631
5959,3.0234245993196964
5960,2.9736924543976784
5961,2.960739493370056
5962,2.924133062362671
5963,2.945844329893589
5964,3.053004004061222
5965,3.038877621293068
5966,3.040708139538765
5967,3.0438445657491684
5968,3.1329081878066063
5969,3.046131804585457
5970,3.087576773017645
5971,22.24639320373535
5972,19.120086789131165
5973,19.22713279724121
5974,16.8485050201416
5975,16.90624499320984
5976,13.485403776168823
5977,13.056352615356445
5978,12.22747540473938
5979,10.8182532787323
5980,8.955233573913574
5981,7.949256896972656
5982,7.317233204841614
5983,6.593352437019348
5984,6.00626528263092
5985,37.98518753051758
5986,11.456804811954498
5987,8.80244892835617
5988,7.989260792732239
5989,6.53911766409874
5990,7.226069360971451
5991,5.308478653430939
5992,4.960969418287277
5993,7.3390481024980545
5994,4.042700409889221
5995,3.8467545807361603
5996,3.6152071207761765
5997,3.4741868674755096
5998,3.2294074967503548
5999,3.2066681161522865
6000,3.102174364030361
6001,3.0909802690148354
6002,4.450279138982296
6003,2.9428844414651394
6004,3.1651145927608013
6005,2.8616600446403027
6006,3.5392329804599285
6007,2.9811036065220833
6008,3.702536478638649
6009,2.9280493818223476
6010,2.9238504618406296
6011,2.887029640376568
6012,3.3877649307250977
6013,4.284181118011475
6014,4.0010956376791
6015,3.74154182523489
6016,7.376893788576126
6017,4.616265282034874
6018,4.468950062990189
6019,3.9329104870557785
6020,4.3994017988443375
6021,6.418909654021263
6022,3.843830220401287
6023,3.673953056335449
6024,3.5221917927265167
6025,3.4775504618883133
6026,5.468074828386307
6027,3.3950891941785812
6028,3.303280293941498
6029,3.2891237437725067
6030,3.243645541369915
6031,3.450300507247448
6032,3.0571159720420837
6033,3.0889974907040596
6034,4.813742361962795
6035,3.2990460619330406
6036,3.102147914469242
6037,3.0455013811588287
6038,2.9463631585240364
6039,2.887871488928795
6040,2.780551578849554
6041,2.818514220416546
6042,2.843842949718237
6043,2.9168176725506783
6044,2.9685420282185078
6045,2.8962930142879486
6046,2.9196573682129383
6047,2.8319714814424515
6048,2.835817091166973
6049,2.8175308480858803
6050,2.93523108959198
6051,2.9052003547549248
6052,2.8812405839562416
6053,2.8576907701790333
6054,2.8814775496721268
6055,2.829735666513443
6056,2.8228589668869972
6057,2.8086575381457806
6058,2.699015013873577
6059,2.819383054971695
6060,2.814710207283497
6061,2.642339438199997
6062,2.7784961201250553
6063,2.777678731828928
6064,2.6446009799838066
6065,2.747882690280676
6066,3.162464302033186
6067,2.920301388949156
6068,2.919160917401314
6069,2.818570416420698
6070,2.9111382216215134
6071,2.8823281079530716
6072,2.909398153424263
6073,2.937581703066826
6074,2.8541218154132366
6075,2.823185335844755
6076,2.821615356951952
6077,2.7299052253365517
6078,2.820266619324684
6079,2.733292605727911
6080,2.929237734526396
6081,2.902339156717062
6082,3.0158388763666153
6083,2.94145405292511
6084,2.8539257422089577
6085,2.830953896045685
6086,2.8293316289782524
6087,2.8099965006113052
6088,2.886115338653326
6089,2.7330643497407436
6090,2.7779229506850243
6091,2.8410310596227646
6092,2.8715267702937126
6093,3.158701218664646
6094,2.8749011047184467
6095,2.933840736746788
6096,2.795703835785389
6097,2.788923744112253
6098,3.0523645728826523
6099,2.8636381030082703
6100,2.853547438979149
6101,2.9156589545309544
6102,2.93260857462883
6103,2.9128336757421494
6104,2.809161439538002
6105,2.8278293907642365
6106,2.876422941684723
6107,2.8084928020834923
6108,2.790364846587181
6109,2.848342090845108
6110,2.8296628519892693
6111,3.2013495936989784
6112,3.1436727419495583
6113,3.434835322201252
6114,3.1474140882492065
6115,3.135169140994549
6116,3.0677638202905655
6117,3.055768460035324
6118,3.064409501850605
6119,3.021528162062168
6120,3.1002374440431595
6121,3.091992735862732
6122,3.106687515974045
6123,3.0719972774386406
6124,3.0574981346726418
6125,2.9876972511410713
6126,3.0113219171762466
6127,2.897782675921917
6128,3.413765974342823
6129,3.349169135093689
6130,3.315744675695896
6131,3.350710242986679
6132,3.3988103419542313
6133,4.411948144435883
6134,4.518738478422165
6135,3.9135460555553436
6136,3.718630090355873
6137,3.5365078151226044
6138,3.495173841714859
6139,3.429881066083908
6140,3.3014642894268036
6141,4.375114679336548
6142,4.215611472725868
6143,4.707351014018059
6144,4.263907745480537
6145,3.7555424869060516
6146,3.738616928458214
6147,3.4586453661322594
6148,3.6427049338817596
6149,3.2006862312555313
6150,3.132302448153496
6151,3.05316648632288
6152,3.0543118044734
6153,3.360455460846424
6154,2.9351034685969353
6155,2.8364367112517357
6156,2.7857424169778824
6157,2.7705104276537895
6158,2.9714610502123833
6159,2.910312421619892
6160,3.2251344695687294
6161,2.953621543943882
6162,2.790804587304592
6163,4.056697718799114
6164,3.1991284638643265
6165,3.733519196510315
6166,3.0644115656614304
6167,3.2435340732336044
6168,2.846140891313553
6169,2.7396096140146255
6170,2.7944271340966225
6171,2.833638809621334
6172,3.068774178624153
6173,3.0068835392594337
6174,2.8208243548870087
6175,2.769470416009426
6176,3.213011935353279
6177,2.888642318546772
6178,2.7625946328043938
6179,2.950583294034004
6180,2.7455402463674545
6181,2.8230642527341843
6182,2.7415711730718613
6183,2.6962456107139587
6184,2.7764679342508316
6185,2.812233120203018
6186,2.8294895365834236
6187,2.7121812105178833
6188,2.693678691983223
6189,2.759402684867382
6190,2.734800949692726
6191,2.660027042031288
6192,3.9909369871020317
6193,3.9013205021619797
6194,4.00167416036129
6195,3.057228162884712
6196,2.9592865258455276
6197,2.856122389435768
6198,3.1643537282943726
6199,3.7203200682997704
6200,3.083108238875866
6201,3.1655382961034775
6202,3.80832377076149
6203,3.705923907458782
6204,3.085264280438423
6205,3.2461871951818466
6206,3.057375006377697
6207,2.934566870331764
6208,2.9425168186426163
6209,2.9905255287885666
6210,2.9684324339032173
6211,4.500603914260864
6212,4.246936216950417
6213,4.013684526085854
6214,3.5435511767864227
6215,5.33697934448719
6216,4.719434410333633
6217,4.287391841411591
6218,8.366606429219246
6219,7.877778694033623
6220,6.537669122219086
6221,6.541268587112427
6222,6.506650239229202
6223,6.884189993143082
6224,5.767712771892548
6225,10.613337263464928
6226,10.701515555381775
6227,11.476566314697266
6228,9.10755306482315
6229,10.1427703499794
6230,8.369155943393707
6231,8.940338551998138
6232,7.059739470481873
6233,6.3554298877716064
6234,5.691134065389633
6235,5.076603412628174
6236,5.868573039770126
6237,5.064211204648018
6238,3.8770681470632553
6239,3.5911692827939987
6240,3.418584942817688
6241,3.3328337967395782
6242,4.442951858043671
6243,3.364839307963848
6244,3.2355402410030365
6245,3.192102186381817
6246,3.092024452984333
6247,4.140836417675018
6248,3.8802417665719986
6249,2.9941843077540398
6250,2.99789809435606
6251,3.7309231385588646
6252,3.0206884667277336
6253,2.9345322512090206
6254,2.906830172985792
6255,2.920215331017971
6256,2.8504194989800453
6257,2.804152272641659
6258,2.8337315917015076
6259,2.88240297883749
6260,3.6056953072547913
6261,2.8089673668146133
6262,3.578263111412525
6263,2.820680610835552
6264,2.7937304340302944
6265,2.8148441575467587
6266,2.7716599740087986
6267,2.7861939407885075
6268,2.791173793375492
6269,2.782114263623953
6270,2.8027133345603943
6271,2.8602390959858894
6272,2.838292893022299
6273,2.8051396310329437
6274,2.8476508259773254
6275,2.8034019842743874
6276,2.787085298448801
6277,2.791210252791643
6278,2.7647112756967545
6279,2.7345945686101913
6280,2.7352763637900352
6281,2.8395295962691307
6282,2.8184477984905243
6283,2.851513300091028
6284,2.858988866209984
6285,2.769098896533251
6286,2.797358188778162
6287,2.933477722108364
6288,2.966254837810993
6289,2.951593302190304
6290,2.968862846493721
6291,2.9483120627701283
6292,2.9038350507616997
6293,2.906158432364464
6294,2.8865123316645622
6295,2.9389147236943245
6296,2.8770426400005817
6297,2.9646723568439484
6298,2.9914132207632065
6299,2.874905750155449
6300,2.9317766651511192
6301,3.047406569123268
6302,3.035249412059784
6303,3.121704652905464
6304,3.942064180970192
6305,3.082763232290745
6306,2.9653039649128914
6307,2.995214030146599
6308,2.9405521601438522
6309,3.025160051882267
6310,2.9885043427348137
6311,2.980943515896797
6312,3.1642787903547287
6313,2.9963257908821106
6314,3.257811777293682
6315,3.414624646306038
6316,3.160701684653759
6317,3.096597380936146
6318,3.0842639729380608
6319,2.9240510389208794
6320,2.9980633482337
6321,2.9769053384661674
6322,2.8986393436789513
6323,3.6731266528367996
6324,2.8027378283441067
6325,2.990160621702671
6326,2.9615579396486282
6327,2.863655671477318
6328,3.0869917273521423
6329,2.86849058419466
6330,3.150339037179947
6331,3.0300037413835526
6332,3.0322463363409042
6333,3.139530636370182
6334,3.0551921725273132
6335,3.2750714793801308
6336,3.1575198769569397
6337,3.919898644089699
6338,3.261038139462471
6339,3.1802952513098717
6340,4.23662906140089
6341,3.334694355726242
6342,3.3113953098654747
6343,3.2877470180392265
6344,3.2660117149353027
6345,4.242118440568447
6346,3.9499170184135437
6347,3.1373234689235687
6348,3.164125181734562
6349,3.1374183669686317
6350,3.922980822622776
6351,3.0754855424165726
6352,4.333156645298004
6353,3.3721159249544144
6354,3.345688506960869
6355,3.4472739696502686
6356,4.197392962872982
6357,4.049289412796497
6358,3.5203098580241203
6359,3.3671110793948174
6360,4.352248385548592
6361,3.560129404067993
6362,3.6952391117811203
6363,4.514716386795044
6364,4.996647223830223
6365,5.172307416796684
6366,4.643807530403137
6367,3.8754027038812637
6368,4.004407212138176
6369,3.8374460637569427
6370,3.741225726902485
6371,4.532914876937866
6372,3.662397801876068
6373,3.4887549430131912
6374,3.677451968193054
6375,3.5990602374076843
6376,4.32813386619091
6377,3.614077016711235
6378,4.246374294161797
6379,3.424509510397911
6380,4.095854334533215
6381,4.270288705825806
6382,3.421710580587387
6383,3.403362475335598
6384,3.4366275370121
6385,3.497633248567581
6386,3.4411570727825165
6387,4.205681785941124
6388,4.03859980404377
6389,3.8900497406721115
6390,4.016173832118511
6391,3.8202743977308273
6392,3.1384280547499657
6393,3.2525719106197357
6394,3.1636111214756966
6395,3.820685900747776
6396,3.8591087982058525
6397,3.8333242386579514
6398,3.903801091015339
6399,3.8924541026353836
6400,3.8673606365919113
6401,3.7555850073695183
6402,3.2387846410274506
6403,4.03760302811861
6404,4.137500159442425
6405,4.102199003100395
6406,3.4846820160746574
6407,3.966925710439682
6408,3.360600881278515
6409,4.052082486450672
6410,4.0606275498867035
6411,3.946196176111698
6412,4.01058666408062
6413,3.45577422529459
6414,4.044371224939823
6415,4.162919580936432
6416,3.495761916041374
6417,3.340618945658207
6418,3.3613434582948685
6419,3.287537597119808
6420,3.307704359292984
6421,3.4559329375624657
6422,4.186763882637024
6423,4.128359749913216
6424,3.9694460034370422
6425,3.336998887360096
6426,4.013673551380634
6427,3.279701754450798
6428,3.8669537529349327
6429,3.825665757060051
6430,3.935291014611721
6431,3.951728604733944
6432,4.043134540319443
6433,3.975476711988449
6434,4.0657088458538055
6435,3.8886252641677856
6436,3.4129521027207375
6437,4.1543316170573235
6438,3.2825783491134644
6439,3.2454485297203064
6440,3.965004026889801
6441,3.3381087705492973
6442,4.07720897346735
6443,4.072412073612213
6444,3.41346824914217
6445,3.379000373184681
6446,4.008456498384476
6447,3.2566940933465958
6448,3.180558294057846
6449,3.92023379355669
6450,4.039787627756596
6451,4.106428809463978
6452,3.2605469077825546
6453,4.033326707780361
6454,3.9336077496409416
6455,3.238907128572464
6456,4.12346488237381
6457,4.003438875079155
6458,4.092608876526356
6459,3.4361362382769585
6460,4.13662164658308
6461,3.5230627059936523
6462,4.135232478380203
6463,3.402795411646366
6464,3.4329452589154243
6465,4.178580924868584
6466,4.112583205103874
6467,3.426660731434822
6468,4.11528804898262
6469,4.150625832378864
6470,4.06676821410656
6471,3.583075910806656
6472,3.6514206156134605
6473,3.592472717165947
6474,4.239668220281601
6475,4.750699609518051
6476,3.941584125161171
6477,4.431163161993027
6478,3.844868019223213
6479,3.757416471838951
6480,4.222277969121933
6481,4.097582191228867
6482,4.074708975851536
6483,3.8557463586330414
6484,3.9446430653333664
6485,3.9984310790896416
6486,3.1940986439585686
6487,3.1571477949619293
6488,3.892208367586136
6489,3.082268387079239
6490,3.6899759024381638
6491,4.955623470246792
6492,4.1641641184687614
6493,3.826499991118908
6494,4.183275565505028
6495,4.258684389293194
6496,4.181467525660992
6497,4.352021858096123
6498,4.2395219802856445
6499,4.106417804956436
6500,4.241536885499954
6501,3.6741135865449905
6502,3.546924337744713
6503,4.400515258312225
6504,3.7275933921337128
6505,4.10831293463707
6506,4.1701430529356
6507,3.9465455785393715
6508,3.4901490956544876
6509,3.9153477624058723
6510,4.046887941658497
6511,3.3998614475131035
6512,4.015254989266396
6513,3.9412907138466835
6514,3.2164167761802673
6515,3.103555850684643
6516,3.752525568008423
6517,2.9783878847956657
6518,3.587249241769314
6519,3.6117770858108997
6520,3.6260271221399307
6521,3.6662421971559525
6522,3.619694322347641
6523,3.6318787038326263
6524,3.6465377397835255
6525,3.535411186516285
6526,3.659875124692917
6527,3.5971020199358463
6528,3.5919035896658897
6529,3.6370292603969574
6530,3.6428143680095673
6531,3.627347469329834
6532,3.658857263624668
6533,3.6823174580931664
6534,3.6630706936120987
6535,3.7390851378440857
6536,3.0171389430761337
6537,3.7390343323349953
6538,3.6939679756760597
6539,3.0545231699943542
6540,3.7243503406643867
6541,3.6654715836048126
6542,3.7131067290902138
6543,4.056303732097149
6544,8.710514277219772
6545,9.320663750171661
6546,12.356804728507996
6547,13.789259552955627
6548,13.068785071372986
6549,20.795605421066284
6550,23.4123957157135
6551,33.363566398620605
6552,26.700230598449707
6553,23.689571499824524
6554,22.81191325187683
6555,18.68495798110962
6556,15.56782853603363
6557,14.192137241363525
6558,10.619778096675873
6559,8.766724109649658
6560,8.339780569076538
6561,6.519186645746231
6562,6.199855625629425
6563,5.708002835512161
6564,6.65723380446434
6565,6.797462522983551
6566,6.38578063249588
6567,5.917720377445221
6568,5.291885271668434
6569,4.779994934797287
6570,4.6795357167720795
6571,4.37531940639019
6572,4.192059308290482
6573,4.186013549566269
6574,4.551175028085709
6575,5.857293426990509
6576,5.639029890298843
6577,5.795671045780182
6578,5.3459436893463135
6579,5.147821873426437
6580,5.111604765057564
6581,4.794035226106644
6582,5.690676748752594
6583,5.117129132151604
6584,4.991177752614021
6585,4.950036182999611
6586,4.724054753780365
6587,4.640901550650597
6588,4.392185732722282
6589,4.56541633605957
6590,4.563213482499123
6591,4.464817821979523
6592,4.24084036052227
6593,4.0109216049313545
6594,4.11683115363121
6595,4.779689267277718
6596,39.66778162121773
6597,21.653592884540558
6598,40.79539442062378
6599,16.125261425971985
6600,15.006597518920898
6601,11.190762221813202
6602,9.733677446842194
6603,8.167045414447784
6604,7.988174378871918
6605,6.934710681438446
6606,6.237343907356262
6607,5.6237683147192
6608,4.988321021199226
6609,4.486914485692978
6610,4.4513664692640305
6611,4.168849408626556
6612,4.157178305089474
6613,4.259458929300308
6614,3.9115719944238663
6615,4.0028801038861275
6616,3.7520223185420036
6617,4.047614812850952
6618,3.7100551798939705
6619,3.7028242759406567
6620,3.662716418504715
6621,4.325652092695236
6622,4.134535156190395
6623,4.448293827474117
6624,4.06081610918045
6625,3.941505014896393
6626,3.7047471031546593
6627,3.547575242817402
6628,5.526015862822533
6629,5.161358714103699
6630,4.546669125556946
6631,4.353951022028923
6632,4.160985812544823
6633,3.8820392787456512
6634,3.7330194264650345
6635,3.5931673869490623
6636,3.5618781074881554
6637,3.6962530240416527
6638,3.8625088706612587
6639,3.5053223967552185
6640,3.4374029487371445
6641,3.4675719141960144
6642,3.788316659629345
6643,4.065725766122341
6644,4.133584499359131
6645,3.932689182460308
6646,3.8531520888209343
6647,3.7464684695005417
6648,3.9246008172631264
6649,4.0600721053779125
6650,3.8143881037831306
6651,3.695107936859131
6652,3.7145844288170338
6653,3.6782909855246544
6654,3.7427687868475914
6655,3.6808443143963814
6656,3.680341809988022
6657,3.5608787834644318
6658,3.665055811405182
6659,3.5966096706688404
6660,3.4755202680826187
6661,3.692378580570221
6662,3.600434362888336
6663,3.4423950761556625
6664,3.589002251625061
6665,3.641940616071224
6666,3.645112544298172
6667,3.5371280051767826
6668,3.628449723124504
6669,3.4360294826328754
6670,3.4894356727600098
6671,3.5022276267409325
6672,3.4615228287875652
6673,3.455827847123146
6674,3.3687205761671066
6675,3.6751308143138885
6676,3.6805398985743523
6677,3.5956000983715057
6678,3.503808230161667
6679,3.6709829568862915
6680,3.6356182545423508
6681,3.70990739017725
6682,3.698003888130188
6683,4.032958559691906
6684,3.7889609783887863
6685,3.6564549803733826
6686,3.526204653084278
6687,3.6119094640016556
6688,3.591027118265629
6689,3.662989318370819
6690,3.5777116864919662
6691,3.4690153636038303
6692,3.4887502938508987
6693,3.5375784263014793
6694,3.555560551583767
6695,3.5608595050871372
6696,3.5086928345263004
6697,3.5466604493558407
6698,3.5110832788050175
6699,3.4485696367919445
6700,3.4211334101855755
6701,3.4568395726382732
6702,3.468321166932583
6703,3.492086686193943
6704,3.4267943762242794
6705,3.4801435694098473
6706,3.4175603836774826
6707,3.4904648549854755
6708,3.449744738638401
6709,3.525020580738783
6710,3.5086880438029766
6711,3.614953503012657
6712,3.605548657476902
6713,3.5752003453671932
6714,3.6057377234101295
6715,3.738734908401966
6716,3.6371207907795906
6717,3.7554903849959373
6718,3.7866909205913544
6719,3.727255590260029
6720,3.8468842953443527
6721,3.780173435807228
6722,3.7570585012435913
6723,3.953700289130211
6724,3.9212682023644447
6725,3.9190142825245857
6726,3.9268231615424156
6727,3.9254308119416237
6728,3.815877638757229
6729,3.8830427899956703
6730,3.8140481039881706
6731,3.833557464182377
6732,3.8455183655023575
6733,3.795140638947487
6734,3.8338134437799454
6735,3.91825944930315
6736,3.872800000011921
6737,3.909969337284565
6738,3.8249818608164787
6739,3.794610396027565
6740,3.7273430228233337
6741,3.651044398546219
6742,3.642417497932911
6743,3.709537513554096
6744,3.640986330807209
6745,3.620943482965231
6746,3.6602053567767143
6747,3.4193507730960846
6748,3.479514341801405
6749,3.5119435973465443
6750,3.4652600064873695
6751,3.5009179450571537
6752,3.443263903260231
6753,3.427734352648258
6754,3.40001380443573
6755,3.504556443542242
6756,3.5534431859850883
6757,3.4627925381064415
6758,3.775652926415205
6759,3.4283965453505516
6760,3.581815902143717
6761,3.531501919031143
6762,3.4900601282715797
6763,3.6899855360388756
6764,3.541109684854746
6765,3.4933433160185814
6766,3.680470295250416
6767,3.715842142701149
6768,3.5848860070109367
6769,3.6299622654914856
6770,3.5592059791088104
6771,3.598122552037239
6772,6.0027023032307625
6773,4.224718846380711
6774,4.1285387352108955
6775,3.8698625415563583
6776,3.6889431178569794
6777,3.5906811729073524
6778,3.803514175117016
6779,3.5119385048747063
6780,3.6078334152698517
6781,3.400101736187935
6782,3.381587564945221
6783,3.458755724132061
6784,3.4298335388302803
6785,4.055833071470261
6786,4.76972933858633
6787,3.4799619391560555
6788,4.291050896048546
6789,3.38428608328104
6790,3.8354845717549324
6791,3.6313700675964355
6792,3.8212089464068413
6793,3.7168813943862915
6794,3.712785318493843
6795,3.9839911460876465
6796,4.032741576433182
6797,4.071897238492966
6798,4.033702716231346
6799,22.15559408068657
6800,12.919610738754272
6801,11.727155208587646
6802,9.679607152938843
6803,8.775660336017609
6804,8.571232914924622
6805,7.830421805381775
6806,7.047278791666031
6807,6.446079969406128
6808,5.614482998847961
6809,5.1401636600494385
6810,4.803600341081619
6811,4.503958612680435
6812,4.4941588044166565
6813,5.499111279845238
6814,7.848533451557159
6815,5.8784612119197845
6816,4.90952068567276
6817,5.18714639544487
6818,4.944359660148621
6819,4.564154699444771
6820,4.302651971578598
6821,4.00861930847168
6822,4.737781077623367
6823,5.787537589669228
6824,5.5092838406562805
6825,4.531846106052399
6826,4.627411633729935
6827,4.413417875766754
6828,4.489978097379208
6829,4.161410868167877
6830,4.1006883308291435
6831,4.038293980062008
6832,4.032042451202869
6833,3.9870005548000336
6834,3.9207119047641754
6835,3.924186557531357
6836,3.866991847753525
6837,3.8670487478375435
6838,3.8341645523905754
6839,3.8006742149591446
6840,3.7815674990415573
6841,3.7555099949240685
6842,3.858918860554695
6843,3.9140293151140213
6844,3.7302943095564842
6845,3.7147918827831745
6846,3.7957803420722485
6847,3.8721580877900124
6848,3.8337724432349205
6849,3.7247093841433525
6850,3.675195597112179
6851,3.712261199951172
6852,3.7620239853858948
6853,3.771726183593273
6854,3.793418049812317
6855,3.777097336947918
6856,3.850151129066944
6857,3.8545384034514427
6858,3.9199539721012115
6859,3.916489861905575
6860,3.858258441090584
6861,3.874255061149597
6862,3.8537217751145363
6863,3.7845606580376625
6864,3.771947868168354
6865,3.7532980740070343
6866,3.7101548239588737
6867,3.7278835475444794
6868,3.8000242188572884
6869,3.8081548511981964
6870,3.7564067393541336
6871,3.7636984139680862
6872,4.631767719984055
6873,4.351078450679779
6874,4.278968423604965
6875,4.158572673797607
6876,4.133691497147083
6877,4.042865090072155
6878,3.991021081805229
6879,4.028086788952351
6880,4.071421429514885
6881,3.9604497775435448
6882,4.028593577444553
6883,4.0690209195017815
6884,3.963530905544758
6885,4.03870789706707
6886,4.048686534166336
6887,4.122228607535362
6888,3.9401923567056656
6889,4.034263513982296
6890,4.063638187944889
6891,3.932764619588852
6892,3.868922457098961
6893,3.9615981578826904
6894,3.8272275999188423
6895,3.802369937300682
6896,3.8239360749721527
6897,3.7607851326465607
6898,3.695656403899193
6899,3.6676692441105843
6900,3.6861919835209846
6901,3.6397105269134045
6902,3.635984368622303
6903,3.69811599701643
6904,3.684380792081356
6905,3.6964292898774147
6906,3.6685188710689545
6907,3.7290567085146904
6908,3.6656581833958626
6909,3.744808755815029
6910,3.760359823703766
6911,3.7430803403258324
6912,3.9618767127394676
6913,3.8135889545083046
6914,4.03563179820776
6915,3.7895153164863586
6916,3.873429089784622
6917,3.963116057217121
6918,3.8455863520503044
6919,3.8525027334690094
6920,3.9432844072580338
6921,3.735431507229805
6922,4.106440514326096
6923,3.948905684053898
6924,4.094599597156048
6925,3.7523717433214188
6926,4.24068208783865
6927,3.8115472346544266
6928,4.0999057069420815
6929,3.8404988422989845
6930,4.040263846516609
6931,3.767513506114483
6932,3.639730006456375
6933,3.5998573526740074
6934,4.027979202568531
6935,3.9156384244561195
6936,3.7249355986714363
6937,3.580757200717926
6938,3.5577388927340508
6939,4.012802302837372
6940,4.011375322937965
6941,4.148858115077019
6942,3.860211029648781
6943,4.4016770124435425
6944,4.557766377925873
6945,6.799365296959877
6946,7.179460808634758
6947,7.111430674791336
6948,7.099262744188309
6949,7.811661899089813
6950,7.088759779930115
6951,6.094081491231918
6952,6.365150421857834
6953,5.549278795719147
6954,10.164400815963745
6955,29.21961498260498
6956,40.498517990112305
6957,28.299672603607178
6958,22.910762071609497
6959,21.199617981910706
6960,17.940792441368103
6961,17.169437408447266
6962,12.25495982170105
6963,10.665433645248413
6964,9.411769211292267
6965,8.262630701065063
6966,7.054456561803818
6967,6.007069379091263
6968,6.531492114067078
6969,6.567901104688644
6970,5.590556725859642
6971,5.217995882034302
6972,4.941497221589088
6973,4.670800551772118
6974,4.407586336135864
6975,4.184590131044388
6976,4.094872437417507
6977,3.954849548637867
6978,3.962345041334629
6979,3.9127203822135925
6980,3.8222373351454735
6981,3.7818155214190483
6982,3.7754418812692165
6983,3.7876594439148903
6984,3.7850981280207634
6985,3.7368202172219753
6986,3.684868521988392
6987,3.6394511684775352
6988,3.6050236523151398
6989,3.6031653955578804
6990,3.604013968259096
6991,3.5807668827474117
6992,3.6403012573719025
6993,3.6293351650238037
6994,3.600549764931202
6995,3.568215198814869
6996,3.524536319077015
6997,3.5199285820126534
6998,3.513623345643282
6999,3.4987271428108215
7000,3.4630885124206543
7001,3.4238511249423027
7002,3.431948095560074
7003,3.4313442148268223
7004,3.4598653875291348
7005,3.5000398755073547
7006,3.6611331924796104
7007,3.5689718686044216
7008,4.1732554994523525
7009,6.3291086331009865
7010,27.9475100338459
7011,31.78907859325409
7012,10.527783811092377
7013,9.79578173160553
7014,8.309551805257797
7015,7.328142702579498
7016,6.349972277879715
7017,5.259497493505478
7018,5.129028171300888
7019,4.972004860639572
7020,4.59735281765461
7021,4.074624791741371
7022,4.256731599569321
7023,3.990428328514099
7024,3.974554628133774
7025,3.8719301968812943
7026,3.7887243404984474
7027,3.7229814380407333
7028,3.7009541019797325
7029,3.628631502389908
7030,3.6426480188965797
7031,3.616486221551895
7032,3.5622976571321487
7033,3.7975686118006706
7034,3.6001686304807663
7035,3.568957805633545
7036,3.2188695296645164
7037,3.5834616646170616
7038,3.5081671439111233
7039,3.48454861715436
7040,3.5072508677840233
7041,3.464268010109663
7042,3.527114860713482
7043,3.490654982626438
7044,3.4831387028098106
7045,3.4883582554757595
7046,3.622948281466961
7047,3.602827023714781
7048,3.6005114801228046
7049,3.5536879636347294
7050,3.513867899775505
7051,3.474882200360298
7052,3.4215224608778954
7053,3.4278522171080112
7054,3.402409002184868
7055,3.4009442403912544
7056,3.1391149163246155
7057,3.10398330911994
7058,3.477611131966114
7059,3.413176693022251
7060,3.36286710947752
7061,3.3089075721800327
7062,3.398409206420183
7063,3.3612361811101437
7064,3.4002511352300644
7065,3.3926849961280823
7066,3.370111670345068
7067,2.9837380833923817
7068,3.3172581754624844
7069,3.3424608185887337
7070,2.9149870462715626
7071,3.311750043183565
7072,3.3017814233899117
7073,3.2709519118070602
7074,3.2776196748018265
7075,3.2880146726965904
7076,2.894700065255165
7077,2.8934739977121353
7078,3.4738631807267666
7079,3.4408176206052303
7080,3.41224717348814
7081,3.4169013798236847
7082,3.365381646901369
7083,3.3554484099149704
7084,3.3660332821309566
7085,3.3897225446999073
7086,3.34859586507082
7087,3.339210618287325
7088,3.319622166454792
7089,3.4327670112252235
7090,2.91254523396492
7091,3.42194664478302
7092,3.4811143800616264
7093,3.478568598628044
7094,3.0445167869329453
7095,4.0887449979782104
7096,4.520648270845413
7097,4.040197975933552
7098,3.82367941737175
7099,3.1931501626968384
7100,3.6911428198218346
7101,3.544920839369297
7102,3.404466986656189
7103,3.3419407978653908
7104,3.329914964735508
7105,2.8386083506047726
7106,3.277471676468849
7107,3.2670867294073105
7108,2.700773574411869
7109,3.206383254379034
7110,2.676128827035427
7111,3.174725614488125
7112,2.6845171190798283
7113,3.2360651046037674
7114,4.294306255877018
7115,2.930029258131981
7116,2.6963821202516556
7117,3.1302636340260506
7118,3.4226687774062157
7119,3.4800612330436707
7120,3.3092873096466064
7121,3.304534688591957
7122,2.9104511216282845
7123,3.11343365162611
7124,3.0985307171940804
7125,2.7285550460219383
7126,3.0875527262687683
7127,2.688588224351406
7128,3.0666104331612587
7129,3.165803372859955
7130,3.119181625545025
7131,3.1810398176312447
7132,3.143632933497429
7133,3.2166530713438988
7134,2.806766130030155
7135,3.2377659380435944
7136,3.1093097776174545
7137,2.6889487504959106
7138,5.685664921998978
7139,5.80878883600235
7140,5.57732880115509
7141,5.930841743946075
7142,5.59618604183197
7143,5.549732595682144
7144,5.374003171920776
7145,4.844684958457947
7146,4.862006664276123
7147,4.598412662744522
7148,4.353107750415802
7149,4.199754998087883
7150,3.9649102836847305
7151,3.9091384559869766
7152,3.922568142414093
7153,3.8010805398225784
7154,3.844727486371994
7155,4.339739635586739
7156,3.898940548300743
7157,3.968492493033409
7158,3.8405786901712418
7159,3.6348557621240616
7160,3.5147637873888016
7161,3.3475040420889854
7162,3.2900148034095764
7163,3.1659917756915092
7164,3.170000322163105
7165,3.1353194415569305
7166,3.1083447337150574
7167,3.0589335188269615
7168,5.507390461862087
7169,6.373492851853371
7170,5.378123492002487
7171,5.481515318155289
7172,5.109430521726608
7173,4.974844411015511
7174,4.924503564834595
7175,5.06302997469902
7176,4.841369554400444
7177,4.790322691202164
7178,7.01179338991642
7179,6.150840491056442
7180,7.28932785987854
7181,7.166659861803055
7182,6.238478183746338
7183,5.52524396777153
7184,5.683244496583939
7185,4.656545236706734
7186,5.065351381897926
7187,4.591003000736237
7188,4.584381476044655
7189,3.7637556046247482
7190,4.134781524538994
7191,4.156529992818832
7192,4.164228081703186
7193,4.231073193252087
7194,4.003960765898228
7195,3.8537358790636063
7196,3.48410814255476
7197,3.7520074546337128
7198,3.2084593027830124
7199,3.706254795193672
7200,3.097059153020382
7201,3.7533339336514473
7202,3.698451317846775
7203,3.5089436769485474
7204,3.5889302119612694
7205,3.620539426803589
7206,3.0591545179486275
7207,3.111338682472706
7208,2.9718184024095535
7209,3.5603263825178146
7210,3.6291544511914253
7211,3.5775663629174232
7212,2.851020283997059
7213,3.5347962491214275
7214,2.787626016885042
7215,2.8889215104281902
7216,2.845700040459633
7217,3.644037790596485
7218,2.685724351555109
7219,2.9440733082592487
7220,2.928033873438835
7221,3.477671019732952
7222,2.9262634366750717
7223,2.9005547650158405
7224,3.6243258379399776
7225,2.9225573614239693
7226,2.807059146463871
7227,3.594632461667061
7228,3.512906067073345
7229,2.8357728756964207
7230,2.883101548999548
7231,3.007949583232403
7232,2.964270703494549
7233,2.759041700512171
7234,3.5546712651848793
7235,3.3899496160447598
7236,2.738442812114954
7237,2.8005227223038673
7238,2.7477985098958015
7239,3.4793212451040745
7240,3.47109792008996
7241,3.5045971237123013
7242,3.5237582623958588
7243,3.5625423789024353
7244,3.52501442655921
7245,3.607695162296295
7246,3.6165969744324684
7247,3.69284188747406
7248,3.5643316358327866
7249,3.7497335076332092
7250,3.761580489575863
7251,3.7303734198212624
7252,2.8764824122190475
7253,3.696981206536293
7254,3.557909108698368
7255,3.608564630150795
7256,2.853286676108837
7257,3.5201342552900314
7258,3.473064437508583
7259,3.5263624489307404
7260,3.6523848101496696
7261,2.9651542007923126
7262,3.5748853534460068
7263,3.577908653765917
7264,2.9414901807904243
7265,3.4939228892326355
7266,3.4228721894323826
7267,3.41372449696064
7268,2.806883428245783
7269,3.685393862426281
7270,3.5016693621873856
7271,3.467154733836651
7272,3.7649548277258873
7273,3.4944785870611668
7274,3.4166901856660843
7275,2.75112134963274
7276,3.399560246616602
7277,3.3277366496622562
7278,3.185462437570095
7279,3.5672614127397537
7280,3.6521820425987244
7281,3.600589580833912
7282,3.9734567664563656
7283,3.5609386935830116
7284,3.971013143658638
7285,3.191027447581291
7286,3.1901572048664093
7287,3.1995295137166977
7288,3.1876442581415176
7289,3.648604393005371
7290,3.8256891816854477
7291,3.71866437792778
7292,3.858063653111458
7293,3.85415568202734
7294,3.790490001440048
7295,3.6597127988934517
7296,3.611462637782097
7297,3.243518516421318
7298,4.654849782586098
7299,4.970198675990105
7300,5.339962124824524
7301,5.298909544944763
7302,6.430808782577515
7303,6.3425474762916565
7304,6.078115463256836
7305,5.742431551218033
7306,5.234166979789734
7307,5.643047034740448
7308,5.068861216306686
7309,4.92564682662487
7310,4.817974209785461
7311,8.077832907438278
7312,5.159943342208862
7313,5.500708520412445
7314,5.0891972333192825
7315,4.577446490526199
7316,4.277453705668449
7317,3.81091445684433
7318,3.8176026940345764
7319,3.515777349472046
7320,3.3154570907354355
7321,3.15410940349102
7322,3.2259180694818497
7323,3.0059248208999634
7324,4.411831766366959
7325,3.424215614795685
7326,3.973101422190666
7327,4.391216278076172
7328,8.684988975524902
7329,4.919148936867714
7330,4.985269919037819
7331,4.8321323543787
7332,5.324304223060608
7333,5.012854486703873
7334,4.26035612821579
7335,4.882663816213608
7336,4.154317989945412
7337,4.0707042664289474
7338,3.747692570090294
7339,3.7318581640720367
7340,3.55252805352211
7341,3.58374685049057
7342,5.083309352397919
7343,4.686585262417793
7344,4.664770424365997
7345,13.131144866347313
7346,6.195042014122009
7347,5.93489471077919
7348,5.316386312246323
7349,4.591400995850563
7350,4.321805834770203
7351,3.8392921090126038
7352,3.527366481721401
7353,3.258361667394638
7354,3.0562693178653717
7355,2.8020846396684647
7356,2.6709298864006996
7357,2.4931197091937065
7358,2.4226068034768105
7359,2.3453049659729004
7360,3.921413481235504
7361,2.9073993787169456
7362,2.854617141187191
7363,2.6476418897509575
7364,2.5909383073449135
7365,2.3762495517730713
7366,2.232094518840313
7367,2.5037363693118095
7368,2.3217253386974335
7369,2.3617677874863148
7370,2.1932403780519962
7371,2.219785250723362
7372,2.1284199655056
7373,2.5823539718985558
7374,2.4026854261755943
7375,2.5126243382692337
7376,2.33929206430912
7377,2.199023261666298
7378,2.432308793067932
7379,2.2306833416223526
7380,2.307704236358404
7381,2.059072330594063
7382,2.070759266614914
7383,2.1685068905353546
7384,1.92420843988657
7385,2.14154901728034
7386,2.0402774810791016
7387,1.9312381073832512
7388,1.9580204635858536
7389,1.9796256721019745
7390,1.8886955492198467
7391,2.3349190205335617
7392,2.0778110325336456
7393,2.415786910802126
7394,2.383426249027252
7395,2.0583394691348076
7396,1.9328343197703362
7397,2.0588393434882164
7398,1.7069329172372818
7399,1.7211307361721992
7400,2.2045251354575157
7401,3.243208274245262
7402,2.6891308277845383
7403,2.6458558589220047
7404,2.2825261503458023
7405,2.0700162649154663
7406,2.343075878918171
7407,4.935819298028946
7408,3.9366803616285324
7409,3.6647887229919434
7410,3.467243939638138
7411,3.1718272864818573
7412,2.8694237023591995
7413,3.1222613602876663
7414,3.3661367297172546
7415,3.2356449514627457
7416,2.790562629699707
7417,2.6691764742136
7418,2.8510615527629852
7419,2.6147665455937386
7420,2.747452288866043
7421,2.349705755710602
7422,2.546781688928604
7423,2.274478256702423
7424,2.1666276305913925
7425,2.239966943860054
7426,2.2849558293819427
7427,472.8802099227905
7428,105.43554782867432
7429,66.06252193450928
7430,41.61329364776611
7431,30.990318775177002
7432,23.389503955841064
7433,17.337596654891968
7434,12.59609317779541
7435,29.791927456855774
7436,91.01966571807861
7437,210.86486530303955
7438,179.02630043029785
7439,361.14380836486816
7440,276.4023246765137
7441,302.3974914550781
7442,546.1827011108398
7443,294.31039237976074
7444,222.99104690551758
7445,192.80214500427246
7446,151.85694026947021
7447,124.26736545562744
7448,107.4546070098877
7449,103.77977895736694
7450,114.86738395690918
7451,191.8016996383667
7452,266.06536865234375
7453,263.5201416015625
7454,108.03133773803711
7455,76.72003936767578
7456,63.36330270767212
7457,49.02722692489624
7458,46.59247875213623
7459,42.162795305252075
7460,34.17601919174194
7461,30.696367979049683
7462,33.326451778411865
7463,24.976094961166382
7464,27.475028038024902
7465,21.539032697677612
7466,21.396554470062256
7467,19.879287004470825
7468,19.522510528564453
7469,19.652658343315125
7470,17.98096513748169
7471,16.555543661117554
7472,16.898618936538696
7473,18.980744123458862
7474,32.125386238098145
7475,18.416889786720276
7476,19.218091130256653
7477,16.939113974571228
7478,23.8490788936615
7479,21.651280760765076
7480,18.016947865486145
7481,16.044116497039795
7482,14.2693030834198
7483,15.380084753036499
7484,15.74668562412262
7485,13.821462631225586
7486,13.4442298412323
7487,12.963310360908508
7488,16.657589495182037
7489,27.185256719589233
7490,16.358312010765076
7491,17.259378671646118
7492,14.167974710464478
7493,13.022001504898071
7494,15.913006067276001
7495,14.694238185882568
7496,12.552507519721985
7497,10.761226952075958
7498,61.54977136850357
7499,17.167136788368225
7500,13.371742010116577
7501,14.317768216133118
7502,11.856963634490967
7503,12.288181185722351
7504,11.366453886032104
7505,13.54348236322403
7506,10.139349162578583
7507,12.328097343444824
7508,10.492370545864105
7509,10.955926835536957
7510,9.71169376373291
7511,9.711817026138306
7512,10.125508427619934
7513,9.177883684635162
7514,9.705353260040283
7515,8.973507523536682
7516,9.030079066753387
7517,9.57078093290329
7518,8.913992762565613
7519,31.775630831718445
7520,41.05814266204834
7521,47.471418380737305
7522,41.89024114608765
7523,39.56642746925354
7524,37.47429442405701
7525,35.54621458053589
7526,28.94476318359375
7527,24.045846462249756
7528,22.860724091529846
7529,18.41162896156311
7530,17.92792546749115
7531,40.278247714042664
7532,19.671996116638184
7533,22.154248237609863
7534,18.302745163440704
7535,19.077122569084167
7536,18.04818046092987
7537,16.677698373794556
7538,15.736817717552185
7539,14.658097267150879
7540,14.424483299255371
7541,14.45507675409317
7542,13.178843021392822
7543,13.325668811798096
7544,15.759660482406616
7545,12.453491687774658
7546,12.208005368709564
7547,11.735222697257996
7548,11.489978551864624
7549,11.35450428724289
7550,14.8317249417305
7551,11.817829966545105
7552,11.816672623157501
7553,10.873880684375763
7554,11.022217631340027
7555,11.166849970817566
7556,12.66426932811737
7557,12.07434594631195
7558,11.89918965101242
7559,11.12821763753891
7560,8.982994258403778
7561,8.766808927059174
7562,9.741226255893707
7563,7.910997211933136
7564,10.257206797599792
7565,8.774610042572021
7566,8.581942856311798
7567,7.965270042419434
7568,9.20578944683075
7569,7.783207416534424
7570,8.568636178970337
7571,7.496647417545319
7572,7.530450820922852
7573,8.411804497241974
7574,7.83037930727005
7575,7.115557134151459
7576,7.402101933956146
7577,17.577057659626007
7578,15.826147198677063
7579,16.33061808347702
7580,22.604573965072632
7581,15.462290167808533
7582,12.809942960739136
7583,11.027534246444702
7584,11.20052284002304
7585,11.164733052253723
7586,9.701398313045502
7587,17.85636830329895
7588,13.869109749794006
7589,12.063754796981812
7590,9.304293513298035
7591,9.358153462409973
7592,7.724557816982269
7593,8.89244556427002
7594,7.725256383419037
7595,8.4966921210289
7596,9.368937849998474
7597,12.007384181022644
7598,8.601551562547684
7599,8.757205724716187
7600,7.83852744102478
7601,8.91631543636322
7602,8.624187171459198
7603,7.049052298069
7604,6.859060376882553
7605,6.324669927358627
7606,6.767450451850891
7607,7.53929328918457
7608,6.009844094514847
7609,7.234817743301392
7610,6.866769075393677
7611,8.19666737318039
7612,8.460234582424164
7613,6.489941090345383
7614,7.477856278419495
7615,6.444463789463043
7616,6.217442452907562
7617,6.161915957927704
7618,5.75625479221344
7619,5.340144366025925
7620,6.162985056638718
7621,5.988946616649628
7622,5.64924693107605
7623,5.162017777562141
7624,5.475333124399185
7625,5.908547461032867
7626,5.652934163808823
7627,6.7777349054813385
7628,6.1425400376319885
7629,6.076704561710358
7630,5.551284193992615
7631,5.1689563393592834
7632,5.294535398483276
7633,5.601430535316467
7634,5.308869272470474
7635,4.871196508407593
7636,5.002835154533386
7637,5.141203075647354
7638,5.697984457015991
7639,11.5635746717453
7640,33.801971077919006
7641,31.23972988128662
7642,16.63044309616089
7643,14.262150049209595
7644,12.381023526191711
7645,8.812386929988861
7646,7.602896869182587
7647,7.975126564502716
7648,6.900562405586243
7649,7.8372849225997925
7650,7.557242840528488
7651,6.590706825256348
7652,7.019916355609894
7653,6.762607723474503
7654,6.609966933727264
7655,5.9833250641822815
7656,5.641053557395935
7657,5.338471353054047
7658,5.477814882993698
7659,5.1158487200737
7660,5.927541792392731
7661,5.110590577125549
7662,5.4167779088020325
7663,4.871448338031769
7664,5.007969975471497
7665,5.635993629693985
7666,4.828161895275116
7667,4.547842964529991
7668,4.876383870840073
7669,8.967277735471725
7670,9.991571962833405
7671,60.163596630096436
7672,34.97159385681152
7673,23.758456230163574
7674,20.160693645477295
7675,16.58605408668518
7676,12.487921953201294
7677,10.904772639274597
7678,9.097415089607239
7679,8.02154278755188
7680,7.4078049659729
7681,6.677334100008011
7682,5.67488893866539
7683,5.843177556991577
7684,5.829887241125107
7685,5.99158450961113
7686,5.790885329246521
7687,5.911058574914932
7688,5.685277104377747
7689,5.245242804288864
7690,5.1954748928546906
7691,4.772319793701172
7692,4.841515928506851
7693,4.641680836677551
7694,5.24026420712471
7695,4.686052560806274
7696,5.784031420946121
7697,6.266401886940002
7698,5.238246917724609
7699,4.915567606687546
7700,6.617008447647095
7701,8.272982597351074
7702,6.3888022899627686
7703,9.804645985364914
7704,8.471562832593918
7705,6.914432197809219
7706,6.526751339435577
7707,5.755512595176697
7708,5.55800473690033
7709,5.179381489753723
7710,4.968417108058929
7711,5.5276124477386475
7712,4.83062407374382
7713,4.343539774417877
7714,4.6023846715688705
7715,4.940003901720047
7716,4.619612753391266
7717,4.178108274936676
7718,4.795231372117996
7719,4.41091787815094
7720,4.4239529222249985
7721,4.549376979470253
7722,4.278619199991226
7723,4.919022977352142
7724,4.888301402330399
7725,5.072760999202728
7726,4.662263005971909
7727,4.366221576929092
7728,4.544476017355919
7729,4.312963783740997
7730,4.309787809848785
7731,4.2096739411354065
7732,4.357341289520264
7733,4.762880384922028
7734,4.297739803791046
7735,4.240390300750732
7736,4.071451112627983
7737,4.129145607352257
7738,5.67989307641983
7739,5.671390026807785
7740,5.593062072992325
7741,5.182967841625214
7742,4.718178451061249
7743,4.6119924783706665
7744,5.766379415988922
7745,5.087704926729202
7746,4.413171902298927
7747,4.523548871278763
7748,4.241994082927704
7749,4.051662042737007
7750,4.409569278359413
7751,5.104417562484741
7752,4.783261299133301
7753,4.084553927183151
7754,5.2157410979270935
7755,8.674030900001526
7756,7.876489192247391
7757,6.533722847700119
7758,5.522881925106049
7759,5.172025978565216
7760,5.26023930311203
7761,5.092787593603134
7762,4.777630656957626
7763,4.913898915052414
7764,4.603268712759018
7765,6.72786408662796
7766,5.628215700387955
7767,6.547613978385925
7768,5.181904971599579
7769,4.767041593790054
7770,4.399152308702469
7771,7.542888790369034
7772,6.338557213544846
7773,5.481681525707245
7774,4.582216411828995
7775,4.293464362621307
7776,4.441822841763496
7777,5.040970489382744
7778,4.527290344238281
7779,4.955306276679039
7780,4.286462426185608
7781,5.013051763176918
7782,4.370083153247833
7783,4.187278434634209
7784,4.504396602511406
7785,3.9208066761493683
7786,4.304506152868271
7787,3.9196437895298004
7788,4.182971701025963
7789,3.8576305955648422
7790,4.074486419558525
7791,3.7332836389541626
7792,3.850201904773712
7793,3.8489348143339157
7794,4.067257463932037
7795,4.090811833739281
7796,3.88262876868248
7797,5.519447818398476
7798,3.785957172513008
7799,4.2013754695653915
7800,4.560907393693924
7801,4.2153390198946
7802,4.4221673011779785
7803,8.28163643181324
7804,5.703584998846054
7805,5.538392603397369
7806,4.691952854394913
7807,4.11578032374382
7808,4.190412402153015
7809,8.056989997625351
7810,3.8108357042074203
7811,3.920205280184746
7812,5.364342600107193
7813,4.233335882425308
7814,4.050618469715118
7815,4.123602882027626
7816,3.7370653450489044
7817,3.993690565228462
7818,4.843756929039955
7819,3.89558644592762
7820,4.0546555519104
7821,3.7810724079608917
7822,3.684142768383026
7823,3.7237053960561752
7824,4.410823047161102
7825,4.206401452422142
7826,3.7780167758464813
7827,3.453322470188141
7828,3.531578406691551
7829,3.662876933813095
7830,3.837736949324608
7831,3.420247361063957
7832,3.8322678357362747
7833,3.57170769572258
7834,4.1305732280015945
7835,4.131724238395691
7836,4.599453806877136
7837,3.7619770169258118
7838,4.251589119434357
7839,3.7300588488578796
7840,4.292637825012207
7841,9.275631666183472
7842,8.487188577651978
7843,7.4423070549964905
7844,7.1013572216033936
7845,7.862046241760254
7846,6.567306756973267
7847,6.998225450515747
7848,5.889575123786926
7849,5.391392678022385
7850,7.506235897541046
7851,7.813754022121429
7852,6.204617947340012
7853,5.842857718467712
7854,5.042004078626633
7855,4.267348498106003
7856,4.633046478033066
7857,4.049730807542801
7858,4.48588702082634
7859,3.904829278588295
7860,5.747867971658707
7861,5.2258079051971436
7862,5.758503437042236
7863,4.145166486501694
7864,13.569066405296326
7865,7.958283841609955
7866,7.982214152812958
7867,6.432000815868378
7868,6.017354071140289
7869,4.999215334653854
7870,4.9170531034469604
7871,6.021009922027588
7872,4.510825932025909
7873,4.424013048410416
7874,377.4232159256935
7875,243.46091842651367
7876,133.86119556427002
7877,83.00689125061035
7878,58.566575050354004
7879,39.170679569244385
7880,34.078935623168945
7881,27.831139087677002
7882,22.568851709365845
7883,18.287426471710205
7884,15.788223147392273
7885,14.970019221305847
7886,14.505114078521729
7887,12.638033747673035
7888,13.323159098625183
7889,17.865303337574005
7890,11.892786741256714
7891,11.675081968307495
7892,10.85668659210205
7893,10.130024433135986
7894,8.420246660709381
7895,8.822567641735077
7896,7.5531540513038635
7897,8.108578443527222
7898,7.442835569381714
7899,7.0287588238716125
7900,9.133668899536133
7901,8.374448716640472
7902,6.458532154560089
7903,6.253213405609131
7904,20.059900045394897
7905,14.564405679702759
7906,13.685558915138245
7907,11.698477625846863
7908,10.647400379180908
7909,12.0431627035141
7910,9.18638014793396
7911,12.59807014465332
7912,9.613314032554626
7913,21.921604990959167
7914,15.419473648071289
7915,13.72816026210785
7916,12.65228271484375
7917,9.835382401943207
7918,9.136958658695221
7919,8.145201861858368
7920,6.836485922336578
7921,6.963401556015015
7922,7.258824586868286
7923,8.057276010513306
7924,6.522135764360428
7925,6.44198152422905
7926,6.218738287687302
7927,6.657006591558456
7928,6.074730634689331
7929,5.939096391201019
7930,5.885532319545746
7931,5.997268617153168
7932,5.852075219154358
7933,5.269695430994034
7934,5.646711528301239
7935,5.195996999740601
7936,5.220939964056015
7937,5.619592756032944
7938,5.575003027915955
7939,6.036706447601318
7940,5.669322103261948
7941,5.383280396461487
7942,5.515464782714844
7943,5.175455659627914
7944,4.812060296535492
7945,4.906321316957474
7946,5.253146946430206
7947,4.905117630958557
7948,5.539207279682159
7949,4.853291600942612
7950,4.865143656730652
7951,4.756671220064163
7952,5.272538781166077
7953,4.911856800317764
7954,5.981482595205307
7955,5.368879318237305
7956,5.318591833114624
7957,8.1293263733387
7958,5.982702434062958
7959,5.7177901566028595
7960,10.543264508247375
7961,8.56387084722519
7962,8.95747286081314
7963,6.509580701589584
7964,5.641473591327667
7965,5.553755670785904
7966,5.699824124574661
7967,5.201211988925934
7968,7.0072905123233795
7969,5.649318844079971
7970,7.910806834697723
7971,5.763393729925156
7972,6.560258388519287
7973,7.603901565074921
7974,6.664629340171814
7975,5.639322936534882
7976,5.666728466749191
7977,5.885328590869904
7978,5.245288997888565
7979,4.646542906761169
7980,4.771307498216629
7981,4.655756264925003
7982,5.059534817934036
7983,5.295370727777481
7984,41.44559979438782
7985,25.723082542419434
7986,17.556044816970825
7987,13.894854068756104
7988,16.94576060771942
7989,11.08898550271988
7990,8.820521116256714
7991,8.066087484359741
7992,8.167113840579987
7993,6.029514491558075
7994,6.6510297656059265
7995,5.778167575597763
7996,5.639803886413574
7997,5.136329114437103
7998,5.0330690741539
7999,4.595276206731796
8000,4.44125297665596
8001,4.706045418977737
8002,9.002905279397964
8003,12.94236046075821
8004,7.5989298820495605
8005,6.816969156265259
8006,5.955062568187714
8007,5.11954653263092
8008,4.950831115245819
8009,4.204358816146851
8010,4.5538076758384705
8011,3.904179662466049
8012,4.025128498673439
8013,4.037521556019783
8014,3.584892198443413
8015,3.7666408121585846
8016,3.9588922411203384
8017,3.5125886499881744
8018,4.043786585330963
8019,3.741258889436722
8020,4.298036620020866
8021,3.553335979580879
8022,3.5959286391735077
8023,3.8659325391054153
8024,3.4405474960803986
8025,3.7092416137456894
8026,3.77400903403759
8027,3.592689037322998
8028,3.4696648716926575
8029,3.4718926697969437
8030,5.15963014960289
8031,9.317365437746048
8032,6.338890790939331
8033,5.525344550609589
8034,5.4382869601249695
8035,4.627978563308716
8036,4.395302474498749
8037,4.1958009004592896
8038,3.8834275603294373
8039,5.589300215244293
8040,7.021056950092316
8041,6.425970584154129
8042,5.187647610902786
8043,5.018049895763397
8044,4.076695889234543
8045,5.2786330580711365
8046,5.146907538175583
8047,4.556349396705627
8048,4.249980986118317
8049,4.063867315649986
8050,4.551851570606232
8051,4.332052543759346
8052,4.032309800386429
8053,3.835711285471916
8054,3.537717953324318
8055,4.431464210152626
8056,3.759172633290291
8057,4.0719432681798935
8058,3.9108455181121826
8059,3.988710045814514
8060,3.5774907171726227
8061,4.066147476434708
8062,3.7573812901973724
8063,3.895851746201515
8064,3.945786476135254
8065,6.247839629650116
8066,15.378004223108292
8067,10.773380637168884
8068,7.401532888412476
8069,7.014792025089264
8070,5.970156639814377
8071,5.912291318178177
8072,4.907545894384384
8073,10.24695000052452
8074,5.306105464696884
8075,4.6403805166482925
8076,5.02291151881218
8077,5.247456938028336
8078,5.6130713522434235
8079,4.387544870376587
8080,4.629649192094803
8081,4.442740127444267
8082,4.111361861228943
8083,5.605105146765709
8084,4.972424149513245
8085,4.662958562374115
8086,3.9471696317195892
8087,6.952497765421867
8088,6.889804482460022
8089,5.33865062892437
8090,5.332495242357254
8091,8.511596947908401
8092,14.301033824682236
8093,8.211787641048431
8094,8.188888311386108
8095,6.564351171255112
8096,5.568688482046127
8097,5.355836480855942
8098,6.819892883300781
8099,5.236212342977524
8100,6.37737101316452
8101,4.570852264761925
8102,5.8198646903038025
8103,5.167137175798416
8104,4.7276498675346375
8105,5.439751520752907
8106,4.664275676012039
8107,4.8798218965530396
8108,6.055272549390793
8109,3.844033896923065
8110,5.995631098747253
8111,4.013691246509552
8112,4.3173563331365585
8113,6.025597855448723
8114,8.371368885040283
8115,5.468408972024918
8116,4.661228001117706
8117,5.777619913220406
8118,5.844587087631226
8119,5.2355296313762665
8120,6.284202456474304
8121,4.348465919494629
8122,6.988878160715103
8123,6.568324863910675
8124,93.25831651687622
8125,59.20016598701477
8126,47.67328095436096
8127,37.36272692680359
8128,27.0899316072464
8129,25.201759815216064
8130,23.81864333152771
8131,19.10860538482666
8132,19.67623794078827
8133,21.509342908859253
8134,14.722251653671265
8135,13.40013176202774
8136,15.702218532562256
8137,19.168428897857666
8138,27.790156185626984
8139,30.71479845046997
8140,31.70272946357727
8141,24.271970748901367
8142,26.737703561782837
8143,22.689228057861328
8144,15.806164622306824
8145,16.761863827705383
8146,11.434470891952515
8147,14.510129809379578
8148,17.885055899620056
8149,17.12236136198044
8150,12.805657863616943
8151,12.027220785617828
8152,9.003849565982819
8153,13.839006066322327
8154,14.269894421100616
8155,9.974865436553955
8156,8.709994196891785
8157,7.394999563694
8158,7.373308420181274
8159,6.859826743602753
8160,6.586975574493408
8161,5.473145067691803
8162,5.376422464847565
8163,5.0376017689704895
8164,5.0120377242565155
8165,5.145842760801315
8166,4.977021127939224
8167,4.770889014005661
8168,4.70926570892334
8169,5.106593579053879
8170,5.166407406330109
8171,4.746978998184204
8172,4.620082303881645
8173,4.835650339722633
8174,4.358341798186302
8175,4.053536981344223
8176,4.042211353778839
8177,4.372298166155815
8178,4.314117103815079
8179,3.9893272519111633
8180,3.9983425587415695
8181,4.239387661218643
8182,4.389257073402405
8183,4.331137105822563
8184,4.641014337539673
8185,3.880761817097664
8186,3.9487219899892807
8187,3.8495336323976517
8188,3.9856922328472137
8189,3.8383065164089203
8190,4.775051012635231
8191,4.5244578421115875
8192,4.412455156445503
8193,5.101133942604065
8194,3.6992908269166946
8195,4.080288335680962
8196,3.7827418744564056
8197,4.142256006598473
8198,4.0482665449380875
8199,3.5490321218967438
8200,3.7586607187986374
8201,3.7562149316072464
8202,5.108846843242645
8203,5.003581911325455
8204,4.500601917505264
8205,5.293723836541176
8206,4.2974212020635605
8207,4.411669835448265
8208,4.479948699474335
8209,4.226062625646591
8210,3.967156782746315
8211,4.0054658353328705
8212,3.810215324163437
8213,3.451287493109703
8214,3.6375230848789215
8215,4.035997644066811
8216,3.64264515042305
8217,4.039410054683685
8218,3.848965436220169
8219,3.8584036380052567
8220,3.629828065633774
8221,3.945994406938553
8222,3.7841435223817825
8223,3.9938708543777466
8224,4.027992203831673
8225,3.777355507016182
8226,3.237795874476433
8227,3.162398084998131
8228,5.102859362959862
8229,3.755066856741905
8230,3.6683970242738724
8231,5.174683481454849
8232,4.584222108125687
8233,4.583821892738342
8234,4.265816763043404
8235,3.6620678454637527
8236,3.873635560274124
8237,3.836160898208618
8238,3.299169361591339
8239,4.6359231024980545
8240,3.9215245097875595
8241,4.00113919377327
8242,3.7317598909139633
8243,3.568357229232788
8244,3.8278664350509644
8245,3.441571056842804
8246,5.76364141702652
8247,4.1682600528001785
8248,3.8792213648557663
8249,3.538194254040718
8250,3.474287435412407
8251,3.5793149769306183
8252,3.60178279876709
8253,3.6803739964962006
8254,3.440704971551895
8255,4.009760215878487
8256,3.802293047308922
8257,3.515476956963539
8258,3.889584004878998
8259,3.4460281431674957
8260,3.189156413078308
8261,3.532005250453949
8262,3.543275609612465
8263,3.3151185363531113
8264,3.5695008262991905
8265,3.983367070555687
8266,3.373501479625702
8267,3.4499062448740005
8268,3.3039097785949707
8269,3.402634397149086
8270,3.5045962035655975
8271,3.0834200233221054
8272,3.266779750585556
8273,3.3149038404226303
8274,3.092478685081005
8275,3.1095643490552902
8276,3.0748974829912186
8277,3.034764140844345
8278,2.924939312040806
8279,3.019777789711952
8280,3.043086960911751
8281,3.1075575947761536
8282,3.105143263936043
8283,2.8389450907707214
8284,3.0314014852046967
8285,3.0307033210992813
8286,2.925985999405384
8287,2.8953645154833794
8288,3.1437057852745056
8289,3.2142502069473267
8290,5.178002700209618
8291,3.5284596234560013
8292,3.4099705666303635
8293,3.5315754264593124
8294,3.008480340242386
8295,2.8398678600788116
8296,3.7725659236311913
8297,2.979414351284504
8298,3.3800045549869537
8299,3.5174463018774986
8300,3.076721042394638
8301,3.01771742105484
8302,3.34698748588562
8303,3.084690347313881
8304,3.075884774327278
8305,3.5918866470456123
8306,4.742326021194458
8307,4.4962300807237625
8308,3.763076573610306
8309,3.2054342329502106
8310,3.1441302597522736
8311,3.296655848622322
8312,3.0147009789943695
8313,3.0090473145246506
8314,5.306849926710129
8315,5.231393575668335
8316,4.591417372226715
8317,4.317115366458893
8318,3.8664640933275223
8319,3.7169214636087418
8320,3.442522346973419
8321,3.595073491334915
8322,3.3602194488048553
8323,3.358706057071686
8324,3.293362781405449
8325,3.685263901948929
8326,3.5880474001169205
8327,3.5562782287597656
8328,3.4356988966464996
8329,3.220368966460228
8330,4.441852152347565
8331,3.558634638786316
8332,3.297406256198883
8333,3.649205267429352
8334,3.9679915755987167
8335,4.983330398797989
8336,5.016432568430901
8337,3.614057146012783
8338,3.4129600822925568
8339,4.348319888114929
8340,4.643275201320648
8341,4.840719044208527
8342,4.5187553614377975
8343,4.287451237440109
8344,3.803482085466385
8345,4.057326123118401
8346,3.632251814007759
8347,3.4443936198949814
8348,3.4803556948900223
8349,3.1971957087516785
8350,3.2843406349420547
8351,3.2309477478265762
8352,3.2412688583135605
8353,3.4754056334495544
8354,3.072765201330185
8355,3.4025475531816483
8356,3.127917855978012
8357,3.328377515077591
8358,3.2381798401474953
8359,2.985035687685013
8360,2.968648612499237
8361,3.1996120512485504
8362,3.0459812581539154
8363,2.9706512689590454
8364,3.0484276935458183
8365,3.7186239659786224
8366,3.7749675512313843
8367,3.9470794945955276
8368,3.3007307946681976
8369,3.943402335047722
8370,3.7065353095531464
8371,3.2405856400728226
8372,3.633350983262062
8373,3.113576114177704
8374,4.032130852341652
8375,4.222109526395798
8376,3.884802535176277
8377,3.319372773170471
8378,3.1934225857257843
8379,3.012636721134186
8380,3.7694390267133713
8381,3.2420750856399536
8382,2.891622632741928
8383,2.9821902960538864
8384,2.9708517640829086
8385,3.0542890802025795
8386,3.0013903975486755
8387,3.3139299899339676
8388,3.086499184370041
8389,3.16693776845932
8390,3.1846156418323517
8391,2.8417481929063797
8392,3.1197551786899567
8393,3.285950928926468
8394,3.2392332702875137
8395,3.2598759680986404
8396,12.931327119469643
8397,6.509853005409241
8398,5.758994817733765
8399,5.647797793149948
8400,5.5855139791965485
8401,5.348099708557129
8402,4.9810647666454315
8403,4.627644807100296
8404,4.746515721082687
8405,4.446525156497955
8406,4.407247453927994
8407,3.819865494966507
8408,3.793634369969368
8409,4.013373032212257
8410,4.739955380558968
8411,4.44361375272274
8412,4.3436341136693954
8413,4.34798426926136
8414,4.707470417022705
8415,4.019734129309654
8416,3.9584693610668182
8417,4.053002268075943
8418,3.9075382351875305
8419,19.167655125260353
8420,40.60392665863037
8421,30.97690200805664
8422,25.43874216079712
8423,23.543305158615112
8424,23.610116958618164
8425,17.596235990524292
8426,17.670567750930786
8427,13.45116126537323
8428,12.004340648651123
8429,13.970999479293823
8430,13.560320258140564
8431,11.83027994632721
8432,10.597886085510254
8433,9.696681261062622
8434,9.546290278434753
8435,9.407484233379364
8436,7.499352246522903
8437,6.746152192354202
8438,6.791720300912857
8439,6.160892605781555
8440,5.6303888857364655
8441,5.653373509645462
8442,4.752952754497528
8443,4.665133476257324
8444,4.490815460681915
8445,4.111640766263008
8446,4.1127553433179855
8447,3.982582375407219
8448,3.8513825684785843
8449,3.812641069293022
8450,4.4762550592422485
8451,4.436358332633972
8452,4.2575066685676575
8453,3.8677688986063004
8454,3.697617784142494
8455,3.8317837864160538
8456,3.9279635548591614
8457,3.8477393686771393
8458,3.8149203658103943
8459,3.9209844172000885
8460,3.861465945839882
8461,3.291886992752552
8462,3.635337069630623
8463,3.3957213312387466
8464,3.6027576625347137
8465,3.670630894601345
8466,3.62083537876606
8467,4.048392832279205
8468,3.386496379971504
8469,3.535778433084488
8470,3.3765653669834137
8471,3.08405439555645
8472,3.2761603742837906
8473,3.466920092701912
8474,3.1719133406877518
8475,3.1592943742871284
8476,3.1464864015579224
8477,3.2554206252098083
8478,3.1228820979595184
8479,3.214200757443905
8480,3.3747329711914062
8481,3.367084503173828
8482,3.2558069974184036
8483,3.2910293489694595
8484,3.304764449596405
8485,3.3224573582410812
8486,3.206929236650467
8487,3.3393985480070114
8488,3.563728578388691
8489,3.6711791455745697
8490,3.6568510234355927
8491,3.5161826461553574
8492,3.3143537640571594
8493,3.31180776655674
8494,3.184648849070072
8495,3.016779288649559
8496,4.524767830967903
8497,4.080290421843529
8498,4.333338350057602
8499,4.218456491827965
8500,3.9075293838977814
8501,3.5826194286346436
8502,3.2522426545619965
8503,3.423924535512924
8504,3.3492604047060013
8505,3.1794416159391403
8506,3.304075188934803
8507,3.2231892943382263
8508,3.1434537395834923
8509,3.2095325142145157
8510,3.1610847264528275
8511,2.912010259926319
8512,3.110617034137249
8513,3.218539983034134
8514,3.037432685494423
8515,2.880089931190014
8516,2.986795626580715
8517,2.9438502341508865
8518,2.9113787710666656
8519,2.96796652674675
8520,3.015162006020546
8521,2.859989069402218
8522,4.1414008513092995
8523,3.4750369638204575
8524,3.3189958333969116
8525,3.3255791068077087
8526,3.228797033429146
8527,3.423470064997673
8528,3.4968734085559845
8529,3.4122769832611084
8530,3.092326208949089
8531,3.079465374350548
8532,3.0129362270236015
8533,2.954881265759468
8534,3.054289698600769
8535,2.991310603916645
8536,3.124891571700573
8537,3.0369330793619156
8538,3.2536980360746384
8539,3.176349639892578
8540,3.1433691531419754
8541,3.116310238838196
8542,3.070779860019684
8543,3.1073768585920334
8544,2.9252137690782547
8545,2.9641347900032997
8546,3.128588944673538
8547,3.0786345154047012
8548,3.0718529522418976
8549,2.937341921031475
8550,2.925267480313778
8551,2.9079495519399643
8552,2.959692783653736
8553,3.0502666532993317
8554,4.034148454666138
8555,5.7705963253974915
8556,4.727045297622681
8557,4.5444439351558685
8558,4.22387920320034
8559,3.8836657404899597
8560,3.58138507604599
8561,3.631311073899269
8562,3.428087830543518
8563,3.162794664502144
8564,3.037408232688904
8565,3.11313683539629
8566,4.323201224207878
8567,6.281204789876938
8568,4.030669644474983
8569,3.774731770157814
8570,3.488013505935669
8571,3.38424152135849
8572,3.12605556845665
8573,3.046313613653183
8574,2.987718090415001
8575,3.1855571269989014
8576,4.337919265031815
8577,7.219908997416496
8578,5.815982967615128
8579,4.990342199802399
8580,4.518182024359703
8581,4.586165726184845
8582,4.483476102352142
8583,4.731061980128288
8584,3.7266164124011993
8585,3.457210436463356
8586,3.245757356286049
8587,3.350192978978157
8588,2.996185854077339
8589,2.89114473760128
8590,3.533129543066025
8591,3.6171875
8592,3.2318764328956604
8593,3.401587560772896
8594,3.122424528002739
8595,3.006924405694008
8596,3.024722009897232
8597,2.9437316060066223
8598,2.8528013303875923
8599,2.8508317694067955
8600,2.7678750827908516
8601,2.9022976234555244
8602,3.158196598291397
8603,3.4472584202885628
8604,2.826188564300537
8605,2.9562186002731323
8606,3.0106572806835175
8607,2.628988102078438
8608,2.7204736918210983
8609,3.886341340839863
8610,4.846150428056717
8611,4.2655288726091385
8612,4.22369958460331
8613,3.734688237309456
8614,3.3546237647533417
8615,3.3961842954158783
8616,3.038362130522728
8617,3.0702328383922577
8618,2.859031081199646
8619,3.009361907839775
8620,3.2470696344971657
8621,2.8454214334487915
8622,2.772629328072071
8623,2.7724876403808594
8624,2.808934025466442
8625,2.681626081466675
8626,2.802542194724083
8627,2.7409828156232834
8628,2.815614566206932
8629,2.7371605709195137
8630,2.7926790714263916
8631,2.753207467496395
8632,3.00247360765934
8633,2.822844199836254
8634,2.707986608147621
8635,2.561984047293663
8636,3.9383912086486816
8637,5.601454317569733
8638,5.368417978286743
8639,4.547041684389114
8640,4.3639538288116455
8641,3.7863219678401947
8642,3.703815519809723
8643,3.7777360528707504
8644,3.5810996145009995
8645,3.3630101829767227
8646,3.17456291615963
8647,3.1731681376695633
8648,3.055520474910736
8649,3.0681446865200996
8650,2.806645706295967
8651,2.896426483988762
8652,2.7300217375159264
8653,2.77481447160244
8654,2.609594576060772
8655,2.6075841188430786
8656,2.479504942893982
8657,2.5430071651935577
8658,3.2590284943580627
8659,3.3787877038121223
8660,4.424408949911594
8661,3.372343994677067
8662,3.5117109417915344
8663,3.369052767753601
8664,3.4544534236192703
8665,3.176124908030033
8666,3.2467920929193497
8667,2.9576464146375656
8668,2.7308171913027763
8669,2.8176877349615097
8670,2.6197693422436714
8671,2.6259623020887375
8672,2.518939658999443
8673,2.5484254509210587
8674,2.532066635787487
8675,3.092270404100418
8676,3.2400847002863884
8677,4.397393882274628
8678,3.1410861536860466
8679,3.0339252799749374
8680,2.877122677862644
8681,3.3914344534277916
8682,3.368526726961136
8683,3.26311232149601
8684,2.9015562161803246
8685,3.0252147242426872
8686,2.8077716007828712
8687,2.8557868748903275
8688,2.8211818262934685
8689,2.6370792984962463
8690,2.9559743404388428
8691,2.6965706795454025
8692,2.8790789991617203
8693,2.717379204928875
8694,2.7315657511353493
8695,2.6890768483281136
8696,2.818913698196411
8697,2.6361885517835617
8698,2.7499324455857277
8699,2.7610747888684273
8700,2.7966844141483307
8701,2.772230640053749
8702,3.1028528809547424
8703,2.8095051646232605
8704,2.7766734659671783
8705,3.4263618141412735
8706,3.608504928648472
8707,2.9979521110653877
8708,3.200103498995304
8709,3.0397830232977867
8710,2.89210095256567
8711,2.863558441400528
8712,3.056585431098938
8713,2.9156058579683304
8714,2.7410830184817314
8715,2.7844454646110535
8716,2.7478353828191757
8717,2.9114366099238396
8718,2.6022462844848633
8719,2.5409533083438873
8720,2.705611042678356
8721,2.6712762862443924
8722,2.6514820531010628
8723,2.758356936275959
8724,2.9208824038505554
8725,3.14275910705328
8726,2.93412709236145
8727,2.9210289269685745
8728,3.184667468070984
8729,2.980355143547058
8730,3.004206068813801
8731,2.9337282702326775
8732,3.0611636340618134
8733,3.0721211284399033
8734,3.090400353074074
8735,3.0967406928539276
8736,2.867218017578125
8737,2.945802129805088
8738,3.0545526146888733
8739,2.9899287968873978
8740,2.996829643845558
8741,3.0094664096832275
8742,2.8740967363119125
8743,2.761175476014614
8744,2.7160276398062706
8745,2.801474407315254
8746,2.8988073021173477
8747,2.7766818702220917
8748,2.837978258728981
8749,2.866072803735733
8750,2.8611088395118713
8751,2.811094269156456
8752,2.9135936200618744
8753,2.9192748963832855
8754,2.819049745798111
8755,2.7739577889442444
8756,2.776802271604538
8757,2.812853991985321
8758,2.95133987814188
8759,2.798334151506424
8760,2.9784523099660873
8761,2.7988922744989395
8762,4.198128372430801
8763,3.385858729481697
8764,3.4772626012563705
8765,3.410839080810547
8766,3.9228473156690598
8767,3.5279880464076996
8768,3.367990955710411
8769,3.3273775428533554
8770,2.86234875023365
8771,2.9140292704105377
8772,2.7129454910755157
8773,2.788379266858101
8774,2.995106279850006
8775,2.9048727303743362
8776,2.964647725224495
8777,2.986181326210499
8778,3.1569091975688934
8779,2.9729603976011276
8780,3.437886565923691
8781,3.5707139521837234
8782,3.5954961627721786
8783,3.5924251079559326
8784,3.602054640650749
8785,6.928496837615967
8786,5.966614127159119
8787,8.263355791568756
8788,8.273653030395508
8789,7.646006524562836
8790,7.802285879850388
8791,6.908379077911377
8792,6.695742875337601
8793,5.795948803424835
8794,7.067775547504425
8795,7.236635357141495
8796,5.639304935932159
8797,4.642342299222946
8798,5.510029911994934
8799,4.668318420648575
8800,3.4086855053901672
8801,3.50938118994236
8802,3.4242239743471146
8803,3.0749223977327347
8804,3.1386448442935944
8805,3.1263962388038635
8806,3.0888795629143715
8807,3.1216918379068375
8808,3.0090195909142494
8809,2.870297983288765
8810,2.794448472559452
8811,3.210364006459713
8812,2.7730953991413116
8813,2.7351832166314125
8814,2.691030889749527
8815,2.676453895866871
8816,2.5818638056516647
8817,2.6354803144931793
8818,2.6406847834587097
8819,2.692526914179325
8820,2.4379472881555557
8821,3.049413338303566
8822,2.4856705367565155
8823,2.757781483232975
8824,2.5029825568199158
8825,3.1450302749872208
8826,2.693799465894699
8827,3.1202260851860046
8828,2.765440210700035
8829,2.678636059165001
8830,2.8126513808965683
8831,2.881282575428486
8832,2.5986783877015114
8833,2.790054678916931
8834,3.044219233095646
8835,2.933565139770508
8836,3.040502056479454
8837,3.5550842881202698
8838,3.614416092634201
8839,11.64915019273758
8840,110.6447343826294
8841,61.59183597564697
8842,55.163296699523926
8843,44.04429292678833
8844,32.21260643005371
8845,31.560861349105835
8846,81.9297559261322
8847,47.618234157562256
8848,26.715958833694458
8849,20.830185174942017
8850,16.26409161090851
8851,11.571380496025085
8852,9.528287589550018
8853,8.049690663814545
8854,7.001525312662125
8855,6.391362637281418
8856,5.853306919336319
8857,5.319429904222488
8858,5.064825057983398
8859,5.906645312905312
8860,4.612768709659576
8861,4.500248000025749
8862,4.426593005657196
8863,4.094304457306862
8864,3.8736121356487274
8865,3.7369222939014435
8866,3.8117723166942596
8867,3.443140611052513
8868,3.4091107100248337
8869,3.656352661550045
8870,3.5625886619091034
8871,3.350981831550598
8872,3.7439466267824173
8873,3.4294270873069763
8874,3.2559102177619934
8875,3.175849735736847
8876,3.2906557098031044
8877,3.4993974566459656
8878,3.1743290424346924
8879,2.9588436484336853
8880,2.8680729791522026
8881,3.193410500884056
8882,3.234464004635811
8883,3.158008925616741
8884,3.496321141719818
8885,3.8237103074789047
8886,3.8421195447444916
8887,3.731189489364624
8888,3.455324500799179
8889,3.4924707263708115
8890,3.5500330924987793
8891,3.904382511973381
8892,5.540798127651215
8893,4.71882227063179
8894,5.463974863290787
8895,6.263037487864494
8896,4.451085269451141
8897,4.482654482126236
8898,4.793082043528557
8899,3.856264516711235
8900,3.730884313583374
8901,3.709664925932884
8902,3.652843624353409
8903,3.6250783652067184
8904,3.3885997757315636
8905,3.3150993064045906
8906,3.3302526250481606
8907,4.949672654271126
8908,4.886775873601437
8909,6.822643116116524
8910,4.691715493798256
8911,5.698355108499527
8912,4.703572243452072
8913,4.410326763987541
8914,4.681824758648872
8915,3.7264282926917076
8916,3.5885946229100227
8917,3.533841587603092
8918,3.4996847063302994
8919,3.6899844855070114
8920,3.4459593296051025
8921,3.3505254089832306
8922,6.330871433019638
8923,5.263436526060104
8924,7.23044416308403
8925,6.66507862508297
8926,5.80480469763279
8927,4.8233483880758286
8928,4.488516196608543
8929,4.500729516148567
8930,3.6168522983789444
8931,4.257061541080475
8932,4.187612071633339
8933,3.852992370724678
8934,3.8042692467570305
8935,4.027097754180431
8936,4.044806621968746
8937,4.196836732327938
8938,3.906081236898899
8939,3.63529534637928
8940,3.6813393905758858
8941,3.6837354749441147
8942,3.9299235939979553
8943,3.5712867751717567
8944,6.4629441648721695
8945,3.980059400200844
8946,4.00445456802845
8947,3.8006889671087265
8948,3.725021079182625
8949,3.557892329990864
8950,3.4690127596259117
8951,4.531515926122665
8952,4.054467760026455
8953,3.7573244497179985
8954,3.5166868716478348
8955,3.3428371399641037
8956,3.2697024419903755
8957,3.2607391998171806
8958,3.0975490659475327
8959,3.1474331095814705
8960,3.2736173793673515
8961,3.217479407787323
8962,3.1003672182559967
8963,3.058565117418766
8964,3.002485290169716
8965,2.9925034195184708
8966,3.258961483836174
8967,3.117588594555855
8968,3.1157193928956985
8969,3.0479612424969673
8970,2.8802837431430817
8971,2.898639939725399
8972,3.0736074820160866
8973,2.9636099338531494
8974,2.770002670586109
8975,2.705198474228382
8976,2.716116279363632
8977,2.677171617746353
8978,2.582499049603939
8979,2.8009892776608467
8980,2.7459403201937675
8981,2.480753906071186
8982,2.8674890026450157
8983,2.8309095352888107
8984,2.637846440076828
8985,3.4135557115077972
8986,3.119639925658703
8987,2.828181654214859
8988,3.3317357525229454
8989,3.9822567254304886
8990,7.113192975521088
8991,5.55096960067749
8992,4.207812577486038
8993,5.837396264076233
8994,4.977678954601288
8995,4.779442578554153
8996,4.872524678707123
8997,5.8329877108335495
8998,8.444387376308441
8999,6.941223502159119
9000,6.3485331535339355
9001,4.7503761649131775
9002,4.507964760065079
9003,4.1094807386398315
9004,3.7275843769311905
9005,3.9883133620023727
9006,3.3147484436631203
9007,3.0840175598859787
9008,2.958910681307316
9009,3.2607602775096893
9010,3.0189944952726364
9011,3.7578985542058945
9012,3.0995472222566605
9013,3.1830918341875076
9014,3.023785799741745
9015,2.8014988228678703
9016,2.824244946241379
9017,2.6384252160787582
9018,2.3375192508101463
9019,2.819940224289894
9020,2.607402555644512
9021,2.4639548882842064
9022,2.4403711780905724
9023,2.4983830600976944
9024,2.501315340399742
9025,2.41331896930933
9026,2.707680508494377
9027,2.251649670302868
9028,2.5117634534835815
9029,2.507216289639473
9030,2.5513080954551697
9031,2.536986857652664
9032,3.025825187563896
9033,2.7391957342624664
9034,2.5255710929632187
9035,2.9420087039470673
9036,3.1365436390042305
9037,2.788235329091549
9038,2.7151521742343903
9039,2.6707686334848404
9040,2.608211040496826
9041,2.7994693890213966
9042,2.481897108256817
9043,2.5134746581315994
9044,2.3470705449581146
9045,2.1879045739769936
9046,2.630124971270561
9047,2.5596222281455994
9048,2.364300936460495
9049,2.1359685361385345
9050,2.38928035646677
9051,2.2444442361593246
9052,2.2762603983283043
9053,2.212988205254078
9054,2.376320667564869
9055,2.1259464472532272
9056,2.0639696568250656
9057,1.923407532274723
9058,1.9603141769766808
9059,1.9672634452581406
9060,1.8804540485143661
9061,2.0401703491806984
9062,1.9314264431595802
9063,2.636384032666683
9064,2.2548339664936066
9065,2.0963926687836647
9066,2.399684213101864
9067,2.6302582025527954
9068,2.3980124071240425
9069,2.549356758594513
9070,2.863943949341774
9071,7.1889185309410095
9072,7.1345764100551605
9073,7.623849153518677
9074,6.158604025840759
9075,5.7396595776081085
9076,5.371220618486404
9077,4.591593503952026
9078,4.275998115539551
9079,3.9208262264728546
9080,3.5726006031036377
9081,2.9714571684598923
9082,3.1981767266988754
9083,3.0184804797172546
9084,2.989052787423134
9085,2.927187293767929
9086,2.587571606040001
9087,2.9934729114174843
9088,2.937728926539421
9089,2.6079040318727493
9090,2.717185638844967
9091,2.7519056648015976
9092,2.5258820727467537
9093,2.505155995488167
9094,2.3037533164024353
9095,2.3062291741371155
9096,2.257362425327301
9097,47.27789095044136
9098,47.15906476974487
9099,37.70185470581055
9100,30.60868239402771
9101,24.674779653549194
9102,21.32205617427826
9103,15.24644148349762
9104,11.540625810623169
9105,7.685683846473694
9106,5.545172959566116
9107,4.79200667142868
9108,4.286313280463219
9109,3.7640945315361023
9110,3.459892362356186
9111,3.320036694407463
9112,3.1764939203858376
9113,2.691011279821396
9114,4.126741424202919
9115,2.6867514103651047
9116,2.877357706427574
9117,4.013528272509575
9118,3.1311130672693253
9119,2.8341748043894768
9120,2.6422071382403374
9121,3.271043226122856
9122,2.7222177758812904
9123,2.8312391340732574
9124,2.884607158601284
9125,2.4883897230029106
9126,3.1746251434087753
9127,4.481083191931248
9128,2.6064130440354347
9129,2.2815781459212303
9130,2.135216899216175
9131,2.175308406352997
9132,2.189778931438923
9133,2.0686362236738205
9134,2.07488464564085
9135,2.0418057665228844
9136,2.105885699391365
9137,2.5212512090802193
9138,2.2237637415528297
9139,1.8030198141932487
9140,1.9296116158366203
9141,5.182881578803062
9142,2.837923511862755
9143,3.200123868882656
9144,2.459522858262062
9145,2.475918561220169
9146,2.040128156542778
9147,2.010625943541527
9148,1.8241930902004242
9149,1.9096600711345673
9150,1.615374930202961
9151,4.946203611791134
9152,1.7068323567509651
9153,1.7069364860653877
9154,1.6866556107997894
9155,1.4821958914399147
9156,1.8329168260097504
9157,1.6560348458588123
9158,1.4449745491147041
9159,1.4271351546049118
9160,1.2836816906929016
9161,1.2892685532569885
9162,1.2794460579752922
9163,1.3907921239733696
9164,1.2801984623074532
9165,1.3050258681178093
9166,1.3872486054897308
9167,1.3649063780903816
9168,1.2664200365543365
9169,1.2257660254836082
9170,1.3101647160947323
9171,1.2239569090306759
9172,1.285878125578165
9173,1.2555128186941147
9174,1.4592441469430923
9175,1.3549436330795288
9176,1.3595867455005646
9177,1.3023774772882462
9178,1.764537900686264
9179,2.084548979997635
9180,1.411877304315567
9181,1.332000344991684
9182,1.2883664295077324
9183,1.7502558678388596
9184,1.3534629195928574
9185,1.3296460770070553
9186,1.3196850270032883
9187,1.249393492937088
9188,1.2658338472247124
9189,1.224935445934534
9190,1.2895940989255905
9191,1.253684900701046
9192,1.2798629999160767
9193,1.4746705777943134
9194,1.2401284873485565
9195,1.2196533009409904
9196,1.1195746213197708
9197,1.7785286754369736
9198,1.4627913236618042
9199,5.20852817595005
9200,1.5379600077867508
9201,1.7969326078891754
9202,1.5653639063239098
9203,1.5182137042284012
9204,1.4056621044874191
9205,1.3795038536190987
9206,1.3314473554491997
9207,1.3145979568362236
9208,1.148222841322422
9209,1.2188978344202042
9210,1.2371740341186523
9211,1.1318608298897743
9212,1.3167940452694893
9213,1.3345698416233063
9214,1.2688315138220787
9215,1.8759433925151825
9216,1.714109018445015
9217,1.6381838023662567
9218,1.9336187988519669
9219,2.6586181968450546
9220,1.4177071452140808
9221,1.328674741089344
9222,1.564916342496872
9223,1.4519898816943169
9224,1.1235694512724876
9225,1.1044622659683228
9226,1.256206601858139
9227,1.1821826323866844
9228,1.149293765425682
9229,1.0094988718628883
9230,1.0588921681046486
9231,1.1537693962454796
9232,0.9797597825527191
9233,1.6692317947745323
9234,1.0248568505048752
9235,0.9962442070245743
9236,1.3712819963693619
9237,1.176359623670578
9238,1.0881945043802261
9239,1.1106546819210052
9240,0.9552182927727699
9241,1.1141716837882996
9242,0.9393583796918392
9243,1.110561728477478
9244,1.0822292119264603
9245,1.1201188787817955
9246,1.2280967235565186
9247,1.1595173999667168
9248,1.3223401382565498
9249,1.2729599550366402
9250,1.3627616688609123
9251,1.3005861267447472
9252,1.6776492521166801
9253,5.211409389972687
9254,3.0840140879154205
9255,3.1234188973903656
9256,3.649733245372772
9257,3.2077415734529495
9258,2.1249644607305527
9259,2.1019298285245895
9260,3.6013826429843903
9261,5.402868092060089
9262,16.141669869422913
9263,12.18973708152771
9264,9.298566579818726
9265,8.492084801197052
9266,6.378784239292145
9267,5.478167116641998
9268,4.1324610114097595
9269,3.3544329404830933
9270,2.6460782289505005
9271,2.1352811455726624
9272,1.8591785281896591
9273,1.6312893480062485
9274,1.4488317668437958
9275,1.278983473777771
9276,1.4271886497735977
9277,1.1148400083184242
9278,1.0164507552981377
9279,1.4653454273939133
9280,1.1737659648060799
9281,1.2407269477844238
9282,1.2366145700216293
9283,1.2114066556096077
9284,1.0785123631358147
9285,1.1750470697879791
9286,1.1027831584215164
9287,1.0751046165823936
9288,0.8533110246062279
9289,0.8039143085479736
9290,0.9551307559013367
9291,0.7754706293344498
9292,0.9331644847989082
9293,0.8319194428622723
9294,2.3828687891364098
9295,5.050642937421799
9296,5.410726398229599
9297,4.266274720430374
9298,3.275215655565262
9299,2.7636576890945435
9300,2.3398642987012863
9301,2.0840217918157578
9302,1.8072626441717148
9303,1.757975772023201
9304,1.5178818851709366
9305,1.412547305226326
9306,1.8070796728134155
9307,1.6008310765028
9308,1.5531089156866074
9309,1.601522907614708
9310,1.5811144635081291
9311,1.5853401646018028
9312,1.2920233458280563
9313,1.3289024233818054
9314,2.646271377801895
9315,1.4050758332014084
9316,1.3318741470575333
9317,1.656042329967022
9318,1.2859229072928429
9319,1.1415512710809708
9320,1.1104610189795494
9321,1.061979666352272
9322,1.0186291337013245
9323,0.8457929790019989
9324,1.1059981659054756
9325,1.8322473168373108
9326,1.2143078446388245
9327,2.5182559862732887
9328,1.678184598684311
9329,1.2427717745304108
9330,1.4678480476140976
9331,1.213319681584835
9332,1.3131112828850746
9333,1.1033948883414268
9334,1.0640600845217705
9335,1.0184477269649506
9336,0.9917138963937759
9337,0.9527213275432587
9338,0.9648531451821327
9339,0.9357679560780525
9340,1.1913755759596825
9341,0.9487515538930893
9342,0.8455101251602173
9343,0.8714461103081703
9344,0.9917847290635109
9345,1.2598423287272453
9346,0.9958238005638123
9347,0.9151000902056694
9348,0.8518058285117149
9349,0.8279708921909332
9350,0.7235577702522278
9351,0.6736596897244453
9352,0.5929226167500019
9353,0.6169242560863495
9354,0.7101072929799557
9355,0.7177292481064796
9356,0.6753735169768333
9357,0.6977040693163872
9358,0.7355452477931976
9359,0.6632013395428658
9360,0.8604316376149654
9361,0.6704174913465977
9362,0.6692194864153862
9363,0.7125132828950882
9364,0.6652491614222527
9365,0.7411187291145325
9366,0.7483627572655678
9367,0.6850980371236801
9368,0.6781967133283615
9369,0.710263554006815
9370,1.039391465485096
9371,1.1651192605495453
9372,2.2583179622888565
9373,1.6525906920433044
9374,1.5584826171398163
9375,1.6439189612865448
9376,1.4591400474309921
9377,1.4273459613323212
9378,1.1971711069345474
9379,1.1536542251706123
9380,1.045305535197258
9381,1.0114574581384659
9382,1.0160710513591766
9383,0.8451005592942238
9384,0.8247185423970222
9385,0.9313538447022438
9386,0.9143397063016891
9387,0.9327290430665016
9388,0.8593341186642647
9389,0.8208749368786812
9390,0.8403130993247032
9391,0.7894563674926758
9392,0.8536275178194046
9393,0.9430210888385773
9394,0.8753077611327171
9395,0.9159792512655258
9396,0.9309156984090805
9397,0.8499918133020401
9398,0.8366577103734016
9399,0.8299293592572212
9400,0.880012109875679
9401,0.9122358933091164
9402,0.8535313904285431
9403,0.8893942534923553
9404,0.8849827274680138
9405,0.8677307218313217
9406,0.8689551576972008
9407,1.0102726742625237
9408,0.9273094311356544
9409,0.9911920875310898
9410,0.8956209197640419
9411,0.8714812770485878
9412,0.9215062335133553
9413,0.8468149751424789
9414,0.7749756947159767
9415,0.8210863620042801
9416,0.8263334333896637
9417,0.8613548055291176
9418,0.8216911479830742
9419,0.8771775513887405
9420,0.7791997417807579
9421,0.8692038282752037
9422,0.8562604412436485
9423,0.8132736161351204
9424,0.810183972120285
9425,0.7997753471136093
9426,0.7569829300045967
9427,0.7710364833474159
9428,0.7571033015847206
9429,0.736462265253067
9430,0.7025950998067856
9431,0.7856376096606255
9432,0.730849139392376
9433,0.7430077493190765
9434,0.7092686295509338
9435,0.6970304101705551
9436,0.6967938020825386
9437,0.6266656331717968
9438,0.6981626227498055
9439,0.7199308648705482
9440,0.7373357489705086
9441,0.6784251928329468
9442,0.7177021279931068
9443,0.6580842956900597
9444,0.6902013793587685
9445,0.5979492142796516
9446,0.7203022837638855
9447,0.7490310966968536
9448,0.7357637137174606
9449,3.460975155234337
9450,1.8742031529545784
9451,0.970309391617775
9452,0.929881252348423
9453,0.9095308929681778
9454,0.8278737217187881
9455,0.9651285484433174
9456,0.8989563137292862
9457,18.086721181869507
9458,2.7565829902887344
9459,3.087699145078659
9460,3.1882677376270294
9461,3.247732639312744
9462,2.897932529449463
9463,2.804772973060608
9464,2.8165124356746674
9465,2.5242146998643875
9466,2.4523636400699615
9467,2.3096078038215637
9468,2.134801998734474
9469,2.044554442167282
9470,1.8662437796592712
9471,12.105148613452911
9472,16.931229650974274
9473,10.873213052749634
9474,8.883198320865631
9475,8.502936065196991
9476,8.837592840194702
9477,8.517232418060303
9478,6.792981803417206
9479,6.13167268037796
9480,4.489355832338333
9481,3.7809693217277527
9482,3.2198533713817596
9483,2.6139263659715652
9484,2.2886904031038284
9485,2.1819762885570526
9486,1.6155242770910263
9487,2.3730240017175674
9488,1.5835399776697159
9489,1.2879358381032944
9490,1.0939335897564888
9491,1.0613733977079391
9492,1.0573092922568321
9493,0.8596718236804008
9494,0.8278980627655983
9495,1.2210154719650745
9496,2.3378249779343605
9497,1.3080832213163376
9498,1.362463817000389
9499,1.33145359903574
9500,2.9956052154302597
9501,1.676078885793686
9502,1.4340106546878815
9503,1.39139024913311
9504,1.4382680281996727
9505,1.278586894273758
9506,1.1304100826382637
9507,1.7477440312504768
9508,6.641746371984482
9509,17.667147666215897
9510,7.190598368644714
9511,6.24496391415596
9512,4.808008193969727
9513,4.757537215948105
9514,3.4143541157245636
9515,3.441549077630043
9516,2.7322335094213486
9517,2.2092233300209045
9518,2.2435922622680664
9519,1.7424952536821365
9520,1.495158426463604
9521,1.2395085394382477
9522,9.632951572537422
9523,2.9039671942591667
9524,2.3478191196918488
9525,1.8648586347699165
9526,1.492852583527565
9527,1.3661621287465096
9528,1.1174708157777786
9529,1.0559952408075333
9530,1.413514755666256
9531,1.098320595920086
9532,1.0868161916732788
9533,0.9695820659399033
9534,3.54051299020648
9535,1.218722403049469
9536,2.2095799446105957
9537,1.9196000322699547
9538,1.7154538929462433
9539,1.6845292448997498
9540,1.5764961913228035
9541,1.2230191677808762
9542,1.0998240411281586
9543,0.9888888671994209
9544,0.8293012529611588
9545,0.7237608358263969
9546,0.8656042367219925
9547,0.7246345467865467
9548,0.7482378929853439
9549,0.6398753821849823
9550,0.70638807117939
9551,0.6384566202759743
9552,1.334153451025486
9553,0.8081537447869778
9554,0.6359770447015762
9555,0.636390820145607
9556,0.5952190831303596
9557,0.6381320953369141
9558,3.0181098841130733
9559,10.08211100101471
9560,10.221266210079193
9561,13.66675466299057
9562,6.4413657784461975
9563,5.459903359413147
9564,4.825919538736343
9565,3.7472082674503326
9566,3.1936371624469757
9567,2.400615304708481
9568,1.8264733105897903
9569,1.4435281455516815
9570,1.27761822193861
9571,1.039502590894699
9572,3.3965693786740303
9573,1.0741877630352974
9574,1.100972019135952
9575,0.9682269766926765
9576,0.9473376646637917
9577,0.8933693543076515
9578,0.7281943336129189
9579,0.7143362835049629
9580,1.0085043087601662
9581,0.94277448579669
9582,7.645476192235947
9583,2.9151527136564255
9584,2.459232524037361
9585,2.5613177716732025
9586,1.8491347134113312
9587,1.7215756177902222
9588,1.4159509018063545
9589,1.158759891986847
9590,0.9103422611951828
9591,0.8127275258302689
9592,2.2066874019801617
9593,0.7697117254137993
9594,2.03227636218071
9595,1.5453944616019726
9596,1.0781539045274258
9597,1.0169964954257011
9598,0.8847512677311897
9599,0.8534782901406288
9600,1.5205456800758839
9601,0.7640281803905964
9602,3.258155982941389
9603,16.203858971595764
9604,12.452859044075012
9605,11.390078127384186
9606,9.389841854572296
9607,7.6367440819740295
9608,5.692269802093506
9609,4.843693435192108
9610,3.766597270965576
9611,3.2629104405641556
9612,2.9823784679174423
9613,2.6835833340883255
9614,2.3382279723882675
9615,2.163054719567299
9616,1.9318647682666779
9617,2.0928601026535034
9618,1.7958456799387932
9619,1.9337986037135124
9620,1.9202529191970825
9621,1.959449365735054
9622,2.116933986544609
9623,2.7268432155251503
9624,2.2076704502105713
9625,2.3567022383213043
9626,2.0749341249465942
9627,4.048410698771477
9628,2.8687271773815155
9629,3.1385677605867386
9630,2.9443222284317017
9631,2.8262372612953186
9632,2.4901592433452606
9633,2.154557943344116
9634,2.0791256427764893
9635,5.191259928047657
9636,1.8689743429422379
9637,1.7699392065405846
9638,1.7007321640849113
9639,1.7633846327662468
9640,1.709609568119049
9641,5.046190582215786
9642,2.64242422580719
9643,1.8786302357912064
9644,1.6958421096205711
9645,1.8012377545237541
9646,1.5429609790444374
9647,2.664402835071087
9648,3.4010227397084236
9649,1.6622591763734818
9650,1.7137037813663483
9651,4.1116064339876175
9652,4.460396513342857
9653,3.069631740450859
9654,2.83624704182148
9655,2.5745230466127396
9656,5.500500991940498
9657,2.101872995495796
9658,3.657807022333145
9659,4.7599301636219025
9660,4.524840027093887
9661,3.6944084763526917
9662,3.4680811762809753
9663,10.962088286876678
9664,6.736431837081909
9665,15.485558837652206
9666,10.735759556293488
9667,13.769010841846466
9668,40.53687196969986
9669,24.024901390075684
9670,20.595446586608887
9671,17.75103211402893
9672,11.78164154291153
9673,9.92895558476448
9674,10.422952026128769
9675,6.890785902738571
9676,8.345279723405838
9677,5.991440087556839
9678,8.008933663368225
9679,5.81791889667511
9680,5.047986418008804
9681,8.156446054577827
9682,4.651002541184425
9683,4.359880819916725
9684,4.2300655618309975
9685,4.156970642507076
9686,4.26763466745615
9687,21.866169668734074
9688,15.081947445869446
9689,9.03447961807251
9690,8.785450041294098
9691,9.272122740745544
9692,8.140622854232788
9693,6.423619270324707
9694,6.195902943611145
9695,4.43470673263073
9696,5.898037254810333
9697,24.85792665183544
9698,54.83668839931488
9699,19.147505283355713
9700,16.874979972839355
9701,13.80105710029602
9702,11.494588375091553
9703,9.265055119991302
9704,10.354706972837448
9705,8.517008274793625
9706,5.803976505994797
9707,7.536039441823959
9708,7.245812818408012
9709,5.331644788384438
9710,5.2550919353961945
9711,6.410594195127487
9712,4.078182727098465
9713,4.954394154250622
9714,8.576467648148537
9715,4.172346249222755
9716,3.833224907517433
9717,4.018827311694622
9718,3.7362393960356712
9719,3.815102368593216
9720,5.386825278401375
9721,6.988411515951157
9722,4.361060805618763
9723,3.439160369336605
9724,3.9526555463671684
9725,5.3047637566924095
9726,3.3885952308773994
9727,5.09313752502203
9728,20.975670844316483
9729,9.12651401758194
9730,6.249203056097031
9731,7.692782998085022
9732,6.50122007727623
9733,5.506881073117256
9734,4.248815193772316
9735,5.548462420701981
9736,6.542433753609657
9737,4.813908144831657
9738,4.223211571574211
9739,3.0204729437828064
9740,3.7337296158075333
9741,10.483944296836853
9742,12.759906470775604
9743,10.056048929691315
9744,8.399937510490417
9745,7.777752459049225
9746,6.319738119840622
9747,5.666485249996185
9748,4.712319880723953
9749,3.6093491911888123
9750,5.043618768453598
9751,3.8071673065423965
9752,3.1222374588251114
9753,7.850517928600311
9754,2.7642678916454315
9755,3.8226534724235535
9756,2.8176663666963577
9757,3.6555801033973694
9758,2.7080529779195786
9759,2.5343130975961685
9760,2.9632159173488617
9761,2.0710940584540367
9762,2.090519741177559
9763,2.075544409453869
9764,1.7396809235215187
9765,1.9919288381934166
9766,1.7645573131740093
9767,1.7653977237641811
9768,1.771777294576168
9769,1.493858240544796
9770,1.7286632135510445
9771,1.7087043896317482
9772,1.5960055813193321
9773,2.5604073256254196
9774,1.9346420168876648
9775,1.987689420580864
9776,3.0010943301022053
9777,1.8218834400177002
9778,2.425947830080986
9779,1.7506703436374664
9780,1.8513607382774353
9781,1.600211426615715
9782,1.509870957583189
9783,1.5071512460708618
9784,2.4068212136626244
9785,1.5275364220142365
9786,1.5153859071433544
9787,1.364428237080574
9788,1.3032300919294357
9789,1.3050995655357838
9790,2.0553380735218525
9791,1.4284200072288513
9792,1.1832772679626942
9793,1.196803517639637
9794,1.2029995657503605
9795,1.2274212576448917
9796,1.309109915047884
9797,3.340637192130089
9798,1.2115005515515804
9799,2.0360179394483566
9800,1.6036876663565636
9801,1.4759739451110363
9802,1.8965178169310093
9803,1.2092689909040928
9804,1.179094411432743
9805,1.4165863320231438
9806,2.131867952644825
9807,1.2827294692397118
9808,1.570830412209034
9809,1.270746923983097
9810,1.588148221373558
9811,1.5545232445001602
9812,1.5700227655470371
9813,3.3658236488699913
9814,4.501897729933262
9815,3.5533969551324844
9816,3.5757398903369904
9817,2.751740023493767
9818,2.9366591572761536
9819,3.3258101791143417
9820,11.003427147865295
9821,4.007640495896339
9822,2.649465650320053
9823,4.074460923671722
9824,3.27292812615633
9825,2.743527762591839
9826,3.0389541760087013
9827,1.952738307416439
9828,1.6852272152900696
9829,1.6948846690356731
9830,1.5992528200149536
9831,1.3420573025941849
9832,6.676818020641804
9833,2.7592257782816887
9834,4.414386637508869
9835,2.73317152261734
9836,2.0812363624572754
9837,2.682998038828373
9838,1.960716962814331
9839,1.7819362059235573
9840,1.444824293255806
9841,1.5051450058817863
9842,2.70519208163023
9843,1.7271055057644844
9844,1.6850008852779865
9845,1.743287704885006
9846,1.3986534364521503
9847,1.315924495458603
9848,2.057939611375332
9849,1.9720759391784668
9850,1.2485317923128605
9851,1.2596768215298653
9852,1.3317265808582306
9853,1.1712616086006165
9854,2.161113064736128
9855,1.16714046895504
9856,6.327874094247818
9857,2.3379246667027473
9858,2.8904526457190514
9859,2.0547242760658264
9860,2.6951638385653496
9861,1.7739457413554192
9862,1.646388128399849
9863,2.1047047153115273
9864,1.5340339913964272
9865,2.0501147136092186
9866,2.0508502684533596
9867,2.2038399390876293
9868,1.1725627556443214
9869,1.3353822603821754
9870,1.0978471599519253
9871,1.9406456351280212
9872,1.6376256048679352
9873,1.1077181436121464
9874,1.0788125582039356
9875,1.039584506303072
9876,1.3648087680339813
9877,1.9498397260904312
9878,1.270842220634222
9879,1.729077447205782
9880,1.8147498443722725
9881,0.9737090915441513
9882,1.0799953192472458
9883,1.8881437666714191
9884,1.6215483471751213
9885,0.9599189348518848
9886,1.7358315661549568
9887,1.6926805600523949
9888,1.6873280331492424
9889,1.547777958214283
9890,0.9710493013262749
9891,1.8335257545113564
9892,1.6355675384402275
9893,1.145333431661129
9894,1.6977108642458916
9895,1.5010364577174187
9896,1.4307630807161331
9897,1.687250941991806
9898,0.8815447613596916
9899,1.6466958224773407
9900,29.104211062192917
9901,12.95153534412384
9902,15.853527635335922
9903,9.95616027712822
9904,8.813790261745453
9905,9.198872685432434
9906,9.42167580127716
9907,6.999518841505051
9908,8.106018960475922
9909,5.909265875816345
9910,17.262180387973785
9911,12.459830045700073
9912,11.109882831573486
9913,9.825885891914368
9914,7.7451171875
9915,6.537955582141876
9916,5.665244847536087
9917,4.852507263422012
9918,4.690936714410782
9919,3.980504095554352
9920,4.126543805003166
9921,5.50385707616806
9922,4.222101956605911
9923,3.8866569846868515
9924,3.8121548891067505
9925,3.748188480734825
9926,4.65837337076664
9927,3.4579994082450867
9928,3.275968223810196
9929,3.1691547483205795
9930,3.1200431883335114
9931,2.8683336973190308
9932,2.8788338899612427
9933,2.83210401982069
9934,2.7230328917503357
9935,2.8783877566456795
9936,2.6983536928892136
9937,2.708005301654339
9938,2.8546257317066193
9939,2.5133960470557213
9940,2.2851406037807465
9941,2.447893612086773
9942,2.8144861683249474
9943,2.5213224664330482
9944,2.523931048810482
9945,2.2670891657471657
9946,2.483221784234047
9947,2.220001608133316
9948,2.170795723795891
9949,2.265861764550209
9950,2.517986338585615
9951,2.249795511364937
9952,2.2383352369070053
9953,2.2734801843762398
9954,3.081393890082836
9955,3.5206013545393944
9956,2.5659398958086967
9957,3.4280187636613846
9958,2.8743525594472885
9959,2.8792677372694016
9960,4.183242440223694
9961,2.7308489382267
9962,2.3220405653119087
9963,3.096499763429165
9964,3.185838371515274
9965,2.788794845342636
9966,2.876085050404072
9967,6.420107364654541
9968,5.018403381109238
9969,4.310387209057808
9970,3.9481121003627777
9971,3.6813815981149673
9972,3.7286631017923355
9973,3.050658643245697
9974,3.1297298967838287
9975,2.808741331100464
9976,2.560607463121414
9977,2.7195086926221848
9978,2.4333774745464325
9979,2.418903388082981
9980,2.1648722290992737
9981,4.041269153356552
9982,2.1319606006145477
9983,2.0969842299818993
9984,2.1056034937500954
9985,1.847072184085846
9986,1.7644711881875992
9987,1.7946092933416367
9988,1.7267622351646423
9989,1.7979719191789627
9990,1.549703024327755
9991,1.5739562585949898
9992,1.5559822842478752
9993,1.889925755560398
9994,1.5567119345068932
9995,1.807904314249754
9996,2.3652692399919033
9997,1.6229279190301895
9998,1.516260378062725
9999,1.7787611410021782
